campaign_id,campaign_name,campaign_type,channel_id,start_date,end_date
CA00001,SummerPush,Seasonal,CH0003,2026-04-15,2026-06-15
CA00002,BackToSchool,Seasonal,CH0001,2026-07-15,2026-08-31
CA00003,VIPRetention,Retention,CH0002,2026-05-01,2026-05-31
CA00004,FlashWeek,Flash,CH0004,2026-05-10,2026-05-17
CA00005,Campaign_00005,Retention,CH0001,2026-01-06,2026-02-05
CA00006,Campaign_00006,Flash,CH0002,2026-01-07,2026-02-06
CA00007,Campaign_00007,Acquisition,CH0003,2026-01-08,2026-02-07
CA00008,Campaign_00008,Seasonal,CH0004,2026-01-09,2026-02-08
CA00009,Campaign_00009,Retention,CH0001,2026-01-10,2026-02-09
CA00010,Campaign_00010,Flash,CH0002,2026-01-11,2026-02-10
CA00011,Campaign_00011,Acquisition,CH0003,2026-01-12,2026-02-11
CA00012,Campaign_00012,Seasonal,CH0004,2026-01-13,2026-02-12
CA00013,Campaign_00013,Retention,CH0001,2026-01-14,2026-02-13
CA00014,Campaign_00014,Flash,CH0002,2026-01-15,2026-02-14
CA00015,Campaign_00015,Acquisition,CH0003,2026-01-16,2026-02-15
CA00016,Campaign_00016,Seasonal,CH0004,2026-01-17,2026-02-16
CA00017,Campaign_00017,Retention,CH0001,2026-01-18,2026-02-17
CA00018,Campaign_00018,Flash,CH0002,2026-01-19,2026-02-18
CA00019,Campaign_00019,Acquisition,CH0003,2026-01-20,2026-02-19
CA00020,Campaign_00020,Seasonal,CH0004,2026-01-21,2026-02-20
CA00021,Campaign_00021,Retention,CH0001,2026-01-22,2026-02-21
CA00022,Campaign_00022,Flash,CH0002,2026-01-23,2026-02-22
CA00023,Campaign_00023,Acquisition,CH0003,2026-01-24,2026-02-23
CA00024,Campaign_00024,Seasonal,CH0004,2026-01-25,2026-02-24
CA00025,Campaign_00025,Retention,CH0001,2026-01-26,2026-02-25
CA00026,Campaign_00026,Flash,CH0002,2026-01-27,2026-02-26
CA00027,Campaign_00027,Acquisition,CH0003,2026-01-28,2026-02-27
CA00028,Campaign_00028,Seasonal,CH0004,2026-01-29,2026-02-28
CA00029,Campaign_00029,Retention,CH0001,2026-01-30,2026-03-01
CA00030,Campaign_00030,Flash,CH0002,2026-01-31,2026-03-02
CA00031,Campaign_00031,Acquisition,CH0003,2026-02-01,2026-03-03
CA00032,Campaign_00032,Seasonal,CH0004,2026-02-02,2026-03-04
CA00033,Campaign_00033,Retention,CH0001,2026-02-03,2026-03-05
CA00034,Campaign_00034,Flash,CH0002,2026-02-04,2026-03-06
CA00035,Campaign_00035,Acquisition,CH0003,2026-02-05,2026-03-07
CA00036,Campaign_00036,Seasonal,CH0004,2026-02-06,2026-03-08
CA00037,Campaign_00037,Retention,CH0001,2026-02-07,2026-03-09
CA00038,Campaign_00038,Flash,CH0002,2026-02-08,2026-03-10
CA00039,Campaign_00039,Acquisition,CH0003,2026-02-09,2026-03-11
CA00040,Campaign_00040,Seasonal,CH0004,2026-02-10,2026-03-12
CA00041,Campaign_00041,Retention,CH0001,2026-02-11,2026-03-13
CA00042,Campaign_00042,Flash,CH0002,2026-02-12,2026-03-14
CA00043,Campaign_00043,Acquisition,CH0003,2026-02-13,2026-03-15
CA00044,Campaign_00044,Seasonal,CH0004,2026-02-14,2026-03-16
CA00045,Campaign_00045,Retention,CH0001,2026-02-15,2026-03-17
CA00046,Campaign_00046,Flash,CH0002,2026-02-16,2026-03-18
CA00047,Campaign_00047,Acquisition,CH0003,2026-02-17,2026-03-19
CA00048,Campaign_00048,Seasonal,CH0004,2026-02-18,2026-03-20
CA00049,Campaign_00049,Retention,CH0001,2026-02-19,2026-03-21
CA00050,Campaign_00050,Flash,CH0002,2026-02-20,2026-03-22
CA00051,Campaign_00051,Acquisition,CH0003,2026-02-21,2026-03-23
CA00052,Campaign_00052,Seasonal,CH0004,2026-02-22,2026-03-24
CA00053,Campaign_00053,Retention,CH0001,2026-02-23,2026-03-25
CA00054,Campaign_00054,Flash,CH0002,2026-02-24,2026-03-26
CA00055,Campaign_00055,Acquisition,CH0003,2026-02-25,2026-03-27
CA00056,Campaign_00056,Seasonal,CH0004,2026-02-26,2026-03-28
CA00057,Campaign_00057,Retention,CH0001,2026-02-27,2026-03-29
CA00058,Campaign_00058,Flash,CH0002,2026-02-28,2026-03-30
CA00059,Campaign_00059,Acquisition,CH0003,2026-03-01,2026-03-31
CA00060,Campaign_00060,Seasonal,CH0004,2026-03-02,2026-04-01
CA00061,Campaign_00061,Retention,CH0001,2026-03-03,2026-04-02
CA00062,Campaign_00062,Flash,CH0002,2026-03-04,2026-04-03
CA00063,Campaign_00063,Acquisition,CH0003,2026-03-05,2026-04-04
CA00064,Campaign_00064,Seasonal,CH0004,2026-03-06,2026-04-05
CA00065,Campaign_00065,Retention,CH0001,2026-03-07,2026-04-06
CA00066,Campaign_00066,Flash,CH0002,2026-03-08,2026-04-07
CA00067,Campaign_00067,Acquisition,CH0003,2026-03-09,2026-04-08
CA00068,Campaign_00068,Seasonal,CH0004,2026-03-10,2026-04-09
CA00069,Campaign_00069,Retention,CH0001,2026-03-11,2026-04-10
CA00070,Campaign_00070,Flash,CH0002,2026-03-12,2026-04-11
CA00071,Campaign_00071,Acquisition,CH0003,2026-03-13,2026-04-12
CA00072,Campaign_00072,Seasonal,CH0004,2026-03-14,2026-04-13
CA00073,Campaign_00073,Retention,CH0001,2026-03-15,2026-04-14
CA00074,Campaign_00074,Flash,CH0002,2026-03-16,2026-04-15
CA00075,Campaign_00075,Acquisition,CH0003,2026-03-17,2026-04-16
CA00076,Campaign_00076,Seasonal,CH0004,2026-03-18,2026-04-17
CA00077,Campaign_00077,Retention,CH0001,2026-03-19,2026-04-18
CA00078,Campaign_00078,Flash,CH0002,2026-03-20,2026-04-19
CA00079,Campaign_00079,Acquisition,CH0003,2026-03-21,2026-04-20
CA00080,Campaign_00080,Seasonal,CH0004,2026-03-22,2026-04-21
CA00081,Campaign_00081,Retention,CH0001,2026-03-23,2026-04-22
CA00082,Campaign_00082,Flash,CH0002,2026-03-24,2026-04-23
CA00083,Campaign_00083,Acquisition,CH0003,2026-03-25,2026-04-24
CA00084,Campaign_00084,Seasonal,CH0004,2026-03-26,2026-04-25
CA00085,Campaign_00085,Retention,CH0001,2026-03-27,2026-04-26
CA00086,Campaign_00086,Flash,CH0002,2026-03-28,2026-04-27
CA00087,Campaign_00087,Acquisition,CH0003,2026-03-29,2026-04-28
CA00088,Campaign_00088,Seasonal,CH0004,2026-03-30,2026-04-29
CA00089,Campaign_00089,Retention,CH0001,2026-03-31,2026-04-30
CA00090,Campaign_00090,Flash,CH0002,2026-04-01,2026-05-01
CA00091,Campaign_00091,Acquisition,CH0003,2026-04-02,2026-05-02
CA00092,Campaign_00092,Seasonal,CH0004,2026-04-03,2026-05-03
CA00093,Campaign_00093,Retention,CH0001,2026-04-04,2026-05-04
CA00094,Campaign_00094,Flash,CH0002,2026-04-05,2026-05-05
CA00095,Campaign_00095,Acquisition,CH0003,2026-04-06,2026-05-06
CA00096,Campaign_00096,Seasonal,CH0004,2026-04-07,2026-05-07
CA00097,Campaign_00097,Retention,CH0001,2026-04-08,2026-05-08
CA00098,Campaign_00098,Flash,CH0002,2026-04-09,2026-05-09
CA00099,Campaign_00099,Acquisition,CH0003,2026-04-10,2026-05-10
CA00100,Campaign_00100,Seasonal,CH0004,2026-04-11,2026-05-11
CA00101,Campaign_00101,Retention,CH0001,2026-04-12,2026-05-12
CA00102,Campaign_00102,Flash,CH0002,2026-04-13,2026-05-13
CA00103,Campaign_00103,Acquisition,CH0003,2026-04-14,2026-05-14
CA00104,Campaign_00104,Seasonal,CH0004,2026-04-15,2026-05-15
CA00105,Campaign_00105,Retention,CH0001,2026-04-16,2026-05-16
CA00106,Campaign_00106,Flash,CH0002,2026-04-17,2026-05-17
CA00107,Campaign_00107,Acquisition,CH0003,2026-04-18,2026-05-18
CA00108,Campaign_00108,Seasonal,CH0004,2026-04-19,2026-05-19
CA00109,Campaign_00109,Retention,CH0001,2026-04-20,2026-05-20
CA00110,Campaign_00110,Flash,CH0002,2026-04-21,2026-05-21
CA00111,Campaign_00111,Acquisition,CH0003,2026-04-22,2026-05-22
CA00112,Campaign_00112,Seasonal,CH0004,2026-04-23,2026-05-23
CA00113,Campaign_00113,Retention,CH0001,2026-04-24,2026-05-24
CA00114,Campaign_00114,Flash,CH0002,2026-04-25,2026-05-25
CA00115,Campaign_00115,Acquisition,CH0003,2026-04-26,2026-05-26
CA00116,Campaign_00116,Seasonal,CH0004,2026-04-27,2026-05-27
CA00117,Campaign_00117,Retention,CH0001,2026-04-28,2026-05-28
CA00118,Campaign_00118,Flash,CH0002,2026-04-29,2026-05-29
CA00119,Campaign_00119,Acquisition,CH0003,2026-04-30,2026-05-30
CA00120,Campaign_00120,Seasonal,CH0004,2026-05-01,2026-05-31
CA00121,Campaign_00121,Retention,CH0001,2026-05-02,2026-06-01
CA00122,Campaign_00122,Flash,CH0002,2026-05-03,2026-06-02
CA00123,Campaign_00123,Acquisition,CH0003,2026-05-04,2026-06-03
CA00124,Campaign_00124,Seasonal,CH0004,2026-05-05,2026-06-04
CA00125,Campaign_00125,Retention,CH0001,2026-05-06,2026-06-05
CA00126,Campaign_00126,Flash,CH0002,2026-05-07,2026-06-06
CA00127,Campaign_00127,Acquisition,CH0003,2026-05-08,2026-06-07
CA00128,Campaign_00128,Seasonal,CH0004,2026-05-09,2026-06-08
CA00129,Campaign_00129,Retention,CH0001,2026-05-10,2026-06-09
CA00130,Campaign_00130,Flash,CH0002,2026-05-11,2026-06-10
CA00131,Campaign_00131,Acquisition,CH0003,2026-05-12,2026-06-11
CA00132,Campaign_00132,Seasonal,CH0004,2026-05-13,2026-06-12
CA00133,Campaign_00133,Retention,CH0001,2026-05-14,2026-06-13
CA00134,Campaign_00134,Flash,CH0002,2026-05-15,2026-06-14
CA00135,Campaign_00135,Acquisition,CH0003,2026-05-16,2026-06-15
CA00136,Campaign_00136,Seasonal,CH0004,2026-05-17,2026-06-16
CA00137,Campaign_00137,Retention,CH0001,2026-05-18,2026-06-17
CA00138,Campaign_00138,Flash,CH0002,2026-05-19,2026-06-18
CA00139,Campaign_00139,Acquisition,CH0003,2026-05-20,2026-06-19
CA00140,Campaign_00140,Seasonal,CH0004,2026-05-21,2026-06-20
CA00141,Campaign_00141,Retention,CH0001,2026-05-22,2026-06-21
CA00142,Campaign_00142,Flash,CH0002,2026-05-23,2026-06-22
CA00143,Campaign_00143,Acquisition,CH0003,2026-05-24,2026-06-23
CA00144,Campaign_00144,Seasonal,CH0004,2026-05-25,2026-06-24
CA00145,Campaign_00145,Retention,CH0001,2026-05-26,2026-06-25
CA00146,Campaign_00146,Flash,CH0002,2026-05-27,2026-06-26
CA00147,Campaign_00147,Acquisition,CH0003,2026-05-28,2026-06-27
CA00148,Campaign_00148,Seasonal,CH0004,2026-05-29,2026-06-28
CA00149,Campaign_00149,Retention,CH0001,2026-05-30,2026-06-29
CA00150,Campaign_00150,Flash,CH0002,2026-05-31,2026-06-30
CA00151,Campaign_00151,Acquisition,CH0003,2026-06-01,2026-07-01
CA00152,Campaign_00152,Seasonal,CH0004,2026-06-02,2026-07-02
CA00153,Campaign_00153,Retention,CH0001,2026-06-03,2026-07-03
CA00154,Campaign_00154,Flash,CH0002,2026-06-04,2026-07-04
CA00155,Campaign_00155,Acquisition,CH0003,2026-06-05,2026-07-05
CA00156,Campaign_00156,Seasonal,CH0004,2026-06-06,2026-07-06
CA00157,Campaign_00157,Retention,CH0001,2026-06-07,2026-07-07
CA00158,Campaign_00158,Flash,CH0002,2026-06-08,2026-07-08
CA00159,Campaign_00159,Acquisition,CH0003,2026-06-09,2026-07-09
CA00160,Campaign_00160,Seasonal,CH0004,2026-06-10,2026-07-10
CA00161,Campaign_00161,Retention,CH0001,2026-06-11,2026-07-11
CA00162,Campaign_00162,Flash,CH0002,2026-06-12,2026-07-12
CA00163,Campaign_00163,Acquisition,CH0003,2026-06-13,2026-07-13
CA00164,Campaign_00164,Seasonal,CH0004,2026-06-14,2026-07-14
CA00165,Campaign_00165,Retention,CH0001,2026-06-15,2026-07-15
CA00166,Campaign_00166,Flash,CH0002,2026-06-16,2026-07-16
CA00167,Campaign_00167,Acquisition,CH0003,2026-06-17,2026-07-17
CA00168,Campaign_00168,Seasonal,CH0004,2026-06-18,2026-07-18
CA00169,Campaign_00169,Retention,CH0001,2026-06-19,2026-07-19
CA00170,Campaign_00170,Flash,CH0002,2026-06-20,2026-07-20
CA00171,Campaign_00171,Acquisition,CH0003,2026-06-21,2026-07-21
CA00172,Campaign_00172,Seasonal,CH0004,2026-06-22,2026-07-22
CA00173,Campaign_00173,Retention,CH0001,2026-06-23,2026-07-23
CA00174,Campaign_00174,Flash,CH0002,2026-06-24,2026-07-24
CA00175,Campaign_00175,Acquisition,CH0003,2026-06-25,2026-07-25
CA00176,Campaign_00176,Seasonal,CH0004,2026-06-26,2026-07-26
CA00177,Campaign_00177,Retention,CH0001,2026-06-27,2026-07-27
CA00178,Campaign_00178,Flash,CH0002,2026-06-28,2026-07-28
CA00179,Campaign_00179,Acquisition,CH0003,2026-06-29,2026-07-29
CA00180,Campaign_00180,Seasonal,CH0004,2026-01-01,2026-01-31
CA00181,Campaign_00181,Retention,CH0001,2026-01-02,2026-02-01
CA00182,Campaign_00182,Flash,CH0002,2026-01-03,2026-02-02
CA00183,Campaign_00183,Acquisition,CH0003,2026-01-04,2026-02-03
CA00184,Campaign_00184,Seasonal,CH0004,2026-01-05,2026-02-04
CA00185,Campaign_00185,Retention,CH0001,2026-01-06,2026-02-05
CA00186,Campaign_00186,Flash,CH0002,2026-01-07,2026-02-06
CA00187,Campaign_00187,Acquisition,CH0003,2026-01-08,2026-02-07
CA00188,Campaign_00188,Seasonal,CH0004,2026-01-09,2026-02-08
CA00189,Campaign_00189,Retention,CH0001,2026-01-10,2026-02-09
CA00190,Campaign_00190,Flash,CH0002,2026-01-11,2026-02-10
CA00191,Campaign_00191,Acquisition,CH0003,2026-01-12,2026-02-11
CA00192,Campaign_00192,Seasonal,CH0004,2026-01-13,2026-02-12
CA00193,Campaign_00193,Retention,CH0001,2026-01-14,2026-02-13
CA00194,Campaign_00194,Flash,CH0002,2026-01-15,2026-02-14
CA00195,Campaign_00195,Acquisition,CH0003,2026-01-16,2026-02-15
CA00196,Campaign_00196,Seasonal,CH0004,2026-01-17,2026-02-16
CA00197,Campaign_00197,Retention,CH0001,2026-01-18,2026-02-17
CA00198,Campaign_00198,Flash,CH0002,2026-01-19,2026-02-18
CA00199,Campaign_00199,Acquisition,CH0003,2026-01-20,2026-02-19
CA00200,Campaign_00200,Seasonal,CH0004,2026-01-21,2026-02-20
CA00201,Campaign_00201,Retention,CH0001,2026-01-22,2026-02-21
CA00202,Campaign_00202,Flash,CH0002,2026-01-23,2026-02-22
CA00203,Campaign_00203,Acquisition,CH0003,2026-01-24,2026-02-23
CA00204,Campaign_00204,Seasonal,CH0004,2026-01-25,2026-02-24
CA00205,Campaign_00205,Retention,CH0001,2026-01-26,2026-02-25
CA00206,Campaign_00206,Flash,CH0002,2026-01-27,2026-02-26
CA00207,Campaign_00207,Acquisition,CH0003,2026-01-28,2026-02-27
CA00208,Campaign_00208,Seasonal,CH0004,2026-01-29,2026-02-28
CA00209,Campaign_00209,Retention,CH0001,2026-01-30,2026-03-01
CA00210,Campaign_00210,Flash,CH0002,2026-01-31,2026-03-02
CA00211,Campaign_00211,Acquisition,CH0003,2026-02-01,2026-03-03
CA00212,Campaign_00212,Seasonal,CH0004,2026-02-02,2026-03-04
CA00213,Campaign_00213,Retention,CH0001,2026-02-03,2026-03-05
CA00214,Campaign_00214,Flash,CH0002,2026-02-04,2026-03-06
CA00215,Campaign_00215,Acquisition,CH0003,2026-02-05,2026-03-07
CA00216,Campaign_00216,Seasonal,CH0004,2026-02-06,2026-03-08
CA00217,Campaign_00217,Retention,CH0001,2026-02-07,2026-03-09
CA00218,Campaign_00218,Flash,CH0002,2026-02-08,2026-03-10
CA00219,Campaign_00219,Acquisition,CH0003,2026-02-09,2026-03-11
CA00220,Campaign_00220,Seasonal,CH0004,2026-02-10,2026-03-12
CA00221,Campaign_00221,Retention,CH0001,2026-02-11,2026-03-13
CA00222,Campaign_00222,Flash,CH0002,2026-02-12,2026-03-14
CA00223,Campaign_00223,Acquisition,CH0003,2026-02-13,2026-03-15
CA00224,Campaign_00224,Seasonal,CH0004,2026-02-14,2026-03-16
CA00225,Campaign_00225,Retention,CH0001,2026-02-15,2026-03-17
CA00226,Campaign_00226,Flash,CH0002,2026-02-16,2026-03-18
CA00227,Campaign_00227,Acquisition,CH0003,2026-02-17,2026-03-19
CA00228,Campaign_00228,Seasonal,CH0004,2026-02-18,2026-03-20
CA00229,Campaign_00229,Retention,CH0001,2026-02-19,2026-03-21
CA00230,Campaign_00230,Flash,CH0002,2026-02-20,2026-03-22
CA00231,Campaign_00231,Acquisition,CH0003,2026-02-21,2026-03-23
CA00232,Campaign_00232,Seasonal,CH0004,2026-02-22,2026-03-24
CA00233,Campaign_00233,Retention,CH0001,2026-02-23,2026-03-25
CA00234,Campaign_00234,Flash,CH0002,2026-02-24,2026-03-26
CA00235,Campaign_00235,Acquisition,CH0003,2026-02-25,2026-03-27
CA00236,Campaign_00236,Seasonal,CH0004,2026-02-26,2026-03-28
CA00237,Campaign_00237,Retention,CH0001,2026-02-27,2026-03-29
CA00238,Campaign_00238,Flash,CH0002,2026-02-28,2026-03-30
CA00239,Campaign_00239,Acquisition,CH0003,2026-03-01,2026-03-31
CA00240,Campaign_00240,Seasonal,CH0004,2026-03-02,2026-04-01
CA00241,Campaign_00241,Retention,CH0001,2026-03-03,2026-04-02
CA00242,Campaign_00242,Flash,CH0002,2026-03-04,2026-04-03
CA00243,Campaign_00243,Acquisition,CH0003,2026-03-05,2026-04-04
CA00244,Campaign_00244,Seasonal,CH0004,2026-03-06,2026-04-05
CA00245,Campaign_00245,Retention,CH0001,2026-03-07,2026-04-06
CA00246,Campaign_00246,Flash,CH0002,2026-03-08,2026-04-07
CA00247,Campaign_00247,Acquisition,CH0003,2026-03-09,2026-04-08
CA00248,Campaign_00248,Seasonal,CH0004,2026-03-10,2026-04-09
CA00249,Campaign_00249,Retention,CH0001,2026-03-11,2026-04-10
CA00250,Campaign_00250,Flash,CH0002,2026-03-12,2026-04-11
CA00251,Campaign_00251,Acquisition,CH0003,2026-03-13,2026-04-12
CA00252,Campaign_00252,Seasonal,CH0004,2026-03-14,2026-04-13
CA00253,Campaign_00253,Retention,CH0001,2026-03-15,2026-04-14
CA00254,Campaign_00254,Flash,CH0002,2026-03-16,2026-04-15
CA00255,Campaign_00255,Acquisition,CH0003,2026-03-17,2026-04-16
CA00256,Campaign_00256,Seasonal,CH0004,2026-03-18,2026-04-17
CA00257,Campaign_00257,Retention,CH0001,2026-03-19,2026-04-18
CA00258,Campaign_00258,Flash,CH0002,2026-03-20,2026-04-19
CA00259,Campaign_00259,Acquisition,CH0003,2026-03-21,2026-04-20
CA00260,Campaign_00260,Seasonal,CH0004,2026-03-22,2026-04-21
CA00261,Campaign_00261,Retention,CH0001,2026-03-23,2026-04-22
CA00262,Campaign_00262,Flash,CH0002,2026-03-24,2026-04-23
CA00263,Campaign_00263,Acquisition,CH0003,2026-03-25,2026-04-24
CA00264,Campaign_00264,Seasonal,CH0004,2026-03-26,2026-04-25
CA00265,Campaign_00265,Retention,CH0001,2026-03-27,2026-04-26
CA00266,Campaign_00266,Flash,CH0002,2026-03-28,2026-04-27
CA00267,Campaign_00267,Acquisition,CH0003,2026-03-29,2026-04-28
CA00268,Campaign_00268,Seasonal,CH0004,2026-03-30,2026-04-29
CA00269,Campaign_00269,Retention,CH0001,2026-03-31,2026-04-30
CA00270,Campaign_00270,Flash,CH0002,2026-04-01,2026-05-01
CA00271,Campaign_00271,Acquisition,CH0003,2026-04-02,2026-05-02
CA00272,Campaign_00272,Seasonal,CH0004,2026-04-03,2026-05-03
CA00273,Campaign_00273,Retention,CH0001,2026-04-04,2026-05-04
CA00274,Campaign_00274,Flash,CH0002,2026-04-05,2026-05-05
CA00275,Campaign_00275,Acquisition,CH0003,2026-04-06,2026-05-06
CA00276,Campaign_00276,Seasonal,CH0004,2026-04-07,2026-05-07
CA00277,Campaign_00277,Retention,CH0001,2026-04-08,2026-05-08
CA00278,Campaign_00278,Flash,CH0002,2026-04-09,2026-05-09
CA00279,Campaign_00279,Acquisition,CH0003,2026-04-10,2026-05-10
CA00280,Campaign_00280,Seasonal,CH0004,2026-04-11,2026-05-11
CA00281,Campaign_00281,Retention,CH0001,2026-04-12,2026-05-12
CA00282,Campaign_00282,Flash,CH0002,2026-04-13,2026-05-13
CA00283,Campaign_00283,Acquisition,CH0003,2026-04-14,2026-05-14
CA00284,Campaign_00284,Seasonal,CH0004,2026-04-15,2026-05-15
CA00285,Campaign_00285,Retention,CH0001,2026-04-16,2026-05-16
CA00286,Campaign_00286,Flash,CH0002,2026-04-17,2026-05-17
CA00287,Campaign_00287,Acquisition,CH0003,2026-04-18,2026-05-18
CA00288,Campaign_00288,Seasonal,CH0004,2026-04-19,2026-05-19
CA00289,Campaign_00289,Retention,CH0001,2026-04-20,2026-05-20
CA00290,Campaign_00290,Flash,CH0002,2026-04-21,2026-05-21
CA00291,Campaign_00291,Acquisition,CH0003,2026-04-22,2026-05-22
CA00292,Campaign_00292,Seasonal,CH0004,2026-04-23,2026-05-23
CA00293,Campaign_00293,Retention,CH0001,2026-04-24,2026-05-24
CA00294,Campaign_00294,Flash,CH0002,2026-04-25,2026-05-25
CA00295,Campaign_00295,Acquisition,CH0003,2026-04-26,2026-05-26
CA00296,Campaign_00296,Seasonal,CH0004,2026-04-27,2026-05-27
CA00297,Campaign_00297,Retention,CH0001,2026-04-28,2026-05-28
CA00298,Campaign_00298,Flash,CH0002,2026-04-29,2026-05-29
CA00299,Campaign_00299,Acquisition,CH0003,2026-04-30,2026-05-30
CA00300,Campaign_00300,Seasonal,CH0004,2026-05-01,2026-05-31
CA00301,Campaign_00301,Retention,CH0001,2026-05-02,2026-06-01
CA00302,Campaign_00302,Flash,CH0002,2026-05-03,2026-06-02
CA00303,Campaign_00303,Acquisition,CH0003,2026-05-04,2026-06-03
CA00304,Campaign_00304,Seasonal,CH0004,2026-05-05,2026-06-04
CA00305,Campaign_00305,Retention,CH0001,2026-05-06,2026-06-05
CA00306,Campaign_00306,Flash,CH0002,2026-05-07,2026-06-06
CA00307,Campaign_00307,Acquisition,CH0003,2026-05-08,2026-06-07
CA00308,Campaign_00308,Seasonal,CH0004,2026-05-09,2026-06-08
CA00309,Campaign_00309,Retention,CH0001,2026-05-10,2026-06-09
CA00310,Campaign_00310,Flash,CH0002,2026-05-11,2026-06-10
CA00311,Campaign_00311,Acquisition,CH0003,2026-05-12,2026-06-11
CA00312,Campaign_00312,Seasonal,CH0004,2026-05-13,2026-06-12
CA00313,Campaign_00313,Retention,CH0001,2026-05-14,2026-06-13
CA00314,Campaign_00314,Flash,CH0002,2026-05-15,2026-06-14
CA00315,Campaign_00315,Acquisition,CH0003,2026-05-16,2026-06-15
CA00316,Campaign_00316,Seasonal,CH0004,2026-05-17,2026-06-16
CA00317,Campaign_00317,Retention,CH0001,2026-05-18,2026-06-17
CA00318,Campaign_00318,Flash,CH0002,2026-05-19,2026-06-18
CA00319,Campaign_00319,Acquisition,CH0003,2026-05-20,2026-06-19
CA00320,Campaign_00320,Seasonal,CH0004,2026-05-21,2026-06-20
CA00321,Campaign_00321,Retention,CH0001,2026-05-22,2026-06-21
CA00322,Campaign_00322,Flash,CH0002,2026-05-23,2026-06-22
CA00323,Campaign_00323,Acquisition,CH0003,2026-05-24,2026-06-23
CA00324,Campaign_00324,Seasonal,CH0004,2026-05-25,2026-06-24
CA00325,Campaign_00325,Retention,CH0001,2026-05-26,2026-06-25
CA00326,Campaign_00326,Flash,CH0002,2026-05-27,2026-06-26
CA00327,Campaign_00327,Acquisition,CH0003,2026-05-28,2026-06-27
CA00328,Campaign_00328,Seasonal,CH0004,2026-05-29,2026-06-28
CA00329,Campaign_00329,Retention,CH0001,2026-05-30,2026-06-29
CA00330,Campaign_00330,Flash,CH0002,2026-05-31,2026-06-30
CA00331,Campaign_00331,Acquisition,CH0003,2026-06-01,2026-07-01
CA00332,Campaign_00332,Seasonal,CH0004,2026-06-02,2026-07-02
CA00333,Campaign_00333,Retention,CH0001,2026-06-03,2026-07-03
CA00334,Campaign_00334,Flash,CH0002,2026-06-04,2026-07-04
CA00335,Campaign_00335,Acquisition,CH0003,2026-06-05,2026-07-05
CA00336,Campaign_00336,Seasonal,CH0004,2026-06-06,2026-07-06
CA00337,Campaign_00337,Retention,CH0001,2026-06-07,2026-07-07
CA00338,Campaign_00338,Flash,CH0002,2026-06-08,2026-07-08
CA00339,Campaign_00339,Acquisition,CH0003,2026-06-09,2026-07-09
CA00340,Campaign_00340,Seasonal,CH0004,2026-06-10,2026-07-10
CA00341,Campaign_00341,Retention,CH0001,2026-06-11,2026-07-11
CA00342,Campaign_00342,Flash,CH0002,2026-06-12,2026-07-12
CA00343,Campaign_00343,Acquisition,CH0003,2026-06-13,2026-07-13
CA00344,Campaign_00344,Seasonal,CH0004,2026-06-14,2026-07-14
CA00345,Campaign_00345,Retention,CH0001,2026-06-15,2026-07-15
CA00346,Campaign_00346,Flash,CH0002,2026-06-16,2026-07-16
CA00347,Campaign_00347,Acquisition,CH0003,2026-06-17,2026-07-17
CA00348,Campaign_00348,Seasonal,CH0004,2026-06-18,2026-07-18
CA00349,Campaign_00349,Retention,CH0001,2026-06-19,2026-07-19
CA00350,Campaign_00350,Flash,CH0002,2026-06-20,2026-07-20
CA00351,Campaign_00351,Acquisition,CH0003,2026-06-21,2026-07-21
CA00352,Campaign_00352,Seasonal,CH0004,2026-06-22,2026-07-22
CA00353,Campaign_00353,Retention,CH0001,2026-06-23,2026-07-23
CA00354,Campaign_00354,Flash,CH0002,2026-06-24,2026-07-24
CA00355,Campaign_00355,Acquisition,CH0003,2026-06-25,2026-07-25
CA00356,Campaign_00356,Seasonal,CH0004,2026-06-26,2026-07-26
CA00357,Campaign_00357,Retention,CH0001,2026-06-27,2026-07-27
CA00358,Campaign_00358,Flash,CH0002,2026-06-28,2026-07-28
CA00359,Campaign_00359,Acquisition,CH0003,2026-06-29,2026-07-29
CA00360,Campaign_00360,Seasonal,CH0004,2026-01-01,2026-01-31
CA00361,Campaign_00361,Retention,CH0001,2026-01-02,2026-02-01
CA00362,Campaign_00362,Flash,CH0002,2026-01-03,2026-02-02
CA00363,Campaign_00363,Acquisition,CH0003,2026-01-04,2026-02-03
CA00364,Campaign_00364,Seasonal,CH0004,2026-01-05,2026-02-04
CA00365,Campaign_00365,Retention,CH0001,2026-01-06,2026-02-05
CA00366,Campaign_00366,Flash,CH0002,2026-01-07,2026-02-06
CA00367,Campaign_00367,Acquisition,CH0003,2026-01-08,2026-02-07
CA00368,Campaign_00368,Seasonal,CH0004,2026-01-09,2026-02-08
CA00369,Campaign_00369,Retention,CH0001,2026-01-10,2026-02-09
CA00370,Campaign_00370,Flash,CH0002,2026-01-11,2026-02-10
CA00371,Campaign_00371,Acquisition,CH0003,2026-01-12,2026-02-11
CA00372,Campaign_00372,Seasonal,CH0004,2026-01-13,2026-02-12
CA00373,Campaign_00373,Retention,CH0001,2026-01-14,2026-02-13
CA00374,Campaign_00374,Flash,CH0002,2026-01-15,2026-02-14
CA00375,Campaign_00375,Acquisition,CH0003,2026-01-16,2026-02-15
CA00376,Campaign_00376,Seasonal,CH0004,2026-01-17,2026-02-16
CA00377,Campaign_00377,Retention,CH0001,2026-01-18,2026-02-17
CA00378,Campaign_00378,Flash,CH0002,2026-01-19,2026-02-18
CA00379,Campaign_00379,Acquisition,CH0003,2026-01-20,2026-02-19
CA00380,Campaign_00380,Seasonal,CH0004,2026-01-21,2026-02-20
CA00381,Campaign_00381,Retention,CH0001,2026-01-22,2026-02-21
CA00382,Campaign_00382,Flash,CH0002,2026-01-23,2026-02-22
CA00383,Campaign_00383,Acquisition,CH0003,2026-01-24,2026-02-23
CA00384,Campaign_00384,Seasonal,CH0004,2026-01-25,2026-02-24
CA00385,Campaign_00385,Retention,CH0001,2026-01-26,2026-02-25
CA00386,Campaign_00386,Flash,CH0002,2026-01-27,2026-02-26
CA00387,Campaign_00387,Acquisition,CH0003,2026-01-28,2026-02-27
CA00388,Campaign_00388,Seasonal,CH0004,2026-01-29,2026-02-28
CA00389,Campaign_00389,Retention,CH0001,2026-01-30,2026-03-01
CA00390,Campaign_00390,Flash,CH0002,2026-01-31,2026-03-02
CA00391,Campaign_00391,Acquisition,CH0003,2026-02-01,2026-03-03
CA00392,Campaign_00392,Seasonal,CH0004,2026-02-02,2026-03-04
CA00393,Campaign_00393,Retention,CH0001,2026-02-03,2026-03-05
CA00394,Campaign_00394,Flash,CH0002,2026-02-04,2026-03-06
CA00395,Campaign_00395,Acquisition,CH0003,2026-02-05,2026-03-07
CA00396,Campaign_00396,Seasonal,CH0004,2026-02-06,2026-03-08
CA00397,Campaign_00397,Retention,CH0001,2026-02-07,2026-03-09
CA00398,Campaign_00398,Flash,CH0002,2026-02-08,2026-03-10
CA00399,Campaign_00399,Acquisition,CH0003,2026-02-09,2026-03-11
CA00400,Campaign_00400,Seasonal,CH0004,2026-02-10,2026-03-12
CA00401,Campaign_00401,Retention,CH0001,2026-02-11,2026-03-13
CA00402,Campaign_00402,Flash,CH0002,2026-02-12,2026-03-14
CA00403,Campaign_00403,Acquisition,CH0003,2026-02-13,2026-03-15
CA00404,Campaign_00404,Seasonal,CH0004,2026-02-14,2026-03-16
CA00405,Campaign_00405,Retention,CH0001,2026-02-15,2026-03-17
CA00406,Campaign_00406,Flash,CH0002,2026-02-16,2026-03-18
CA00407,Campaign_00407,Acquisition,CH0003,2026-02-17,2026-03-19
CA00408,Campaign_00408,Seasonal,CH0004,2026-02-18,2026-03-20
CA00409,Campaign_00409,Retention,CH0001,2026-02-19,2026-03-21
CA00410,Campaign_00410,Flash,CH0002,2026-02-20,2026-03-22
CA00411,Campaign_00411,Acquisition,CH0003,2026-02-21,2026-03-23
CA00412,Campaign_00412,Seasonal,CH0004,2026-02-22,2026-03-24
CA00413,Campaign_00413,Retention,CH0001,2026-02-23,2026-03-25
CA00414,Campaign_00414,Flash,CH0002,2026-02-24,2026-03-26
CA00415,Campaign_00415,Acquisition,CH0003,2026-02-25,2026-03-27
CA00416,Campaign_00416,Seasonal,CH0004,2026-02-26,2026-03-28
CA00417,Campaign_00417,Retention,CH0001,2026-02-27,2026-03-29
CA00418,Campaign_00418,Flash,CH0002,2026-02-28,2026-03-30
CA00419,Campaign_00419,Acquisition,CH0003,2026-03-01,2026-03-31
CA00420,Campaign_00420,Seasonal,CH0004,2026-03-02,2026-04-01
CA00421,Campaign_00421,Retention,CH0001,2026-03-03,2026-04-02
CA00422,Campaign_00422,Flash,CH0002,2026-03-04,2026-04-03
CA00423,Campaign_00423,Acquisition,CH0003,2026-03-05,2026-04-04
CA00424,Campaign_00424,Seasonal,CH0004,2026-03-06,2026-04-05
CA00425,Campaign_00425,Retention,CH0001,2026-03-07,2026-04-06
CA00426,Campaign_00426,Flash,CH0002,2026-03-08,2026-04-07
CA00427,Campaign_00427,Acquisition,CH0003,2026-03-09,2026-04-08
CA00428,Campaign_00428,Seasonal,CH0004,2026-03-10,2026-04-09
CA00429,Campaign_00429,Retention,CH0001,2026-03-11,2026-04-10
CA00430,Campaign_00430,Flash,CH0002,2026-03-12,2026-04-11
CA00431,Campaign_00431,Acquisition,CH0003,2026-03-13,2026-04-12
CA00432,Campaign_00432,Seasonal,CH0004,2026-03-14,2026-04-13
CA00433,Campaign_00433,Retention,CH0001,2026-03-15,2026-04-14
CA00434,Campaign_00434,Flash,CH0002,2026-03-16,2026-04-15
CA00435,Campaign_00435,Acquisition,CH0003,2026-03-17,2026-04-16
CA00436,Campaign_00436,Seasonal,CH0004,2026-03-18,2026-04-17
CA00437,Campaign_00437,Retention,CH0001,2026-03-19,2026-04-18
CA00438,Campaign_00438,Flash,CH0002,2026-03-20,2026-04-19
CA00439,Campaign_00439,Acquisition,CH0003,2026-03-21,2026-04-20
CA00440,Campaign_00440,Seasonal,CH0004,2026-03-22,2026-04-21
CA00441,Campaign_00441,Retention,CH0001,2026-03-23,2026-04-22
CA00442,Campaign_00442,Flash,CH0002,2026-03-24,2026-04-23
CA00443,Campaign_00443,Acquisition,CH0003,2026-03-25,2026-04-24
CA00444,Campaign_00444,Seasonal,CH0004,2026-03-26,2026-04-25
CA00445,Campaign_00445,Retention,CH0001,2026-03-27,2026-04-26
CA00446,Campaign_00446,Flash,CH0002,2026-03-28,2026-04-27
CA00447,Campaign_00447,Acquisition,CH0003,2026-03-29,2026-04-28
CA00448,Campaign_00448,Seasonal,CH0004,2026-03-30,2026-04-29
CA00449,Campaign_00449,Retention,CH0001,2026-03-31,2026-04-30
CA00450,Campaign_00450,Flash,CH0002,2026-04-01,2026-05-01
CA00451,Campaign_00451,Acquisition,CH0003,2026-04-02,2026-05-02
CA00452,Campaign_00452,Seasonal,CH0004,2026-04-03,2026-05-03
CA00453,Campaign_00453,Retention,CH0001,2026-04-04,2026-05-04
CA00454,Campaign_00454,Flash,CH0002,2026-04-05,2026-05-05
CA00455,Campaign_00455,Acquisition,CH0003,2026-04-06,2026-05-06
CA00456,Campaign_00456,Seasonal,CH0004,2026-04-07,2026-05-07
CA00457,Campaign_00457,Retention,CH0001,2026-04-08,2026-05-08
CA00458,Campaign_00458,Flash,CH0002,2026-04-09,2026-05-09
CA00459,Campaign_00459,Acquisition,CH0003,2026-04-10,2026-05-10
CA00460,Campaign_00460,Seasonal,CH0004,2026-04-11,2026-05-11
CA00461,Campaign_00461,Retention,CH0001,2026-04-12,2026-05-12
CA00462,Campaign_00462,Flash,CH0002,2026-04-13,2026-05-13
CA00463,Campaign_00463,Acquisition,CH0003,2026-04-14,2026-05-14
CA00464,Campaign_00464,Seasonal,CH0004,2026-04-15,2026-05-15
CA00465,Campaign_00465,Retention,CH0001,2026-04-16,2026-05-16
CA00466,Campaign_00466,Flash,CH0002,2026-04-17,2026-05-17
CA00467,Campaign_00467,Acquisition,CH0003,2026-04-18,2026-05-18
CA00468,Campaign_00468,Seasonal,CH0004,2026-04-19,2026-05-19
CA00469,Campaign_00469,Retention,CH0001,2026-04-20,2026-05-20
CA00470,Campaign_00470,Flash,CH0002,2026-04-21,2026-05-21
CA00471,Campaign_00471,Acquisition,CH0003,2026-04-22,2026-05-22
CA00472,Campaign_00472,Seasonal,CH0004,2026-04-23,2026-05-23
CA00473,Campaign_00473,Retention,CH0001,2026-04-24,2026-05-24
CA00474,Campaign_00474,Flash,CH0002,2026-04-25,2026-05-25
CA00475,Campaign_00475,Acquisition,CH0003,2026-04-26,2026-05-26
CA00476,Campaign_00476,Seasonal,CH0004,2026-04-27,2026-05-27
CA00477,Campaign_00477,Retention,CH0001,2026-04-28,2026-05-28
CA00478,Campaign_00478,Flash,CH0002,2026-04-29,2026-05-29
CA00479,Campaign_00479,Acquisition,CH0003,2026-04-30,2026-05-30
CA00480,Campaign_00480,Seasonal,CH0004,2026-05-01,2026-05-31
CA00481,Campaign_00481,Retention,CH0001,2026-05-02,2026-06-01
CA00482,Campaign_00482,Flash,CH0002,2026-05-03,2026-06-02
CA00483,Campaign_00483,Acquisition,CH0003,2026-05-04,2026-06-03
CA00484,Campaign_00484,Seasonal,CH0004,2026-05-05,2026-06-04
CA00485,Campaign_00485,Retention,CH0001,2026-05-06,2026-06-05
CA00486,Campaign_00486,Flash,CH0002,2026-05-07,2026-06-06
CA00487,Campaign_00487,Acquisition,CH0003,2026-05-08,2026-06-07
CA00488,Campaign_00488,Seasonal,CH0004,2026-05-09,2026-06-08
CA00489,Campaign_00489,Retention,CH0001,2026-05-10,2026-06-09
CA00490,Campaign_00490,Flash,CH0002,2026-05-11,2026-06-10
CA00491,Campaign_00491,Acquisition,CH0003,2026-05-12,2026-06-11
CA00492,Campaign_00492,Seasonal,CH0004,2026-05-13,2026-06-12
CA00493,Campaign_00493,Retention,CH0001,2026-05-14,2026-06-13
CA00494,Campaign_00494,Flash,CH0002,2026-05-15,2026-06-14
CA00495,Campaign_00495,Acquisition,CH0003,2026-05-16,2026-06-15
CA00496,Campaign_00496,Seasonal,CH0004,2026-05-17,2026-06-16
CA00497,Campaign_00497,Retention,CH0001,2026-05-18,2026-06-17
CA00498,Campaign_00498,Flash,CH0002,2026-05-19,2026-06-18
CA00499,Campaign_00499,Acquisition,CH0003,2026-05-20,2026-06-19
CA00500,Campaign_00500,Seasonal,CH0004,2026-05-21,2026-06-20
CA00501,Campaign_00501,Retention,CH0001,2026-05-22,2026-06-21
CA00502,Campaign_00502,Flash,CH0002,2026-05-23,2026-06-22
CA00503,Campaign_00503,Acquisition,CH0003,2026-05-24,2026-06-23
CA00504,Campaign_00504,Seasonal,CH0004,2026-05-25,2026-06-24
CA00505,Campaign_00505,Retention,CH0001,2026-05-26,2026-06-25
CA00506,Campaign_00506,Flash,CH0002,2026-05-27,2026-06-26
CA00507,Campaign_00507,Acquisition,CH0003,2026-05-28,2026-06-27
CA00508,Campaign_00508,Seasonal,CH0004,2026-05-29,2026-06-28
CA00509,Campaign_00509,Retention,CH0001,2026-05-30,2026-06-29
CA00510,Campaign_00510,Flash,CH0002,2026-05-31,2026-06-30
CA00511,Campaign_00511,Acquisition,CH0003,2026-06-01,2026-07-01
CA00512,Campaign_00512,Seasonal,CH0004,2026-06-02,2026-07-02
CA00513,Campaign_00513,Retention,CH0001,2026-06-03,2026-07-03
CA00514,Campaign_00514,Flash,CH0002,2026-06-04,2026-07-04
CA00515,Campaign_00515,Acquisition,CH0003,2026-06-05,2026-07-05
CA00516,Campaign_00516,Seasonal,CH0004,2026-06-06,2026-07-06
CA00517,Campaign_00517,Retention,CH0001,2026-06-07,2026-07-07
CA00518,Campaign_00518,Flash,CH0002,2026-06-08,2026-07-08
CA00519,Campaign_00519,Acquisition,CH0003,2026-06-09,2026-07-09
CA00520,Campaign_00520,Seasonal,CH0004,2026-06-10,2026-07-10
CA00521,Campaign_00521,Retention,CH0001,2026-06-11,2026-07-11
CA00522,Campaign_00522,Flash,CH0002,2026-06-12,2026-07-12
CA00523,Campaign_00523,Acquisition,CH0003,2026-06-13,2026-07-13
CA00524,Campaign_00524,Seasonal,CH0004,2026-06-14,2026-07-14
CA00525,Campaign_00525,Retention,CH0001,2026-06-15,2026-07-15
CA00526,Campaign_00526,Flash,CH0002,2026-06-16,2026-07-16
CA00527,Campaign_00527,Acquisition,CH0003,2026-06-17,2026-07-17
CA00528,Campaign_00528,Seasonal,CH0004,2026-06-18,2026-07-18
CA00529,Campaign_00529,Retention,CH0001,2026-06-19,2026-07-19
CA00530,Campaign_00530,Flash,CH0002,2026-06-20,2026-07-20
CA00531,Campaign_00531,Acquisition,CH0003,2026-06-21,2026-07-21
CA00532,Campaign_00532,Seasonal,CH0004,2026-06-22,2026-07-22
CA00533,Campaign_00533,Retention,CH0001,2026-06-23,2026-07-23
CA00534,Campaign_00534,Flash,CH0002,2026-06-24,2026-07-24
CA00535,Campaign_00535,Acquisition,CH0003,2026-06-25,2026-07-25
CA00536,Campaign_00536,Seasonal,CH0004,2026-06-26,2026-07-26
CA00537,Campaign_00537,Retention,CH0001,2026-06-27,2026-07-27
CA00538,Campaign_00538,Flash,CH0002,2026-06-28,2026-07-28
CA00539,Campaign_00539,Acquisition,CH0003,2026-06-29,2026-07-29
CA00540,Campaign_00540,Seasonal,CH0004,2026-01-01,2026-01-31
CA00541,Campaign_00541,Retention,CH0001,2026-01-02,2026-02-01
CA00542,Campaign_00542,Flash,CH0002,2026-01-03,2026-02-02
CA00543,Campaign_00543,Acquisition,CH0003,2026-01-04,2026-02-03
CA00544,Campaign_00544,Seasonal,CH0004,2026-01-05,2026-02-04
CA00545,Campaign_00545,Retention,CH0001,2026-01-06,2026-02-05
CA00546,Campaign_00546,Flash,CH0002,2026-01-07,2026-02-06
CA00547,Campaign_00547,Acquisition,CH0003,2026-01-08,2026-02-07
CA00548,Campaign_00548,Seasonal,CH0004,2026-01-09,2026-02-08
CA00549,Campaign_00549,Retention,CH0001,2026-01-10,2026-02-09
CA00550,Campaign_00550,Flash,CH0002,2026-01-11,2026-02-10
CA00551,Campaign_00551,Acquisition,CH0003,2026-01-12,2026-02-11
CA00552,Campaign_00552,Seasonal,CH0004,2026-01-13,2026-02-12
CA00553,Campaign_00553,Retention,CH0001,2026-01-14,2026-02-13
CA00554,Campaign_00554,Flash,CH0002,2026-01-15,2026-02-14
CA00555,Campaign_00555,Acquisition,CH0003,2026-01-16,2026-02-15
CA00556,Campaign_00556,Seasonal,CH0004,2026-01-17,2026-02-16
CA00557,Campaign_00557,Retention,CH0001,2026-01-18,2026-02-17
CA00558,Campaign_00558,Flash,CH0002,2026-01-19,2026-02-18
CA00559,Campaign_00559,Acquisition,CH0003,2026-01-20,2026-02-19
CA00560,Campaign_00560,Seasonal,CH0004,2026-01-21,2026-02-20
CA00561,Campaign_00561,Retention,CH0001,2026-01-22,2026-02-21
CA00562,Campaign_00562,Flash,CH0002,2026-01-23,2026-02-22
CA00563,Campaign_00563,Acquisition,CH0003,2026-01-24,2026-02-23
CA00564,Campaign_00564,Seasonal,CH0004,2026-01-25,2026-02-24
CA00565,Campaign_00565,Retention,CH0001,2026-01-26,2026-02-25
CA00566,Campaign_00566,Flash,CH0002,2026-01-27,2026-02-26
CA00567,Campaign_00567,Acquisition,CH0003,2026-01-28,2026-02-27
CA00568,Campaign_00568,Seasonal,CH0004,2026-01-29,2026-02-28
CA00569,Campaign_00569,Retention,CH0001,2026-01-30,2026-03-01
CA00570,Campaign_00570,Flash,CH0002,2026-01-31,2026-03-02
CA00571,Campaign_00571,Acquisition,CH0003,2026-02-01,2026-03-03
CA00572,Campaign_00572,Seasonal,CH0004,2026-02-02,2026-03-04
CA00573,Campaign_00573,Retention,CH0001,2026-02-03,2026-03-05
CA00574,Campaign_00574,Flash,CH0002,2026-02-04,2026-03-06
CA00575,Campaign_00575,Acquisition,CH0003,2026-02-05,2026-03-07
CA00576,Campaign_00576,Seasonal,CH0004,2026-02-06,2026-03-08
CA00577,Campaign_00577,Retention,CH0001,2026-02-07,2026-03-09
CA00578,Campaign_00578,Flash,CH0002,2026-02-08,2026-03-10
CA00579,Campaign_00579,Acquisition,CH0003,2026-02-09,2026-03-11
CA00580,Campaign_00580,Seasonal,CH0004,2026-02-10,2026-03-12
CA00581,Campaign_00581,Retention,CH0001,2026-02-11,2026-03-13
CA00582,Campaign_00582,Flash,CH0002,2026-02-12,2026-03-14
CA00583,Campaign_00583,Acquisition,CH0003,2026-02-13,2026-03-15
CA00584,Campaign_00584,Seasonal,CH0004,2026-02-14,2026-03-16
CA00585,Campaign_00585,Retention,CH0001,2026-02-15,2026-03-17
CA00586,Campaign_00586,Flash,CH0002,2026-02-16,2026-03-18
CA00587,Campaign_00587,Acquisition,CH0003,2026-02-17,2026-03-19
CA00588,Campaign_00588,Seasonal,CH0004,2026-02-18,2026-03-20
CA00589,Campaign_00589,Retention,CH0001,2026-02-19,2026-03-21
CA00590,Campaign_00590,Flash,CH0002,2026-02-20,2026-03-22
CA00591,Campaign_00591,Acquisition,CH0003,2026-02-21,2026-03-23
CA00592,Campaign_00592,Seasonal,CH0004,2026-02-22,2026-03-24
CA00593,Campaign_00593,Retention,CH0001,2026-02-23,2026-03-25
CA00594,Campaign_00594,Flash,CH0002,2026-02-24,2026-03-26
CA00595,Campaign_00595,Acquisition,CH0003,2026-02-25,2026-03-27
CA00596,Campaign_00596,Seasonal,CH0004,2026-02-26,2026-03-28
CA00597,Campaign_00597,Retention,CH0001,2026-02-27,2026-03-29
CA00598,Campaign_00598,Flash,CH0002,2026-02-28,2026-03-30
CA00599,Campaign_00599,Acquisition,CH0003,2026-03-01,2026-03-31
CA00600,Campaign_00600,Seasonal,CH0004,2026-03-02,2026-04-01
CA00601,Campaign_00601,Retention,CH0001,2026-03-03,2026-04-02
CA00602,Campaign_00602,Flash,CH0002,2026-03-04,2026-04-03
CA00603,Campaign_00603,Acquisition,CH0003,2026-03-05,2026-04-04
CA00604,Campaign_00604,Seasonal,CH0004,2026-03-06,2026-04-05
CA00605,Campaign_00605,Retention,CH0001,2026-03-07,2026-04-06
CA00606,Campaign_00606,Flash,CH0002,2026-03-08,2026-04-07
CA00607,Campaign_00607,Acquisition,CH0003,2026-03-09,2026-04-08
CA00608,Campaign_00608,Seasonal,CH0004,2026-03-10,2026-04-09
CA00609,Campaign_00609,Retention,CH0001,2026-03-11,2026-04-10
CA00610,Campaign_00610,Flash,CH0002,2026-03-12,2026-04-11
CA00611,Campaign_00611,Acquisition,CH0003,2026-03-13,2026-04-12
CA00612,Campaign_00612,Seasonal,CH0004,2026-03-14,2026-04-13
CA00613,Campaign_00613,Retention,CH0001,2026-03-15,2026-04-14
CA00614,Campaign_00614,Flash,CH0002,2026-03-16,2026-04-15
CA00615,Campaign_00615,Acquisition,CH0003,2026-03-17,2026-04-16
CA00616,Campaign_00616,Seasonal,CH0004,2026-03-18,2026-04-17
CA00617,Campaign_00617,Retention,CH0001,2026-03-19,2026-04-18
CA00618,Campaign_00618,Flash,CH0002,2026-03-20,2026-04-19
CA00619,Campaign_00619,Acquisition,CH0003,2026-03-21,2026-04-20
CA00620,Campaign_00620,Seasonal,CH0004,2026-03-22,2026-04-21
CA00621,Campaign_00621,Retention,CH0001,2026-03-23,2026-04-22
CA00622,Campaign_00622,Flash,CH0002,2026-03-24,2026-04-23
CA00623,Campaign_00623,Acquisition,CH0003,2026-03-25,2026-04-24
CA00624,Campaign_00624,Seasonal,CH0004,2026-03-26,2026-04-25
CA00625,Campaign_00625,Retention,CH0001,2026-03-27,2026-04-26
CA00626,Campaign_00626,Flash,CH0002,2026-03-28,2026-04-27
CA00627,Campaign_00627,Acquisition,CH0003,2026-03-29,2026-04-28
CA00628,Campaign_00628,Seasonal,CH0004,2026-03-30,2026-04-29
CA00629,Campaign_00629,Retention,CH0001,2026-03-31,2026-04-30
CA00630,Campaign_00630,Flash,CH0002,2026-04-01,2026-05-01
CA00631,Campaign_00631,Acquisition,CH0003,2026-04-02,2026-05-02
CA00632,Campaign_00632,Seasonal,CH0004,2026-04-03,2026-05-03
CA00633,Campaign_00633,Retention,CH0001,2026-04-04,2026-05-04
CA00634,Campaign_00634,Flash,CH0002,2026-04-05,2026-05-05
CA00635,Campaign_00635,Acquisition,CH0003,2026-04-06,2026-05-06
CA00636,Campaign_00636,Seasonal,CH0004,2026-04-07,2026-05-07
CA00637,Campaign_00637,Retention,CH0001,2026-04-08,2026-05-08
CA00638,Campaign_00638,Flash,CH0002,2026-04-09,2026-05-09
CA00639,Campaign_00639,Acquisition,CH0003,2026-04-10,2026-05-10
CA00640,Campaign_00640,Seasonal,CH0004,2026-04-11,2026-05-11
CA00641,Campaign_00641,Retention,CH0001,2026-04-12,2026-05-12
CA00642,Campaign_00642,Flash,CH0002,2026-04-13,2026-05-13
CA00643,Campaign_00643,Acquisition,CH0003,2026-04-14,2026-05-14
CA00644,Campaign_00644,Seasonal,CH0004,2026-04-15,2026-05-15
CA00645,Campaign_00645,Retention,CH0001,2026-04-16,2026-05-16
CA00646,Campaign_00646,Flash,CH0002,2026-04-17,2026-05-17
CA00647,Campaign_00647,Acquisition,CH0003,2026-04-18,2026-05-18
CA00648,Campaign_00648,Seasonal,CH0004,2026-04-19,2026-05-19
CA00649,Campaign_00649,Retention,CH0001,2026-04-20,2026-05-20
CA00650,Campaign_00650,Flash,CH0002,2026-04-21,2026-05-21
CA00651,Campaign_00651,Acquisition,CH0003,2026-04-22,2026-05-22
CA00652,Campaign_00652,Seasonal,CH0004,2026-04-23,2026-05-23
CA00653,Campaign_00653,Retention,CH0001,2026-04-24,2026-05-24
CA00654,Campaign_00654,Flash,CH0002,2026-04-25,2026-05-25
CA00655,Campaign_00655,Acquisition,CH0003,2026-04-26,2026-05-26
CA00656,Campaign_00656,Seasonal,CH0004,2026-04-27,2026-05-27
CA00657,Campaign_00657,Retention,CH0001,2026-04-28,2026-05-28
CA00658,Campaign_00658,Flash,CH0002,2026-04-29,2026-05-29
CA00659,Campaign_00659,Acquisition,CH0003,2026-04-30,2026-05-30
CA00660,Campaign_00660,Seasonal,CH0004,2026-05-01,2026-05-31
CA00661,Campaign_00661,Retention,CH0001,2026-05-02,2026-06-01
CA00662,Campaign_00662,Flash,CH0002,2026-05-03,2026-06-02
CA00663,Campaign_00663,Acquisition,CH0003,2026-05-04,2026-06-03
CA00664,Campaign_00664,Seasonal,CH0004,2026-05-05,2026-06-04
CA00665,Campaign_00665,Retention,CH0001,2026-05-06,2026-06-05
CA00666,Campaign_00666,Flash,CH0002,2026-05-07,2026-06-06
CA00667,Campaign_00667,Acquisition,CH0003,2026-05-08,2026-06-07
CA00668,Campaign_00668,Seasonal,CH0004,2026-05-09,2026-06-08
CA00669,Campaign_00669,Retention,CH0001,2026-05-10,2026-06-09
CA00670,Campaign_00670,Flash,CH0002,2026-05-11,2026-06-10
CA00671,Campaign_00671,Acquisition,CH0003,2026-05-12,2026-06-11
CA00672,Campaign_00672,Seasonal,CH0004,2026-05-13,2026-06-12
CA00673,Campaign_00673,Retention,CH0001,2026-05-14,2026-06-13
CA00674,Campaign_00674,Flash,CH0002,2026-05-15,2026-06-14
CA00675,Campaign_00675,Acquisition,CH0003,2026-05-16,2026-06-15
CA00676,Campaign_00676,Seasonal,CH0004,2026-05-17,2026-06-16
CA00677,Campaign_00677,Retention,CH0001,2026-05-18,2026-06-17
CA00678,Campaign_00678,Flash,CH0002,2026-05-19,2026-06-18
CA00679,Campaign_00679,Acquisition,CH0003,2026-05-20,2026-06-19
CA00680,Campaign_00680,Seasonal,CH0004,2026-05-21,2026-06-20
CA00681,Campaign_00681,Retention,CH0001,2026-05-22,2026-06-21
CA00682,Campaign_00682,Flash,CH0002,2026-05-23,2026-06-22
CA00683,Campaign_00683,Acquisition,CH0003,2026-05-24,2026-06-23
CA00684,Campaign_00684,Seasonal,CH0004,2026-05-25,2026-06-24
CA00685,Campaign_00685,Retention,CH0001,2026-05-26,2026-06-25
CA00686,Campaign_00686,Flash,CH0002,2026-05-27,2026-06-26
CA00687,Campaign_00687,Acquisition,CH0003,2026-05-28,2026-06-27
CA00688,Campaign_00688,Seasonal,CH0004,2026-05-29,2026-06-28
CA00689,Campaign_00689,Retention,CH0001,2026-05-30,2026-06-29
CA00690,Campaign_00690,Flash,CH0002,2026-05-31,2026-06-30
CA00691,Campaign_00691,Acquisition,CH0003,2026-06-01,2026-07-01
CA00692,Campaign_00692,Seasonal,CH0004,2026-06-02,2026-07-02
CA00693,Campaign_00693,Retention,CH0001,2026-06-03,2026-07-03
CA00694,Campaign_00694,Flash,CH0002,2026-06-04,2026-07-04
CA00695,Campaign_00695,Acquisition,CH0003,2026-06-05,2026-07-05
CA00696,Campaign_00696,Seasonal,CH0004,2026-06-06,2026-07-06
CA00697,Campaign_00697,Retention,CH0001,2026-06-07,2026-07-07
CA00698,Campaign_00698,Flash,CH0002,2026-06-08,2026-07-08
CA00699,Campaign_00699,Acquisition,CH0003,2026-06-09,2026-07-09
CA00700,Campaign_00700,Seasonal,CH0004,2026-06-10,2026-07-10
CA00701,Campaign_00701,Retention,CH0001,2026-06-11,2026-07-11
CA00702,Campaign_00702,Flash,CH0002,2026-06-12,2026-07-12
CA00703,Campaign_00703,Acquisition,CH0003,2026-06-13,2026-07-13
CA00704,Campaign_00704,Seasonal,CH0004,2026-06-14,2026-07-14
CA00705,Campaign_00705,Retention,CH0001,2026-06-15,2026-07-15
CA00706,Campaign_00706,Flash,CH0002,2026-06-16,2026-07-16
CA00707,Campaign_00707,Acquisition,CH0003,2026-06-17,2026-07-17
CA00708,Campaign_00708,Seasonal,CH0004,2026-06-18,2026-07-18
CA00709,Campaign_00709,Retention,CH0001,2026-06-19,2026-07-19
CA00710,Campaign_00710,Flash,CH0002,2026-06-20,2026-07-20
CA00711,Campaign_00711,Acquisition,CH0003,2026-06-21,2026-07-21
CA00712,Campaign_00712,Seasonal,CH0004,2026-06-22,2026-07-22
CA00713,Campaign_00713,Retention,CH0001,2026-06-23,2026-07-23
CA00714,Campaign_00714,Flash,CH0002,2026-06-24,2026-07-24
CA00715,Campaign_00715,Acquisition,CH0003,2026-06-25,2026-07-25
CA00716,Campaign_00716,Seasonal,CH0004,2026-06-26,2026-07-26
CA00717,Campaign_00717,Retention,CH0001,2026-06-27,2026-07-27
CA00718,Campaign_00718,Flash,CH0002,2026-06-28,2026-07-28
CA00719,Campaign_00719,Acquisition,CH0003,2026-06-29,2026-07-29
CA00720,Campaign_00720,Seasonal,CH0004,2026-01-01,2026-01-31
CA00721,Campaign_00721,Retention,CH0001,2026-01-02,2026-02-01
CA00722,Campaign_00722,Flash,CH0002,2026-01-03,2026-02-02
CA00723,Campaign_00723,Acquisition,CH0003,2026-01-04,2026-02-03
CA00724,Campaign_00724,Seasonal,CH0004,2026-01-05,2026-02-04
CA00725,Campaign_00725,Retention,CH0001,2026-01-06,2026-02-05
CA00726,Campaign_00726,Flash,CH0002,2026-01-07,2026-02-06
CA00727,Campaign_00727,Acquisition,CH0003,2026-01-08,2026-02-07
CA00728,Campaign_00728,Seasonal,CH0004,2026-01-09,2026-02-08
CA00729,Campaign_00729,Retention,CH0001,2026-01-10,2026-02-09
CA00730,Campaign_00730,Flash,CH0002,2026-01-11,2026-02-10
CA00731,Campaign_00731,Acquisition,CH0003,2026-01-12,2026-02-11
CA00732,Campaign_00732,Seasonal,CH0004,2026-01-13,2026-02-12
CA00733,Campaign_00733,Retention,CH0001,2026-01-14,2026-02-13
CA00734,Campaign_00734,Flash,CH0002,2026-01-15,2026-02-14
CA00735,Campaign_00735,Acquisition,CH0003,2026-01-16,2026-02-15
CA00736,Campaign_00736,Seasonal,CH0004,2026-01-17,2026-02-16
CA00737,Campaign_00737,Retention,CH0001,2026-01-18,2026-02-17
CA00738,Campaign_00738,Flash,CH0002,2026-01-19,2026-02-18
CA00739,Campaign_00739,Acquisition,CH0003,2026-01-20,2026-02-19
CA00740,Campaign_00740,Seasonal,CH0004,2026-01-21,2026-02-20
CA00741,Campaign_00741,Retention,CH0001,2026-01-22,2026-02-21
CA00742,Campaign_00742,Flash,CH0002,2026-01-23,2026-02-22
CA00743,Campaign_00743,Acquisition,CH0003,2026-01-24,2026-02-23
CA00744,Campaign_00744,Seasonal,CH0004,2026-01-25,2026-02-24
CA00745,Campaign_00745,Retention,CH0001,2026-01-26,2026-02-25
CA00746,Campaign_00746,Flash,CH0002,2026-01-27,2026-02-26
CA00747,Campaign_00747,Acquisition,CH0003,2026-01-28,2026-02-27
CA00748,Campaign_00748,Seasonal,CH0004,2026-01-29,2026-02-28
CA00749,Campaign_00749,Retention,CH0001,2026-01-30,2026-03-01
CA00750,Campaign_00750,Flash,CH0002,2026-01-31,2026-03-02
CA00751,Campaign_00751,Acquisition,CH0003,2026-02-01,2026-03-03
CA00752,Campaign_00752,Seasonal,CH0004,2026-02-02,2026-03-04
CA00753,Campaign_00753,Retention,CH0001,2026-02-03,2026-03-05
CA00754,Campaign_00754,Flash,CH0002,2026-02-04,2026-03-06
CA00755,Campaign_00755,Acquisition,CH0003,2026-02-05,2026-03-07
CA00756,Campaign_00756,Seasonal,CH0004,2026-02-06,2026-03-08
CA00757,Campaign_00757,Retention,CH0001,2026-02-07,2026-03-09
CA00758,Campaign_00758,Flash,CH0002,2026-02-08,2026-03-10
CA00759,Campaign_00759,Acquisition,CH0003,2026-02-09,2026-03-11
CA00760,Campaign_00760,Seasonal,CH0004,2026-02-10,2026-03-12
CA00761,Campaign_00761,Retention,CH0001,2026-02-11,2026-03-13
CA00762,Campaign_00762,Flash,CH0002,2026-02-12,2026-03-14
CA00763,Campaign_00763,Acquisition,CH0003,2026-02-13,2026-03-15
CA00764,Campaign_00764,Seasonal,CH0004,2026-02-14,2026-03-16
CA00765,Campaign_00765,Retention,CH0001,2026-02-15,2026-03-17
CA00766,Campaign_00766,Flash,CH0002,2026-02-16,2026-03-18
CA00767,Campaign_00767,Acquisition,CH0003,2026-02-17,2026-03-19
CA00768,Campaign_00768,Seasonal,CH0004,2026-02-18,2026-03-20
CA00769,Campaign_00769,Retention,CH0001,2026-02-19,2026-03-21
CA00770,Campaign_00770,Flash,CH0002,2026-02-20,2026-03-22
CA00771,Campaign_00771,Acquisition,CH0003,2026-02-21,2026-03-23
CA00772,Campaign_00772,Seasonal,CH0004,2026-02-22,2026-03-24
CA00773,Campaign_00773,Retention,CH0001,2026-02-23,2026-03-25
CA00774,Campaign_00774,Flash,CH0002,2026-02-24,2026-03-26
CA00775,Campaign_00775,Acquisition,CH0003,2026-02-25,2026-03-27
CA00776,Campaign_00776,Seasonal,CH0004,2026-02-26,2026-03-28
CA00777,Campaign_00777,Retention,CH0001,2026-02-27,2026-03-29
CA00778,Campaign_00778,Flash,CH0002,2026-02-28,2026-03-30
CA00779,Campaign_00779,Acquisition,CH0003,2026-03-01,2026-03-31
CA00780,Campaign_00780,Seasonal,CH0004,2026-03-02,2026-04-01
CA00781,Campaign_00781,Retention,CH0001,2026-03-03,2026-04-02
CA00782,Campaign_00782,Flash,CH0002,2026-03-04,2026-04-03
CA00783,Campaign_00783,Acquisition,CH0003,2026-03-05,2026-04-04
CA00784,Campaign_00784,Seasonal,CH0004,2026-03-06,2026-04-05
CA00785,Campaign_00785,Retention,CH0001,2026-03-07,2026-04-06
CA00786,Campaign_00786,Flash,CH0002,2026-03-08,2026-04-07
CA00787,Campaign_00787,Acquisition,CH0003,2026-03-09,2026-04-08
CA00788,Campaign_00788,Seasonal,CH0004,2026-03-10,2026-04-09
CA00789,Campaign_00789,Retention,CH0001,2026-03-11,2026-04-10
CA00790,Campaign_00790,Flash,CH0002,2026-03-12,2026-04-11
CA00791,Campaign_00791,Acquisition,CH0003,2026-03-13,2026-04-12
CA00792,Campaign_00792,Seasonal,CH0004,2026-03-14,2026-04-13
CA00793,Campaign_00793,Retention,CH0001,2026-03-15,2026-04-14
CA00794,Campaign_00794,Flash,CH0002,2026-03-16,2026-04-15
CA00795,Campaign_00795,Acquisition,CH0003,2026-03-17,2026-04-16
CA00796,Campaign_00796,Seasonal,CH0004,2026-03-18,2026-04-17
CA00797,Campaign_00797,Retention,CH0001,2026-03-19,2026-04-18
CA00798,Campaign_00798,Flash,CH0002,2026-03-20,2026-04-19
CA00799,Campaign_00799,Acquisition,CH0003,2026-03-21,2026-04-20
CA00800,Campaign_00800,Seasonal,CH0004,2026-03-22,2026-04-21
CA00801,Campaign_00801,Retention,CH0001,2026-03-23,2026-04-22
CA00802,Campaign_00802,Flash,CH0002,2026-03-24,2026-04-23
CA00803,Campaign_00803,Acquisition,CH0003,2026-03-25,2026-04-24
CA00804,Campaign_00804,Seasonal,CH0004,2026-03-26,2026-04-25
CA00805,Campaign_00805,Retention,CH0001,2026-03-27,2026-04-26
CA00806,Campaign_00806,Flash,CH0002,2026-03-28,2026-04-27
CA00807,Campaign_00807,Acquisition,CH0003,2026-03-29,2026-04-28
CA00808,Campaign_00808,Seasonal,CH0004,2026-03-30,2026-04-29
CA00809,Campaign_00809,Retention,CH0001,2026-03-31,2026-04-30
CA00810,Campaign_00810,Flash,CH0002,2026-04-01,2026-05-01
CA00811,Campaign_00811,Acquisition,CH0003,2026-04-02,2026-05-02
CA00812,Campaign_00812,Seasonal,CH0004,2026-04-03,2026-05-03
CA00813,Campaign_00813,Retention,CH0001,2026-04-04,2026-05-04
CA00814,Campaign_00814,Flash,CH0002,2026-04-05,2026-05-05
CA00815,Campaign_00815,Acquisition,CH0003,2026-04-06,2026-05-06
CA00816,Campaign_00816,Seasonal,CH0004,2026-04-07,2026-05-07
CA00817,Campaign_00817,Retention,CH0001,2026-04-08,2026-05-08
CA00818,Campaign_00818,Flash,CH0002,2026-04-09,2026-05-09
CA00819,Campaign_00819,Acquisition,CH0003,2026-04-10,2026-05-10
CA00820,Campaign_00820,Seasonal,CH0004,2026-04-11,2026-05-11
CA00821,Campaign_00821,Retention,CH0001,2026-04-12,2026-05-12
CA00822,Campaign_00822,Flash,CH0002,2026-04-13,2026-05-13
CA00823,Campaign_00823,Acquisition,CH0003,2026-04-14,2026-05-14
CA00824,Campaign_00824,Seasonal,CH0004,2026-04-15,2026-05-15
CA00825,Campaign_00825,Retention,CH0001,2026-04-16,2026-05-16
CA00826,Campaign_00826,Flash,CH0002,2026-04-17,2026-05-17
CA00827,Campaign_00827,Acquisition,CH0003,2026-04-18,2026-05-18
CA00828,Campaign_00828,Seasonal,CH0004,2026-04-19,2026-05-19
CA00829,Campaign_00829,Retention,CH0001,2026-04-20,2026-05-20
CA00830,Campaign_00830,Flash,CH0002,2026-04-21,2026-05-21
CA00831,Campaign_00831,Acquisition,CH0003,2026-04-22,2026-05-22
CA00832,Campaign_00832,Seasonal,CH0004,2026-04-23,2026-05-23
CA00833,Campaign_00833,Retention,CH0001,2026-04-24,2026-05-24
CA00834,Campaign_00834,Flash,CH0002,2026-04-25,2026-05-25
CA00835,Campaign_00835,Acquisition,CH0003,2026-04-26,2026-05-26
CA00836,Campaign_00836,Seasonal,CH0004,2026-04-27,2026-05-27
CA00837,Campaign_00837,Retention,CH0001,2026-04-28,2026-05-28
CA00838,Campaign_00838,Flash,CH0002,2026-04-29,2026-05-29
CA00839,Campaign_00839,Acquisition,CH0003,2026-04-30,2026-05-30
CA00840,Campaign_00840,Seasonal,CH0004,2026-05-01,2026-05-31
CA00841,Campaign_00841,Retention,CH0001,2026-05-02,2026-06-01
CA00842,Campaign_00842,Flash,CH0002,2026-05-03,2026-06-02
CA00843,Campaign_00843,Acquisition,CH0003,2026-05-04,2026-06-03
CA00844,Campaign_00844,Seasonal,CH0004,2026-05-05,2026-06-04
CA00845,Campaign_00845,Retention,CH0001,2026-05-06,2026-06-05
CA00846,Campaign_00846,Flash,CH0002,2026-05-07,2026-06-06
CA00847,Campaign_00847,Acquisition,CH0003,2026-05-08,2026-06-07
CA00848,Campaign_00848,Seasonal,CH0004,2026-05-09,2026-06-08
CA00849,Campaign_00849,Retention,CH0001,2026-05-10,2026-06-09
CA00850,Campaign_00850,Flash,CH0002,2026-05-11,2026-06-10
CA00851,Campaign_00851,Acquisition,CH0003,2026-05-12,2026-06-11
CA00852,Campaign_00852,Seasonal,CH0004,2026-05-13,2026-06-12
CA00853,Campaign_00853,Retention,CH0001,2026-05-14,2026-06-13
CA00854,Campaign_00854,Flash,CH0002,2026-05-15,2026-06-14
CA00855,Campaign_00855,Acquisition,CH0003,2026-05-16,2026-06-15
CA00856,Campaign_00856,Seasonal,CH0004,2026-05-17,2026-06-16
CA00857,Campaign_00857,Retention,CH0001,2026-05-18,2026-06-17
CA00858,Campaign_00858,Flash,CH0002,2026-05-19,2026-06-18
CA00859,Campaign_00859,Acquisition,CH0003,2026-05-20,2026-06-19
CA00860,Campaign_00860,Seasonal,CH0004,2026-05-21,2026-06-20
CA00861,Campaign_00861,Retention,CH0001,2026-05-22,2026-06-21
CA00862,Campaign_00862,Flash,CH0002,2026-05-23,2026-06-22
CA00863,Campaign_00863,Acquisition,CH0003,2026-05-24,2026-06-23
CA00864,Campaign_00864,Seasonal,CH0004,2026-05-25,2026-06-24
CA00865,Campaign_00865,Retention,CH0001,2026-05-26,2026-06-25
CA00866,Campaign_00866,Flash,CH0002,2026-05-27,2026-06-26
CA00867,Campaign_00867,Acquisition,CH0003,2026-05-28,2026-06-27
CA00868,Campaign_00868,Seasonal,CH0004,2026-05-29,2026-06-28
CA00869,Campaign_00869,Retention,CH0001,2026-05-30,2026-06-29
CA00870,Campaign_00870,Flash,CH0002,2026-05-31,2026-06-30
CA00871,Campaign_00871,Acquisition,CH0003,2026-06-01,2026-07-01
CA00872,Campaign_00872,Seasonal,CH0004,2026-06-02,2026-07-02
CA00873,Campaign_00873,Retention,CH0001,2026-06-03,2026-07-03
CA00874,Campaign_00874,Flash,CH0002,2026-06-04,2026-07-04
CA00875,Campaign_00875,Acquisition,CH0003,2026-06-05,2026-07-05
CA00876,Campaign_00876,Seasonal,CH0004,2026-06-06,2026-07-06
CA00877,Campaign_00877,Retention,CH0001,2026-06-07,2026-07-07
CA00878,Campaign_00878,Flash,CH0002,2026-06-08,2026-07-08
CA00879,Campaign_00879,Acquisition,CH0003,2026-06-09,2026-07-09
CA00880,Campaign_00880,Seasonal,CH0004,2026-06-10,2026-07-10
CA00881,Campaign_00881,Retention,CH0001,2026-06-11,2026-07-11
CA00882,Campaign_00882,Flash,CH0002,2026-06-12,2026-07-12
CA00883,Campaign_00883,Acquisition,CH0003,2026-06-13,2026-07-13
CA00884,Campaign_00884,Seasonal,CH0004,2026-06-14,2026-07-14
CA00885,Campaign_00885,Retention,CH0001,2026-06-15,2026-07-15
CA00886,Campaign_00886,Flash,CH0002,2026-06-16,2026-07-16
CA00887,Campaign_00887,Acquisition,CH0003,2026-06-17,2026-07-17
CA00888,Campaign_00888,Seasonal,CH0004,2026-06-18,2026-07-18
CA00889,Campaign_00889,Retention,CH0001,2026-06-19,2026-07-19
CA00890,Campaign_00890,Flash,CH0002,2026-06-20,2026-07-20
CA00891,Campaign_00891,Acquisition,CH0003,2026-06-21,2026-07-21
CA00892,Campaign_00892,Seasonal,CH0004,2026-06-22,2026-07-22
CA00893,Campaign_00893,Retention,CH0001,2026-06-23,2026-07-23
CA00894,Campaign_00894,Flash,CH0002,2026-06-24,2026-07-24
CA00895,Campaign_00895,Acquisition,CH0003,2026-06-25,2026-07-25
CA00896,Campaign_00896,Seasonal,CH0004,2026-06-26,2026-07-26
CA00897,Campaign_00897,Retention,CH0001,2026-06-27,2026-07-27
CA00898,Campaign_00898,Flash,CH0002,2026-06-28,2026-07-28
CA00899,Campaign_00899,Acquisition,CH0003,2026-06-29,2026-07-29
CA00900,Campaign_00900,Seasonal,CH0004,2026-01-01,2026-01-31
CA00901,Campaign_00901,Retention,CH0001,2026-01-02,2026-02-01
CA00902,Campaign_00902,Flash,CH0002,2026-01-03,2026-02-02
CA00903,Campaign_00903,Acquisition,CH0003,2026-01-04,2026-02-03
CA00904,Campaign_00904,Seasonal,CH0004,2026-01-05,2026-02-04
CA00905,Campaign_00905,Retention,CH0001,2026-01-06,2026-02-05
CA00906,Campaign_00906,Flash,CH0002,2026-01-07,2026-02-06
CA00907,Campaign_00907,Acquisition,CH0003,2026-01-08,2026-02-07
CA00908,Campaign_00908,Seasonal,CH0004,2026-01-09,2026-02-08
CA00909,Campaign_00909,Retention,CH0001,2026-01-10,2026-02-09
CA00910,Campaign_00910,Flash,CH0002,2026-01-11,2026-02-10
CA00911,Campaign_00911,Acquisition,CH0003,2026-01-12,2026-02-11
CA00912,Campaign_00912,Seasonal,CH0004,2026-01-13,2026-02-12
CA00913,Campaign_00913,Retention,CH0001,2026-01-14,2026-02-13
CA00914,Campaign_00914,Flash,CH0002,2026-01-15,2026-02-14
CA00915,Campaign_00915,Acquisition,CH0003,2026-01-16,2026-02-15
CA00916,Campaign_00916,Seasonal,CH0004,2026-01-17,2026-02-16
CA00917,Campaign_00917,Retention,CH0001,2026-01-18,2026-02-17
CA00918,Campaign_00918,Flash,CH0002,2026-01-19,2026-02-18
CA00919,Campaign_00919,Acquisition,CH0003,2026-01-20,2026-02-19
CA00920,Campaign_00920,Seasonal,CH0004,2026-01-21,2026-02-20
CA00921,Campaign_00921,Retention,CH0001,2026-01-22,2026-02-21
CA00922,Campaign_00922,Flash,CH0002,2026-01-23,2026-02-22
CA00923,Campaign_00923,Acquisition,CH0003,2026-01-24,2026-02-23
CA00924,Campaign_00924,Seasonal,CH0004,2026-01-25,2026-02-24
CA00925,Campaign_00925,Retention,CH0001,2026-01-26,2026-02-25
CA00926,Campaign_00926,Flash,CH0002,2026-01-27,2026-02-26
CA00927,Campaign_00927,Acquisition,CH0003,2026-01-28,2026-02-27
CA00928,Campaign_00928,Seasonal,CH0004,2026-01-29,2026-02-28
CA00929,Campaign_00929,Retention,CH0001,2026-01-30,2026-03-01
CA00930,Campaign_00930,Flash,CH0002,2026-01-31,2026-03-02
CA00931,Campaign_00931,Acquisition,CH0003,2026-02-01,2026-03-03
CA00932,Campaign_00932,Seasonal,CH0004,2026-02-02,2026-03-04
CA00933,Campaign_00933,Retention,CH0001,2026-02-03,2026-03-05
CA00934,Campaign_00934,Flash,CH0002,2026-02-04,2026-03-06
CA00935,Campaign_00935,Acquisition,CH0003,2026-02-05,2026-03-07
CA00936,Campaign_00936,Seasonal,CH0004,2026-02-06,2026-03-08
CA00937,Campaign_00937,Retention,CH0001,2026-02-07,2026-03-09
CA00938,Campaign_00938,Flash,CH0002,2026-02-08,2026-03-10
CA00939,Campaign_00939,Acquisition,CH0003,2026-02-09,2026-03-11
CA00940,Campaign_00940,Seasonal,CH0004,2026-02-10,2026-03-12
CA00941,Campaign_00941,Retention,CH0001,2026-02-11,2026-03-13
CA00942,Campaign_00942,Flash,CH0002,2026-02-12,2026-03-14
CA00943,Campaign_00943,Acquisition,CH0003,2026-02-13,2026-03-15
CA00944,Campaign_00944,Seasonal,CH0004,2026-02-14,2026-03-16
CA00945,Campaign_00945,Retention,CH0001,2026-02-15,2026-03-17
CA00946,Campaign_00946,Flash,CH0002,2026-02-16,2026-03-18
CA00947,Campaign_00947,Acquisition,CH0003,2026-02-17,2026-03-19
CA00948,Campaign_00948,Seasonal,CH0004,2026-02-18,2026-03-20
CA00949,Campaign_00949,Retention,CH0001,2026-02-19,2026-03-21
CA00950,Campaign_00950,Flash,CH0002,2026-02-20,2026-03-22
CA00951,Campaign_00951,Acquisition,CH0003,2026-02-21,2026-03-23
CA00952,Campaign_00952,Seasonal,CH0004,2026-02-22,2026-03-24
CA00953,Campaign_00953,Retention,CH0001,2026-02-23,2026-03-25
CA00954,Campaign_00954,Flash,CH0002,2026-02-24,2026-03-26
CA00955,Campaign_00955,Acquisition,CH0003,2026-02-25,2026-03-27
CA00956,Campaign_00956,Seasonal,CH0004,2026-02-26,2026-03-28
CA00957,Campaign_00957,Retention,CH0001,2026-02-27,2026-03-29
CA00958,Campaign_00958,Flash,CH0002,2026-02-28,2026-03-30
CA00959,Campaign_00959,Acquisition,CH0003,2026-03-01,2026-03-31
CA00960,Campaign_00960,Seasonal,CH0004,2026-03-02,2026-04-01
CA00961,Campaign_00961,Retention,CH0001,2026-03-03,2026-04-02
CA00962,Campaign_00962,Flash,CH0002,2026-03-04,2026-04-03
CA00963,Campaign_00963,Acquisition,CH0003,2026-03-05,2026-04-04
CA00964,Campaign_00964,Seasonal,CH0004,2026-03-06,2026-04-05
CA00965,Campaign_00965,Retention,CH0001,2026-03-07,2026-04-06
CA00966,Campaign_00966,Flash,CH0002,2026-03-08,2026-04-07
CA00967,Campaign_00967,Acquisition,CH0003,2026-03-09,2026-04-08
CA00968,Campaign_00968,Seasonal,CH0004,2026-03-10,2026-04-09
CA00969,Campaign_00969,Retention,CH0001,2026-03-11,2026-04-10
CA00970,Campaign_00970,Flash,CH0002,2026-03-12,2026-04-11
CA00971,Campaign_00971,Acquisition,CH0003,2026-03-13,2026-04-12
CA00972,Campaign_00972,Seasonal,CH0004,2026-03-14,2026-04-13
CA00973,Campaign_00973,Retention,CH0001,2026-03-15,2026-04-14
CA00974,Campaign_00974,Flash,CH0002,2026-03-16,2026-04-15
CA00975,Campaign_00975,Acquisition,CH0003,2026-03-17,2026-04-16
CA00976,Campaign_00976,Seasonal,CH0004,2026-03-18,2026-04-17
CA00977,Campaign_00977,Retention,CH0001,2026-03-19,2026-04-18
CA00978,Campaign_00978,Flash,CH0002,2026-03-20,2026-04-19
CA00979,Campaign_00979,Acquisition,CH0003,2026-03-21,2026-04-20
CA00980,Campaign_00980,Seasonal,CH0004,2026-03-22,2026-04-21
CA00981,Campaign_00981,Retention,CH0001,2026-03-23,2026-04-22
CA00982,Campaign_00982,Flash,CH0002,2026-03-24,2026-04-23
CA00983,Campaign_00983,Acquisition,CH0003,2026-03-25,2026-04-24
CA00984,Campaign_00984,Seasonal,CH0004,2026-03-26,2026-04-25
CA00985,Campaign_00985,Retention,CH0001,2026-03-27,2026-04-26
CA00986,Campaign_00986,Flash,CH0002,2026-03-28,2026-04-27
CA00987,Campaign_00987,Acquisition,CH0003,2026-03-29,2026-04-28
CA00988,Campaign_00988,Seasonal,CH0004,2026-03-30,2026-04-29
CA00989,Campaign_00989,Retention,CH0001,2026-03-31,2026-04-30
CA00990,Campaign_00990,Flash,CH0002,2026-04-01,2026-05-01
CA00991,Campaign_00991,Acquisition,CH0003,2026-04-02,2026-05-02
CA00992,Campaign_00992,Seasonal,CH0004,2026-04-03,2026-05-03
CA00993,Campaign_00993,Retention,CH0001,2026-04-04,2026-05-04
CA00994,Campaign_00994,Flash,CH0002,2026-04-05,2026-05-05
CA00995,Campaign_00995,Acquisition,CH0003,2026-04-06,2026-05-06
CA00996,Campaign_00996,Seasonal,CH0004,2026-04-07,2026-05-07
CA00997,Campaign_00997,Retention,CH0001,2026-04-08,2026-05-08
CA00998,Campaign_00998,Flash,CH0002,2026-04-09,2026-05-09
CA00999,Campaign_00999,Acquisition,CH0003,2026-04-10,2026-05-10
CA01000,Campaign_01000,Seasonal,CH0004,2026-04-11,2026-05-11
