campaign_id,order_id,customer_id,attribution_model,attributed_revenue
CA00002,O00001,C00001,LastTouch,314.30
CA00004,O00002,C00002,MultiTouch,358.38
CA00006,O00002,C00002,MultiTouch,238.92
CA00006,O00003,C00003,LastTouch,69.20
CA00008,O00004,C00004,MultiTouch,329.08
CA00012,O00004,C00004,MultiTouch,219.39
CA00010,O00005,C00005,LastTouch,1077.50
CA00012,O00006,C00006,MultiTouch,80.04
CA00018,O00006,C00006,MultiTouch,53.36
CA00014,O00007,C00007,LastTouch,1043.80
CA00016,O00008,C00008,MultiTouch,546.47
CA00024,O00008,C00008,MultiTouch,364.31
CA00018,O00009,C00009,LastTouch,197.60
CA00020,O00010,C00010,MultiTouch,893.58
CA00030,O00010,C00010,MultiTouch,595.72
CA00022,O00011,C00011,LastTouch,2000.40
CA00024,O00012,C00012,MultiTouch,165.53
CA00036,O00012,C00012,MultiTouch,110.36
CA00026,O00013,C00013,LastTouch,1859.30
CA00028,O00014,C00014,MultiTouch,1465.26
CA00042,O00014,C00014,MultiTouch,976.84
CA00030,O00015,C00015,LastTouch,398.50
CA00032,O00016,C00016,MultiTouch,924.65
CA00048,O00016,C00016,MultiTouch,616.43
CA00034,O00017,C00017,LastTouch,2905.80
CA00036,O00018,C00018,MultiTouch,261.12
CA00054,O00018,C00018,MultiTouch,174.08
CA00038,O00019,C00019,LastTouch,2609.30
CA00040,O00020,C00020,MultiTouch,2045.10
CA00060,O00020,C00020,MultiTouch,1363.40
CA00042,O00021,C00021,LastTouch,507.90
CA00044,O00022,C00022,MultiTouch,1817.58
CA00066,O00022,C00022,MultiTouch,1211.72
CA00046,O00023,C00023,LastTouch,3856.20
CA00048,O00024,C00024,MultiTouch,291.80
CA00072,O00024,C00024,MultiTouch,194.53
CA00050,O00025,C00025,LastTouch,3431.80
CA00052,O00026,C00026,MultiTouch,2585.34
CA00078,O00026,C00026,MultiTouch,1723.56
CA00054,O00027,C00027,LastTouch,672.80
CA00056,O00028,C00028,MultiTouch,962.72
CA00084,O00028,C00028,MultiTouch,641.81
CA00058,O00029,C00029,LastTouch,4761.60
CA00060,O00030,C00030,MultiTouch,472.20
CA00090,O00030,C00030,MultiTouch,314.80
CA00062,O00031,C00031,LastTouch,4199.30
CA00064,O00032,C00032,MultiTouch,1766.42
CA00096,O00032,C00032,MultiTouch,1177.62
CA00066,O00033,C00033,LastTouch,0.00
CA00068,O00034,C00034,MultiTouch,1079.58
CA00102,O00034,C00034,MultiTouch,719.72
CA00070,O00035,C00035,LastTouch,2922.00
CA00072,O00036,C00036,MultiTouch,7.10
CA00108,O00036,C00036,MultiTouch,4.73
CA00074,O00037,C00037,LastTouch,324.30
CA00076,O00038,C00038,MultiTouch,368.82
CA00114,O00038,C00038,MultiTouch,245.88
CA00078,O00039,C00039,LastTouch,49.60
CA00080,O00040,C00040,MultiTouch,449.58
CA00120,O00040,C00040,MultiTouch,299.72
CA00082,O00041,C00041,LastTouch,1112.40
CA00084,O00042,C00042,MultiTouch,81.48
CA00126,O00042,C00042,MultiTouch,54.32
CA00086,O00043,C00043,LastTouch,1119.30
CA00088,O00044,C00044,MultiTouch,733.70
CA00132,O00044,C00044,MultiTouch,489.14
CA00090,O00045,C00045,LastTouch,250.50
CA00092,O00046,C00046,MultiTouch,896.58
CA00138,O00046,C00046,MultiTouch,597.72
CA00094,O00047,C00047,LastTouch,2017.80
CA00096,O00048,C00048,MultiTouch,116.18
CA00144,O00048,C00048,MultiTouch,77.46
CA00098,O00049,C00049,LastTouch,1820.80
CA00100,O00050,C00050,MultiTouch,1512.30
CA00150,O00050,C00050,MultiTouch,1008.20
CA00102,O00051,C00051,LastTouch,396.40
CA00104,O00052,C00052,MultiTouch,1188.50
CA00156,O00052,C00052,MultiTouch,792.34
CA00106,O00053,C00053,LastTouch,2968.20
CA00108,O00054,C00054,MultiTouch,276.36
CA00162,O00054,C00054,MultiTouch,184.24
CA00110,O00055,C00055,LastTouch,2691.80
CA00112,O00056,C00056,MultiTouch,807.98
CA00168,O00056,C00056,MultiTouch,538.65
CA00114,O00057,C00057,LastTouch,524.80
CA00116,O00058,C00058,MultiTouch,1823.58
CA00174,O00058,C00058,MultiTouch,1215.72
CA00118,O00059,C00059,LastTouch,3873.60
CA00120,O00060,C00060,MultiTouch,383.40
CA00180,O00060,C00060,MultiTouch,255.60
CA00122,O00061,C00061,LastTouch,3459.30
CA00124,O00062,C00062,MultiTouch,2622.78
CA00186,O00062,C00062,MultiTouch,1748.52
CA00126,O00063,C00063,LastTouch,688.70
CA00128,O00064,C00064,MultiTouch,1782.07
CA00192,O00064,C00064,MultiTouch,1188.05
CA00130,O00065,C00065,LastTouch,4851.50
CA00132,O00066,C00066,MultiTouch,457.44
CA00198,O00066,C00066,MultiTouch,304.96
CA00134,O00067,C00067,LastTouch,4209.30
CA00136,O00068,C00068,MultiTouch,1227.56
CA00204,O00068,C00068,MultiTouch,818.38
CA00138,O00069,C00069,LastTouch,826.60
CA00140,O00070,C00070,MultiTouch,1094.58
CA00210,O00070,C00070,MultiTouch,729.72
CA00142,O00071,C00071,LastTouch,2999.40
CA00144,O00072,C00072,MultiTouch,12.80
CA00216,O00072,C00072,MultiTouch,8.53
CA00146,O00073,C00073,LastTouch,379.30
CA00148,O00074,C00074,MultiTouch,406.26
CA00222,O00074,C00074,MultiTouch,270.84
CA00150,O00075,C00075,LastTouch,102.50
CA00152,O00076,C00076,MultiTouch,320.81
CA00228,O00076,C00076,MultiTouch,213.87
CA00154,O00077,C00077,LastTouch,1114.30
CA00156,O00078,C00078,MultiTouch,83.52
CA00234,O00078,C00078,MultiTouch,55.68
CA00158,O00079,C00079,LastTouch,1129.30
CA00160,O00080,C00080,MultiTouch,979.50
CA00240,O00080,C00080,MultiTouch,653.00
CA00162,O00081,C00081,LastTouch,248.40
CA00164,O00082,C00082,MultiTouch,929.58
CA00246,O00082,C00082,MultiTouch,619.72
CA00166,O00083,C00083,LastTouch,2080.20
CA00168,O00084,C00084,MultiTouch,72.49
CA00252,O00084,C00084,MultiTouch,48.33
CA00170,O00085,C00085,LastTouch,1951.80
CA00172,O00086,C00086,MultiTouch,1519.74
CA00258,O00086,C00086,MultiTouch,1013.16
CA00174,O00087,C00087,LastTouch,376.80
CA00176,O00088,C00088,MultiTouch,828.47
CA00264,O00088,C00088,MultiTouch,552.31
CA00178,O00089,C00089,LastTouch,2985.60
CA00180,O00090,C00090,MultiTouch,294.60
CA00270,O00090,C00090,MultiTouch,196.40
CA00182,O00091,C00091,LastTouch,2712.80
CA00184,O00092,C00092,MultiTouch,1804.61
CA00276,O00092,C00092,MultiTouch,1203.07
CA00186,O00093,C00093,LastTouch,550.20
CA00188,O00094,C00094,MultiTouch,1856.58
CA00282,O00094,C00094,MultiTouch,1237.72
CA00190,O00095,C00095,LastTouch,3963.50
CA00192,O00096,C00096,MultiTouch,263.73
CA00288,O00096,C00096,MultiTouch,175.82
CA00194,O00097,C00097,LastTouch,3469.30
CA00196,O00098,C00098,MultiTouch,2614.02
CA00294,O00098,C00098,MultiTouch,1742.68
CA00198,O00099,C00099,LastTouch,678.60
CA00200,O00100,C00100,MultiTouch,2336.58
CA00300,O00100,C00100,MultiTouch,1557.72
CA00202,O00101,C00101,LastTouch,4886.40
CA00204,O00102,C00102,MultiTouch,472.68
CA00306,O00102,C00102,MultiTouch,315.12
CA00206,O00103,C00103,LastTouch,4264.30
CA00208,O00104,C00104,MultiTouch,1622.59
CA00312,O00104,C00104,MultiTouch,1081.73
CA00210,O00105,C00105,LastTouch,867.00
CA00212,O00106,C00106,MultiTouch,1118.58
CA00318,O00106,C00106,MultiTouch,745.72
CA00214,O00107,C00107,LastTouch,3016.80
CA00216,O00108,C00108,MultiTouch,11.40
CA00324,O00108,C00108,MultiTouch,7.60
CA00218,O00109,C00109,LastTouch,389.30
CA00220,O00110,C00110,MultiTouch,446.70
CA00330,O00110,C00110,MultiTouch,297.80
CA00222,O00111,C00111,LastTouch,100.40
CA00224,O00112,C00112,MultiTouch,237.11
CA00336,O00112,C00112,MultiTouch,158.07
CA00226,O00113,C00113,LastTouch,1192.20
CA00228,O00114,C00114,MultiTouch,98.76
CA00342,O00114,C00114,MultiTouch,65.84
CA00230,O00115,C00115,LastTouch,1211.80
CA00232,O00116,C00116,MultiTouch,684.17
CA00348,O00116,C00116,MultiTouch,456.12
CA00234,O00117,C00117,LastTouch,228.80
CA00236,O00118,C00118,MultiTouch,935.58
CA00354,O00118,C00118,MultiTouch,623.72
CA00238,O00119,C00119,LastTouch,2079.10
CA00240,O00120,C00120,MultiTouch,205.80
CA00360,O00120,C00120,MultiTouch,137.20
CA00242,O00121,C00121,LastTouch,1979.30
CA00244,O00122,C00122,MultiTouch,1557.18
CA00366,O00122,C00122,MultiTouch,1038.12
CA00246,O00123,C00123,LastTouch,402.20
CA00248,O00124,C00124,MultiTouch,1098.31
CA00372,O00124,C00124,MultiTouch,732.21
CA00250,O00125,C00125,LastTouch,3075.50
CA00252,O00126,C00126,MultiTouch,253.44
CA00378,O00126,C00126,MultiTouch,168.96
CA00254,O00127,C00127,LastTouch,2729.30
CA00256,O00128,C00128,MultiTouch,1253.76
CA00384,O00128,C00128,MultiTouch,835.84
CA00258,O00129,C00129,LastTouch,530.60
CA00260,O00130,C00130,MultiTouch,1892.58
CA00390,O00130,C00130,MultiTouch,1261.72
CA00262,O00131,C00131,LastTouch,3998.40
CA00264,O00132,C00132,MultiTouch,337.36
CA00396,O00132,C00132,MultiTouch,224.91
CA00266,O00133,C00133,LastTouch,3499.80
CA00268,O00134,C00134,MultiTouch,2670.66
CA00402,O00134,C00134,MultiTouch,1780.44
CA00270,O00135,C00135,LastTouch,731.50
CA00272,O00136,C00136,MultiTouch,1603.97
CA00408,O00136,C00136,MultiTouch,1069.31
CA00274,O00137,C00137,LastTouch,4903.80
CA00276,O00138,C00138,MultiTouch,460.92
CA00414,O00138,C00138,MultiTouch,307.28
CA00278,O00139,C00139,LastTouch,4274.30
CA00280,O00140,C00140,MultiTouch,2027.20
CA00420,O00140,C00140,MultiTouch,1351.47
CA00282,O00141,C00141,LastTouch,877.40
CA00284,O00142,C00142,MultiTouch,1151.58
CA00426,O00142,C00142,MultiTouch,767.72
CA00286,O00143,C00143,LastTouch,304.20
CA00288,O00144,C00144,MultiTouch,18.29
CA00432,O00144,C00144,MultiTouch,12.20
CA00290,O00145,C00145,LastTouch,471.80
CA00292,O00146,C00146,MultiTouch,454.14
CA00438,O00146,C00146,MultiTouch,302.76
CA00294,O00147,C00147,LastTouch,50.30
CA00296,O00148,C00148,MultiTouch,304.55
CA00444,O00148,C00148,MultiTouch,203.03
CA00298,O00149,C00149,LastTouch,1209.60
CA00300,O00150,C00150,MultiTouch,117.00
CA00450,O00150,C00150,MultiTouch,78.00
CA00302,O00151,C00151,LastTouch,1239.30
CA00304,O00152,C00152,MultiTouch,888.19
CA00456,O00152,C00152,MultiTouch,592.13
CA00306,O00153,C00153,LastTouch,254.20
CA00308,O00154,C00154,MultiTouch,961.98
CA00462,O00154,C00154,MultiTouch,641.32
CA00310,O00155,C00155,LastTouch,2187.50
CA00312,O00156,C00156,MultiTouch,142.96
CA00468,O00156,C00156,MultiTouch,95.31
CA00314,O00157,C00157,LastTouch,1989.30
CA00316,O00158,C00158,MultiTouch,1567.62
CA00474,O00158,C00158,MultiTouch,1045.08
CA00318,O00159,C00159,LastTouch,382.60
CA00320,O00160,C00160,MultiTouch,1448.58
CA00480,O00160,C00160,MultiTouch,965.72
CA00322,O00161,C00161,LastTouch,3073.90
CA00324,O00162,C00162,MultiTouch,295.08
CA00486,O00162,C00162,MultiTouch,196.72
CA00326,O00163,C00163,LastTouch,2784.30
CA00328,O00164,C00164,MultiTouch,1656.78
CA00492,O00164,C00164,MultiTouch,1104.52
CA00330,O00165,C00165,LastTouch,583.50
CA00332,O00166,C00166,MultiTouch,1895.58
CA00498,O00166,C00166,MultiTouch,1263.72
CA00334,O00167,C00167,LastTouch,4015.80
CA00336,O00168,C00168,MultiTouch,166.62
CA00504,O00168,C00168,MultiTouch,111.08
CA00338,O00169,C00169,LastTouch,3534.30
CA00340,O00170,C00170,MultiTouch,1379.10
CA00510,O00170,C00170,MultiTouch,919.40
CA00342,O00171,C00171,LastTouch,729.40
CA00344,O00172,C00172,MultiTouch,138.44
CA00516,O00172,C00172,MultiTouch,92.30
CA00346,O00173,C00173,LastTouch,526.20
CA00348,O00174,C00174,MultiTouch,32.16
CA00522,O00174,C00174,MultiTouch,21.44
CA00350,O00175,C00175,LastTouch,614.30
CA00352,O00176,C00176,MultiTouch,412.45
CA00528,O00176,C00176,MultiTouch,274.96
CA00354,O00177,C00177,LastTouch,117.80
CA00356,O00178,C00178,MultiTouch,602.58
CA00534,O00178,C00178,MultiTouch,401.72
CA00358,O00179,C00179,LastTouch,1431.60
CA00360,O00180,C00180,MultiTouch,139.20
CA00540,O00180,C00180,MultiTouch,92.80
CA00362,O00181,C00181,LastTouch,1424.30
CA00364,O00182,C00182,MultiTouch,1152.78
CA00546,O00182,C00182,MultiTouch,768.52
CA00366,O00183,C00183,LastTouch,291.20
CA00368,O00184,C00184,MultiTouch,841.90
CA00552,O00184,C00184,MultiTouch,561.27
CA00370,O00185,C00185,LastTouch,2409.50
CA00372,O00186,C00186,MultiTouch,213.24
CA00558,O00186,C00186,MultiTouch,142.16
CA00374,O00187,C00187,LastTouch,2174.30
CA00376,O00188,C00188,MultiTouch,1018.00
CA00564,O00188,C00188,MultiTouch,678.66
CA00378,O00189,C00189,LastTouch,386.10
CA00380,O00190,C00190,MultiTouch,1559.58
CA00570,O00190,C00190,MultiTouch,1039.72
CA00382,O00191,C00191,LastTouch,3332.40
CA00384,O00192,C00192,MultiTouch,280.09
CA00576,O00192,C00192,MultiTouch,186.72
CA00386,O00193,C00193,LastTouch,2969.30
CA00388,O00194,C00194,MultiTouch,2271.06
CA00582,O00194,C00194,MultiTouch,1514.04
CA00390,O00195,C00195,LastTouch,620.50
CA00392,O00196,C00196,MultiTouch,1093.92
CA00588,O00196,C00196,MultiTouch,729.28
CA00394,O00197,C00197,LastTouch,4237.80
CA00396,O00198,C00198,MultiTouch,394.32
CA00594,O00198,C00198,MultiTouch,262.88
CA00398,O00199,C00199,LastTouch,3719.30
CA00400,O00200,C00200,MultiTouch,2844.30
CA00600,O00200,C00200,MultiTouch,1896.20
CA00402,O00201,C00201,LastTouch,766.40
CA00404,O00202,C00202,MultiTouch,2483.58
CA00606,O00202,C00202,MultiTouch,1655.72
CA00406,O00203,C00203,LastTouch,5148.70
CA00408,O00204,C00204,MultiTouch,394.36
CA00612,O00204,C00204,MultiTouch,262.91
CA00410,O00205,C00205,LastTouch,4541.80
CA00412,O00206,C00206,MultiTouch,1719.54
CA00618,O00206,C00206,MultiTouch,1146.36
CA00414,O00207,C00207,LastTouch,894.80
CA00416,O00208,C00208,MultiTouch,108.08
CA00624,O00208,C00208,MultiTouch,72.05
CA00418,O00209,C00209,LastTouch,543.60
CA00420,O00210,C00210,MultiTouch,38.40
CA00630,O00210,C00210,MultiTouch,25.60
CA00422,O00211,C00211,LastTouch,684.30
CA00424,O00212,C00212,MultiTouch,544.54
CA00636,O00212,C00212,MultiTouch,363.02
CA00426,O00213,C00213,LastTouch,143.20
CA00428,O00214,C00214,MultiTouch,635.58
CA00642,O00214,C00214,MultiTouch,423.72
CA00430,O00215,C00215,LastTouch,1521.50
CA00432,O00216,C00216,MultiTouch,97.67
CA00648,O00216,C00216,MultiTouch,65.12
CA00434,O00217,C00217,LastTouch,1388.80
CA00436,O00218,C00218,MultiTouch,1168.02
CA00654,O00218,C00218,MultiTouch,778.68
CA00438,O00219,C00219,LastTouch,271.60
CA00440,O00220,C00220,MultiTouch,1115.58
CA00660,O00220,C00220,MultiTouch,743.72
CA00442,O00221,C00221,LastTouch,2444.40
CA00444,O00222,C00222,MultiTouch,228.48
CA00666,O00222,C00222,MultiTouch,152.32
CA00446,O00223,C00223,LastTouch,2229.30
CA00448,O00224,C00224,MultiTouch,893.55
CA00672,O00224,C00224,MultiTouch,595.70
CA00450,O00225,C00225,LastTouch,472.50
CA00452,O00226,C00226,MultiTouch,1562.58
CA00678,O00226,C00226,MultiTouch,1041.72
CA00454,O00227,C00227,LastTouch,3349.80
CA00456,O00228,C00228,MultiTouch,194.77
CA00684,O00228,C00228,MultiTouch,129.85
CA00458,O00229,C00229,LastTouch,2979.30
CA00460,O00230,C00230,MultiTouch,2311.50
CA00690,O00230,C00230,MultiTouch,1541.00
CA00462,O00231,C00231,LastTouch,611.90
CA00464,O00232,C00232,MultiTouch,1761.26
CA00696,O00232,C00232,MultiTouch,1174.18
CA00466,O00233,C00233,LastTouch,4300.20
CA00468,O00234,C00234,MultiTouch,409.56
CA00702,O00234,C00234,MultiTouch,273.04
CA00470,O00235,C00235,LastTouch,3801.80
CA00472,O00236,C00236,MultiTouch,1952.24
CA00708,O00236,C00236,MultiTouch,1301.49
CA00474,O00237,C00237,LastTouch,746.80
CA00476,O00238,C00238,MultiTouch,2470.38
CA00714,O00238,C00238,MultiTouch,1646.92
CA00478,O00239,C00239,LastTouch,5205.60
CA00480,O00240,C00240,MultiTouch,516.60
CA00720,O00240,C00240,MultiTouch,344.40
CA00482,O00241,C00241,LastTouch,1794.30
CA00484,O00242,C00242,MultiTouch,1756.98
CA00726,O00242,C00242,MultiTouch,1171.32
CA00486,O00243,C00243,LastTouch,0.00
CA00488,O00244,C00244,MultiTouch,158.14
CA00732,O00244,C00244,MultiTouch,105.43
CA00490,O00245,C00245,LastTouch,621.00
CA00492,O00246,C00246,MultiTouch,35.64
CA00738,O00246,C00246,MultiTouch,23.76
CA00494,O00247,C00247,LastTouch,694.30
CA00496,O00248,C00248,MultiTouch,389.29
CA00744,O00248,C00248,MultiTouch,259.53
CA00498,O00249,C00249,LastTouch,123.60
CA00500,O00250,C00250,MultiTouch,671.58
CA00750,O00250,C00250,MultiTouch,447.72
CA00502,O00251,C00251,LastTouch,1556.40
CA00504,O00252,C00252,MultiTouch,71.08
CA00756,O00252,C00252,MultiTouch,47.38
CA00506,O00253,C00253,LastTouch,1489.30
CA00508,O00254,C00254,MultiTouch,1205.46
CA00762,O00254,C00254,MultiTouch,803.64
CA00510,O00255,C00255,LastTouch,324.50
CA00512,O00256,C00256,MultiTouch,773.69
CA00768,O00256,C00256,MultiTouch,515.79
CA00514,O00257,C00257,LastTouch,2461.80
CA00516,O00258,C00258,MultiTouch,216.72
CA00774,O00258,C00258,MultiTouch,144.48
CA00518,O00259,C00259,LastTouch,2220.80
CA00520,O00260,C00260,MultiTouch,1778.70
CA00780,O00260,C00260,MultiTouch,1185.80
CA00522,O00261,C00261,LastTouch,470.40
CA00524,O00262,C00262,MultiTouch,1595.58
CA00786,O00262,C00262,MultiTouch,1063.72
CA00526,O00263,C00263,LastTouch,3412.20
CA00528,O00264,C00264,MultiTouch,257.61
CA00792,O00264,C00264,MultiTouch,171.74
CA00530,O00265,C00265,LastTouch,3061.80
CA00532,O00266,C00266,MultiTouch,2292.54
CA00798,O00266,C00266,MultiTouch,1528.36
CA00534,O00267,C00267,LastTouch,598.80
CA00536,O00268,C00268,MultiTouch,1221.41
CA00804,O00268,C00268,MultiTouch,814.27
CA00538,O00269,C00269,LastTouch,4317.60
CA00540,O00270,C00270,MultiTouch,427.80
CA00810,O00270,C00270,MultiTouch,285.20
CA00542,O00271,C00271,LastTouch,3829.30
CA00544,O00272,C00272,MultiTouch,2491.92
CA00816,O00272,C00272,MultiTouch,1661.28
CA00546,O00273,C00273,LastTouch,762.70
CA00548,O00274,C00274,MultiTouch,2522.58
CA00822,O00274,C00274,MultiTouch,1681.72
CA00550,O00275,C00275,LastTouch,3445.50
CA00552,O00276,C00276,MultiTouch,354.31
CA00828,O00276,C00276,MultiTouch,236.20
CA00554,O00277,C00277,LastTouch,1804.30
CA00556,O00278,C00278,MultiTouch,1767.42
CA00834,O00278,C00278,MultiTouch,1178.28
CA00558,O00279,C00279,LastTouch,0.00
CA00560,O00280,C00280,MultiTouch,147.93
CA00840,O00280,C00280,MultiTouch,98.62
CA00562,O00281,C00281,LastTouch,668.40
CA00564,O00282,C00282,MultiTouch,50.88
CA00846,O00282,C00282,MultiTouch,33.92
CA00566,O00283,C00283,LastTouch,749.30
CA00568,O00284,C00284,MultiTouch,528.58
CA00852,O00284,C00284,MultiTouch,352.38
CA00570,O00285,C00285,LastTouch,176.50
CA00572,O00286,C00286,MultiTouch,674.58
CA00858,O00286,C00286,MultiTouch,449.72
CA00574,O00287,C00287,LastTouch,1558.30
CA00576,O00288,C00288,MultiTouch,89.99
CA00864,O00288,C00288,MultiTouch,59.99
CA00578,O00289,C00289,LastTouch,1499.30
CA00580,O00290,C00290,MultiTouch,1245.90
CA00870,O00290,C00290,MultiTouch,830.60
CA00582,O00291,C00291,LastTouch,322.40
CA00584,O00292,C00292,MultiTouch,997.58
CA00876,O00292,C00292,MultiTouch,665.06
CA00586,O00293,C00293,LastTouch,2524.20
CA00588,O00294,C00294,MultiTouch,207.36
CA00882,O00294,C00294,MultiTouch,138.24
CA00590,O00295,C00295,LastTouch,2321.80
CA00592,O00296,C00296,MultiTouch,1227.63
CA00888,O00296,C00296,MultiTouch,818.42
CA00594,O00297,C00297,LastTouch,450.80
CA00596,O00298,C00298,MultiTouch,1601.58
CA00894,O00298,C00298,MultiTouch,1067.72
CA00598,O00299,C00299,LastTouch,3429.60
CA00600,O00300,C00300,MultiTouch,339.00
CA00900,O00300,C00300,MultiTouch,226.00
CA00602,O00301,C00301,LastTouch,3067.80
CA00604,O00302,C00302,MultiTouch,2356.38
CA00906,O00302,C00302,MultiTouch,1570.92
CA00606,O00303,C00303,LastTouch,624.20
CA00608,O00304,C00304,MultiTouch,1611.13
CA00912,O00304,C00304,MultiTouch,1074.09
CA00610,O00305,C00305,LastTouch,4407.50
CA00612,O00306,C00306,MultiTouch,413.04
CA00918,O00306,C00306,MultiTouch,275.36
CA00614,O00307,C00307,LastTouch,3839.30
CA00616,O00308,C00308,MultiTouch,350.90
CA00924,O00308,C00308,MultiTouch,233.94
CA00618,O00309,C00309,LastTouch,752.60
CA00620,O00310,C00310,MultiTouch,2558.58
CA00930,O00310,C00310,MultiTouch,1705.72
CA00622,O00311,C00311,LastTouch,3480.40
CA00624,O00312,C00312,MultiTouch,451.91
CA00936,O00312,C00312,MultiTouch,301.28
CA00626,O00313,C00313,LastTouch,1859.30
CA00628,O00314,C00314,MultiTouch,1804.86
CA00942,O00314,C00314,MultiTouch,1203.24
CA00630,O00315,C00315,LastTouch,1.00
CA00632,O00316,C00316,MultiTouch,169.85
CA00948,O00316,C00316,MultiTouch,113.23
CA00634,O00317,C00317,LastTouch,685.80
CA00636,O00318,C00318,MultiTouch,39.12
CA00954,O00318,C00318,MultiTouch,26.08
CA00638,O00319,C00319,LastTouch,759.30
CA00640,O00320,C00320,MultiTouch,713.10
CA00960,O00320,C00320,MultiTouch,475.40
CA00642,O00321,C00321,LastTouch,174.40
CA00644,O00322,C00322,MultiTouch,702.78
CA00966,O00322,C00322,MultiTouch,468.52
CA00646,O00323,C00323,LastTouch,1636.20
CA00648,O00324,C00324,MultiTouch,120.86
CA00972,O00324,C00324,MultiTouch,80.57
CA00650,O00325,C00325,LastTouch,1581.80
CA00652,O00326,C00326,MultiTouch,1253.34
CA00978,O00326,C00326,MultiTouch,835.56
CA00654,O00327,C00327,LastTouch,302.80
CA00656,O00328,C00328,MultiTouch,697.49
CA00984,O00328,C00328,MultiTouch,464.99
CA00658,O00329,C00329,LastTouch,2508.10
CA00660,O00330,C00330,MultiTouch,250.20
CA00990,O00330,C00330,MultiTouch,166.80
CA00662,O00331,C00331,LastTouch,2349.30
CA00664,O00332,C00332,MultiTouch,1575.50
CA00996,O00332,C00332,MultiTouch,1050.34
CA00666,O00333,C00333,LastTouch,476.20
CA00668,O00334,C00334,MultiTouch,1643.58
CA00002,O00334,C00334,MultiTouch,1095.72
CA00670,O00335,C00335,LastTouch,3519.50
CA00672,O00336,C00336,MultiTouch,236.98
CA00008,O00336,C00336,MultiTouch,157.98
CA00674,O00337,C00337,LastTouch,3114.30
CA00676,O00338,C00338,MultiTouch,2375.82
CA00014,O00338,C00338,MultiTouch,1583.88
CA00678,O00339,C00339,LastTouch,619.60
CA00680,O00340,C00340,MultiTouch,2114.58
CA00020,O00340,C00340,MultiTouch,1409.72
CA00682,O00341,C00341,LastTouch,2932.40
CA00684,O00342,C00342,MultiTouch,410.28
CA00026,O00342,C00342,MultiTouch,273.52
CA00686,O00343,C00343,LastTouch,124.80
CA00688,O00344,C00344,MultiTouch,263.91
CA00032,O00344,C00344,MultiTouch,175.94
CA00690,O00345,C00345,LastTouch,65.50
CA00692,O00346,C00346,MultiTouch,350.58
CA00038,O00346,C00346,MultiTouch,233.72
CA00694,O00347,C00347,LastTouch,922.80
CA00696,O00348,C00348,MultiTouch,63.58
CA00044,O00348,C00348,MultiTouch,42.39
CA00698,O00349,C00349,LastTouch,959.30
CA00700,O00350,C00350,MultiTouch,483.30
CA00050,O00350,C00350,MultiTouch,322.20
CA00702,O00351,C00351,LastTouch,181.40
CA00704,O00352,C00352,MultiTouch,463.11
CA00056,O00352,C00352,MultiTouch,308.74
CA00706,O00353,C00353,LastTouch,1828.20
CA00708,O00354,C00354,MultiTouch,174.36
CA00062,O00354,C00354,MultiTouch,116.24
CA00710,O00355,C00355,LastTouch,1766.80
CA00712,O00356,C00356,MultiTouch,1166.77
CA00068,O00356,C00356,MultiTouch,777.84
CA00714,O00357,C00357,LastTouch,309.30
CA00716,O00358,C00358,MultiTouch,1277.58
CA00074,O00358,C00358,MultiTouch,851.72
CA00718,O00359,C00359,LastTouch,2778.60
CA00720,O00360,C00360,MultiTouch,272.40
CA00080,O00360,C00360,MultiTouch,181.60
CA00722,O00361,C00361,LastTouch,2504.30
CA00724,O00362,C00362,MultiTouch,1938.78
CA00086,O00362,C00362,MultiTouch,1292.52
CA00726,O00363,C00363,LastTouch,483.20
CA00728,O00364,C00364,MultiTouch,1425.10
CA00092,O00364,C00364,MultiTouch,950.06
CA00730,O00365,C00365,LastTouch,3741.50
CA00732,O00366,C00366,MultiTouch,355.44
CA00098,O00366,C00366,MultiTouch,236.96
CA00734,O00367,C00367,LastTouch,3299.30
CA00736,O00368,C00368,MultiTouch,1868.22
CA00104,O00368,C00368,MultiTouch,1245.48
CA00738,O00369,C00369,LastTouch,656.60
CA00740,O00370,C00370,MultiTouch,2225.58
CA00110,O00370,C00370,MultiTouch,1483.72
CA00742,O00371,C00371,LastTouch,4597.90
CA00744,O00372,C00372,MultiTouch,256.97
CA00116,O00372,C00372,MultiTouch,171.32
CA00746,O00373,C00373,LastTouch,4049.30
CA00748,O00374,C00374,MultiTouch,3079.26
CA00122,O00374,C00374,MultiTouch,2052.84
CA00750,O00375,C00375,LastTouch,842.50
CA00752,O00376,C00376,MultiTouch,2234.18
CA00128,O00376,C00376,MultiTouch,1489.45
CA00754,O00377,C00377,LastTouch,2809.80
CA00756,O00378,C00378,MultiTouch,526.32
CA00134,O00378,C00378,MultiTouch,350.88
CA00758,O00379,C00379,LastTouch,219.30
CA00760,O00380,C00380,MultiTouch,313.50
CA00140,O00380,C00380,MultiTouch,209.00
CA00762,O00381,C00381,LastTouch,33.40
CA00764,O00382,C00382,MultiTouch,356.58
CA00146,O00382,C00382,MultiTouch,237.72
CA00766,O00383,C00383,LastTouch,940.20
CA00768,O00384,C00384,MultiTouch,83.13
CA00152,O00384,C00384,MultiTouch,55.42
CA00770,O00385,C00385,LastTouch,984.30
CA00772,O00386,C00386,MultiTouch,862.74
CA00158,O00386,C00386,MultiTouch,575.16
CA00774,O00387,C00387,LastTouch,206.80
CA00776,O00388,C00388,MultiTouch,628.39
CA00164,O00388,C00388,MultiTouch,418.93
CA00778,O00389,C00389,LastTouch,1890.60
CA00780,O00390,C00390,MultiTouch,183.60
CA00170,O00390,C00390,MultiTouch,122.40
CA00782,O00391,C00391,LastTouch,1764.30
CA00784,O00392,C00392,MultiTouch,472.69
CA00176,O00392,C00392,MultiTouch,315.12
CA00786,O00393,C00393,LastTouch,335.20
CA00788,O00394,C00394,MultiTouch,1310.58
CA00182,O00394,C00394,MultiTouch,873.72
CA00790,O00395,C00395,LastTouch,2853.50
CA00792,O00396,C00396,MultiTouch,229.78
CA00188,O00396,C00396,MultiTouch,153.18
CA00794,O00397,C00397,LastTouch,2559.30
CA00796,O00398,C00398,MultiTouch,1976.22
CA00194,O00398,C00398,MultiTouch,1317.48
CA00798,O00399,C00399,LastTouch,460.10
CA00800,O00400,C00400,MultiTouch,1781.58
CA00200,O00400,C00400,MultiTouch,1187.72
CA00802,O00401,C00401,LastTouch,3746.40
CA00804,O00402,C00402,MultiTouch,343.68
CA00206,O00402,C00402,MultiTouch,229.12
CA00806,O00403,C00403,LastTouch,3309.30
CA00808,O00404,C00404,MultiTouch,2347.16
CA00212,O00404,C00404,MultiTouch,1564.77
CA00810,O00405,C00405,LastTouch,694.50
CA00812,O00406,C00406,MultiTouch,2220.18
CA00218,O00406,C00406,MultiTouch,1480.12
CA00814,O00407,C00407,LastTouch,4696.80
CA00816,O00408,C00408,MultiTouch,342.86
CA00224,O00408,C00408,MultiTouch,228.57
CA00818,O00409,C00409,LastTouch,4104.30
CA00820,O00410,C00410,MultiTouch,3110.70
CA00230,O00410,C00410,MultiTouch,2073.80
CA00822,O00411,C00411,LastTouch,810.40
CA00824,O00412,C00412,MultiTouch,1519.83
CA00236,O00412,C00412,MultiTouch,1013.22
CA00826,O00413,C00413,LastTouch,2817.70
CA00828,O00414,C00414,MultiTouch,551.76
CA00242,O00414,C00414,MultiTouch,367.84
CA00830,O00415,C00415,LastTouch,286.80
CA00832,O00416,C00416,MultiTouch,282.32
CA00248,O00416,C00416,MultiTouch,188.21
CA00834,O00417,C00417,LastTouch,58.80
CA00836,O00418,C00418,MultiTouch,389.58
CA00254,O00418,C00418,MultiTouch,259.72
CA00838,O00419,C00419,LastTouch,1002.60
CA00840,O00420,C00420,MultiTouch,61.62
CA00260,O00420,C00420,MultiTouch,41.08
CA00842,O00421,C00421,LastTouch,1024.30
CA00844,O00422,C00422,MultiTouch,873.18
CA00266,O00422,C00422,MultiTouch,582.12
CA00846,O00423,C00423,LastTouch,187.20
CA00848,O00424,C00424,MultiTouch,801.67
CA00272,O00424,C00424,MultiTouch,534.45
CA00850,O00425,C00425,LastTouch,1965.50
CA00852,O00426,C00426,MultiTouch,177.84
CA00278,O00426,C00426,MultiTouch,118.56
CA00854,O00427,C00427,LastTouch,1803.80
CA00856,O00428,C00428,MultiTouch,1079.68
CA00284,O00428,C00428,MultiTouch,719.78
CA00858,O00429,C00429,LastTouch,360.60
CA00860,O00430,C00430,MultiTouch,1337.58
CA00290,O00430,C00430,MultiTouch,891.72
CA00862,O00431,C00431,LastTouch,2858.40
CA00864,O00432,C00432,MultiTouch,157.52
CA00296,O00432,C00432,MultiTouch,105.01
CA00866,O00433,C00433,LastTouch,2569.30
CA00868,O00434,C00434,MultiTouch,1989.06
CA00302,O00434,C00434,MultiTouch,1326.04
CA00870,O00435,C00435,LastTouch,546.50
CA00872,O00436,C00436,MultiTouch,1497.14
CA00308,O00436,C00436,MultiTouch,998.09
CA00874,O00437,C00437,LastTouch,3808.80
CA00876,O00438,C00438,MultiTouch,358.92
CA00314,O00438,C00438,MultiTouch,239.28
CA00878,O00439,C00439,LastTouch,3364.30
CA00880,O00440,C00440,MultiTouch,2577.90
CA00320,O00440,C00440,MultiTouch,1718.60
CA00882,O00441,C00441,LastTouch,640.90
CA00884,O00442,C00442,MultiTouch,2243.58
CA00326,O00442,C00442,MultiTouch,1495.72
CA00886,O00443,C00443,LastTouch,4714.20
CA00888,O00444,C00444,MultiTouch,430.34
CA00332,O00444,C00444,MultiTouch,286.89
CA00890,O00445,C00445,LastTouch,4171.80
CA00892,O00446,C00446,MultiTouch,3127.14
CA00338,O00446,C00446,MultiTouch,2084.76
CA00894,O00447,C00447,LastTouch,835.80
CA00896,O00448,C00448,MultiTouch,738.77
CA00344,O00448,C00448,MultiTouch,492.51
CA00898,O00449,C00449,LastTouch,2889.60
CA00900,O00450,C00450,MultiTouch,6.00
CA00350,O00450,C00450,MultiTouch,4.00
CA00902,O00451,C00451,LastTouch,284.30
CA00904,O00452,C00452,MultiTouch,205.40
CA00356,O00452,C00452,MultiTouch,136.93
CA00906,O00453,C00453,LastTouch,39.20
CA00908,O00454,C00454,MultiTouch,422.58
CA00362,O00454,C00454,MultiTouch,281.72
CA00910,O00455,C00455,LastTouch,1065.00
CA00912,O00456,C00456,MultiTouch,82.37
CA00368,O00456,C00456,MultiTouch,54.91
CA00914,O00457,C00457,LastTouch,1079.30
CA00916,O00458,C00458,MultiTouch,910.62
CA00374,O00458,C00458,MultiTouch,607.08
CA00918,O00459,C00459,LastTouch,212.60
CA00920,O00460,C00460,MultiTouch,893.58
CA00380,O00460,C00460,MultiTouch,595.72
CA00922,O00461,C00461,LastTouch,1970.40
CA00924,O00462,C00462,MultiTouch,143.28
CA00386,O00462,C00462,MultiTouch,95.52
CA00926,O00463,C00463,LastTouch,1829.30
CA00928,O00464,C00464,MultiTouch,1366.81
CA00392,O00464,C00464,MultiTouch,911.20
CA00930,O00465,C00465,LastTouch,398.50
CA00932,O00466,C00466,MultiTouch,1349.58
CA00398,O00466,C00466,MultiTouch,899.72
CA00934,O00467,C00467,LastTouch,2920.80
CA00936,O00468,C00468,MultiTouch,211.43
CA00404,O00468,C00468,MultiTouch,140.96
CA00938,O00469,C00469,LastTouch,2605.80
CA00940,O00470,C00470,MultiTouch,2045.10
CA00410,O00470,C00470,MultiTouch,1363.40
CA00942,O00471,C00471,LastTouch,514.40
CA00944,O00472,C00472,MultiTouch,1022.55
CA00416,O00472,C00472,MultiTouch,681.70
CA00946,O00473,C00473,LastTouch,3826.20
CA00948,O00474,C00474,MultiTouch,374.16
CA00422,O00474,C00474,MultiTouch,249.44
CA00950,O00475,C00475,LastTouch,3431.80
CA00952,O00476,C00476,MultiTouch,1015.77
CA00428,O00476,C00476,MultiTouch,677.18
CA00954,O00477,C00477,LastTouch,687.80
CA00956,O00478,C00478,MultiTouch,2276.58
CA00434,O00478,C00478,MultiTouch,1517.72
CA00958,O00479,C00479,LastTouch,4776.60
CA00960,O00480,C00480,MultiTouch,472.20
CA00440,O00480,C00480,MultiTouch,314.80
CA00962,O00481,C00481,LastTouch,4169.30
CA00964,O00482,C00482,MultiTouch,2027.58
CA00446,O00482,C00482,MultiTouch,1351.72
CA00966,O00483,C00483,LastTouch,791.70
CA00968,O00484,C00484,MultiTouch,1005.91
CA00452,O00484,C00484,MultiTouch,670.61
CA00970,O00485,C00485,LastTouch,2964.50
CA00972,O00486,C00486,MultiTouch,0.24
CA00458,O00486,C00486,MultiTouch,0.16
CA00974,O00487,C00487,LastTouch,339.30
CA00976,O00488,C00488,MultiTouch,291.13
CA00464,O00488,C00488,MultiTouch,194.09
CA00978,O00489,C00489,LastTouch,64.60
CA00980,O00490,C00490,MultiTouch,446.58
CA00470,O00490,C00490,MultiTouch,297.72
CA00982,O00491,C00491,LastTouch,1082.40
CA00984,O00492,C00492,MultiTouch,58.06
CA00476,O00492,C00492,MultiTouch,38.71
CA00986,O00493,C00493,LastTouch,1089.30
CA00988,O00494,C00494,MultiTouch,948.06
CA00482,O00494,C00494,MultiTouch,632.04
CA00990,O00495,C00495,LastTouch,250.50
CA00992,O00496,C00496,MultiTouch,760.10
CA00488,O00496,C00496,MultiTouch,506.73
CA00994,O00497,C00497,LastTouch,2002.30
CA00996,O00498,C00498,MultiTouch,181.32
CA00494,O00498,C00498,MultiTouch,120.88
CA00998,O00499,C00499,LastTouch,1884.30
CA01000,O00500,C00500,MultiTouch,1512.30
CA00500,O00500,C00500,MultiTouch,1008.20
CA00002,O00501,C00501,LastTouch,366.40
CA00004,O00502,C00502,MultiTouch,1355.58
CA00506,O00502,C00502,MultiTouch,903.72
CA00006,O00503,C00503,LastTouch,2938.20
CA00008,O00504,C00504,MultiTouch,235.03
CA00512,O00504,C00504,MultiTouch,156.69
CA00010,O00505,C00505,LastTouch,2691.80
CA00012,O00506,C00506,MultiTouch,2061.54
CA00518,O00506,C00506,MultiTouch,1374.36
CA00014,O00507,C00507,LastTouch,539.80
CA00016,O00508,C00508,MultiTouch,1367.65
CA00524,O00508,C00508,MultiTouch,911.77
CA00018,O00509,C00509,LastTouch,3888.60
CA00020,O00510,C00510,MultiTouch,383.40
CA00530,O00510,C00510,MultiTouch,255.60
CA00022,O00511,C00511,LastTouch,3392.80
CA00024,O00512,C00512,MultiTouch,976.18
CA00536,O00512,C00512,MultiTouch,650.79
CA00026,O00513,C00513,LastTouch,668.20
CA00028,O00514,C00514,MultiTouch,977.58
CA00542,O00514,C00514,MultiTouch,651.72
CA00030,O00515,C00515,LastTouch,411.50
CA00032,O00516,C00516,MultiTouch,27.09
CA00548,O00516,C00516,MultiTouch,18.06
CA00034,O00517,C00517,LastTouch,524.30
CA00036,O00518,C00518,MultiTouch,500.82
CA00554,O00518,C00518,MultiTouch,333.88
CA00038,O00519,C00519,LastTouch,101.60
CA00040,O00520,C00520,MultiTouch,560.58
CA00560,O00520,C00520,MultiTouch,373.72
CA00042,O00521,C00521,LastTouch,1304.40
CA00044,O00522,C00522,MultiTouch,99.48
CA00566,O00522,C00522,MultiTouch,66.32
CA00046,O00523,C00523,LastTouch,1274.30
CA00048,O00524,C00524,MultiTouch,999.17
CA00572,O00524,C00524,MultiTouch,666.12
CA00050,O00525,C00525,LastTouch,245.00
CA00052,O00526,C00526,MultiTouch,1016.58
CA00578,O00526,C00526,MultiTouch,677.72
CA00054,O00527,C00527,LastTouch,2254.80
CA00056,O00528,C00528,MultiTouch,162.15
CA00584,O00528,C00528,MultiTouch,108.10
CA00058,O00529,C00529,LastTouch,2069.30
CA00060,O00530,C00530,MultiTouch,1645.50
CA00590,O00530,C00530,MultiTouch,1097.00
CA00062,O00531,C00531,LastTouch,403.40
CA00064,O00532,C00532,MultiTouch,492.68
CA00596,O00532,C00532,MultiTouch,328.46
CA00066,O00533,C00533,LastTouch,3160.20
CA00068,O00534,C00534,MultiTouch,307.56
CA00602,O00534,C00534,MultiTouch,205.04
CA00070,O00535,C00535,LastTouch,2876.80
CA00072,O00536,C00536,MultiTouch,1830.10
CA00608,O00536,C00536,MultiTouch,1220.07
CA00074,O00537,C00537,LastTouch,576.80
CA00076,O00538,C00538,MultiTouch,1943.58
CA00614,O00538,C00538,MultiTouch,1295.72
CA00078,O00539,C00539,LastTouch,4062.10
CA00080,O00540,C00540,MultiTouch,405.60
CA00620,O00540,C00540,MultiTouch,270.40
CA00082,O00541,C00541,LastTouch,3614.30
CA00084,O00542,C00542,MultiTouch,2737.98
CA00626,O00542,C00542,MultiTouch,1825.32
CA00086,O00543,C00543,LastTouch,705.20
CA00088,O00544,C00544,MultiTouch,2231.35
CA00632,O00544,C00544,MultiTouch,1487.57
CA00090,O00545,C00545,LastTouch,5073.50
CA00092,O00546,C00546,MultiTouch,480.24
CA00638,O00546,C00546,MultiTouch,320.16
CA00094,O00547,C00547,LastTouch,4409.30
CA00096,O00548,C00548,MultiTouch,1638.23
CA00644,O00548,C00548,MultiTouch,1092.15
CA00098,O00549,C00549,LastTouch,878.60
CA00100,O00550,C00550,MultiTouch,116.58
CA00650,O00550,C00550,MultiTouch,77.72
CA00102,O00551,C00551,LastTouch,416.40
CA00104,O00552,C00552,MultiTouch,20.77
CA00656,O00552,C00552,MultiTouch,13.84
CA00106,O00553,C00553,LastTouch,494.80
CA00108,O00554,C00554,MultiTouch,548.46
CA00662,O00554,C00554,MultiTouch,365.64
CA00110,O00555,C00555,LastTouch,139.50
CA00112,O00556,C00556,MultiTouch,483.71
CA00668,O00556,C00556,MultiTouch,322.47
CA00114,O00557,C00557,LastTouch,1366.80
CA00116,O00558,C00558,MultiTouch,114.72
CA00674,O00558,C00558,MultiTouch,76.48
CA00118,O00559,C00559,LastTouch,1329.30
CA00120,O00560,C00560,MultiTouch,890.16
CA00680,O00560,C00560,MultiTouch,593.44
CA00122,O00561,C00561,LastTouch,255.40
CA00124,O00562,C00562,MultiTouch,1022.58
CA00686,O00562,C00562,MultiTouch,681.72
CA00126,O00563,C00563,LastTouch,2272.20
CA00128,O00564,C00564,MultiTouch,205.67
CA00692,O00564,C00564,MultiTouch,137.12
CA00130,O00565,C00565,LastTouch,2136.80
CA00132,O00566,C00566,MultiTouch,1661.94
CA00698,O00566,C00566,MultiTouch,1107.96
CA00134,O00567,C00567,LastTouch,383.30
CA00136,O00568,C00568,MultiTouch,1121.23
CA00704,O00568,C00568,MultiTouch,747.49
CA00138,O00569,C00569,LastTouch,3222.60
CA00140,O00570,C00570,MultiTouch,316.80
CA00710,O00570,C00570,MultiTouch,211.20
CA00142,O00571,C00571,LastTouch,2874.30
CA00144,O00572,C00572,MultiTouch,1249.69
CA00716,O00572,C00572,MultiTouch,833.12
CA00146,O00573,C00573,LastTouch,557.20
CA00148,O00574,C00574,MultiTouch,1960.98
CA00722,O00574,C00574,MultiTouch,1307.32
CA00150,O00575,C00575,LastTouch,4185.50
CA00152,O00576,C00576,MultiTouch,340.33
CA00728,O00576,C00576,MultiTouch,226.89
CA00154,O00577,C00577,LastTouch,3669.30
CA00156,O00578,C00578,MultiTouch,2775.42
CA00734,O00578,C00578,MultiTouch,1850.28
CA00158,O00579,C00579,LastTouch,730.60
CA00160,O00580,C00580,MultiTouch,2447.58
CA00740,O00580,C00580,MultiTouch,1631.72
CA00162,O00581,C00581,LastTouch,5071.90
CA00164,O00582,C00582,MultiTouch,476.88
CA00746,O00582,C00582,MultiTouch,317.92
CA00166,O00583,C00583,LastTouch,4419.30
CA00168,O00584,C00584,MultiTouch,1550.62
CA00752,O00584,C00584,MultiTouch,1033.75
CA00170,O00585,C00585,LastTouch,916.50
CA00172,O00586,C00586,MultiTouch,128.58
CA00758,O00586,C00586,MultiTouch,85.72
CA00174,O00587,C00587,LastTouch,478.80
CA00176,O00588,C00588,MultiTouch,17.44
CA00764,O00588,C00588,MultiTouch,11.62
CA00178,O00589,C00589,LastTouch,589.30
CA00180,O00590,C00590,MultiTouch,579.90
CA00770,O00590,C00590,MultiTouch,386.60
CA00182,O00591,C00591,LastTouch,107.40
CA00184,O00592,C00592,MultiTouch,338.79
CA00776,O00592,C00592,MultiTouch,225.86
CA00186,O00593,C00593,LastTouch,1384.20
CA00188,O00594,C00594,MultiTouch,129.96
CA00782,O00594,C00594,MultiTouch,86.64
CA00190,O00595,C00595,LastTouch,1384.30
CA00192,O00596,C00596,MultiTouch,945.65
CA00788,O00596,C00596,MultiTouch,630.44
CA00194,O00597,C00597,LastTouch,280.80
CA00196,O00598,C00598,MultiTouch,1055.58
CA00794,O00598,C00598,MultiTouch,703.72
CA00198,O00599,C00599,LastTouch,2334.60
CA00200,O00600,C00600,MultiTouch,213.00
CA00800,O00600,C00600,MultiTouch,142.00
CA00202,O00601,C00601,LastTouch,2134.30
CA00204,O00602,C00602,MultiTouch,1649.58
CA00806,O00602,C00602,MultiTouch,1099.72
CA00206,O00603,C00603,LastTouch,409.20
CA00208,O00604,C00604,MultiTouch,1414.39
CA00812,O00604,C00604,MultiTouch,942.93
CA00210,O00605,C00605,LastTouch,3297.50
CA00212,O00606,C00606,MultiTouch,311.04
CA00818,O00606,C00606,MultiTouch,207.36
CA00214,O00607,C00607,LastTouch,2929.30
CA00216,O00608,C00608,MultiTouch,1671.08
CA00824,O00608,C00608,MultiTouch,1114.06
CA00218,O00609,C00609,LastTouch,564.10
CA00220,O00610,C00610,MultiTouch,2003.58
CA00830,O00610,C00610,MultiTouch,1335.72
CA00222,O00611,C00611,LastTouch,4190.40
CA00224,O00612,C00612,MultiTouch,232.11
CA00836,O00612,C00612,MultiTouch,154.74
CA00226,O00613,C00613,LastTouch,3679.30
CA00228,O00614,C00614,MultiTouch,2812.86
CA00842,O00614,C00614,MultiTouch,1875.24
CA00230,O00615,C00615,LastTouch,768.50
CA00232,O00616,C00616,MultiTouch,963.22
CA00848,O00616,C00616,MultiTouch,642.14
CA00234,O00617,C00617,LastTouch,5140.80
CA00236,O00618,C00618,MultiTouch,492.12
CA00854,O00618,C00618,MultiTouch,328.08
CA00238,O00619,C00619,LastTouch,4474.30
CA00240,O00620,C00620,MultiTouch,1712.10
CA00860,O00620,C00620,MultiTouch,1141.40
CA00242,O00621,C00621,LastTouch,884.40
CA00244,O00622,C00622,MultiTouch,134.58
CA00866,O00622,C00622,MultiTouch,89.72
CA00246,O00623,C00623,LastTouch,471.70
CA00248,O00624,C00624,MultiTouch,42.28
CA00872,O00624,C00624,MultiTouch,28.19
CA00250,O00625,C00625,LastTouch,656.80
CA00252,O00626,C00626,MultiTouch,596.34
CA00878,O00626,C00626,MultiTouch,397.56
CA00254,O00627,C00627,LastTouch,132.80
CA00256,O00628,C00628,MultiTouch,464.11
CA00884,O00628,C00628,MultiTouch,309.41
CA00258,O00629,C00629,LastTouch,1446.60
CA00260,O00630,C00630,MultiTouch,136.20
CA00890,O00630,C00630,MultiTouch,90.80
CA00262,O00631,C00631,LastTouch,1394.30
CA00264,O00632,C00632,MultiTouch,652.95
CA00896,O00632,C00632,MultiTouch,435.30
CA00266,O00633,C00633,LastTouch,261.20
CA00268,O00634,C00634,MultiTouch,1088.58
CA00902,O00634,C00634,MultiTouch,725.72
CA00270,O00635,C00635,LastTouch,2409.50
CA00272,O00636,C00636,MultiTouch,192.92
CA00908,O00636,C00636,MultiTouch,128.62
CA00274,O00637,C00637,LastTouch,2173.80
CA00276,O00638,C00638,MultiTouch,1709.82
CA00914,O00638,C00638,MultiTouch,1139.88
CA00278,O00639,C00639,LastTouch,434.60
CA00280,O00640,C00640,MultiTouch,1559.58
CA00920,O00640,C00640,MultiTouch,1039.72
CA00282,O00641,C00641,LastTouch,3302.40
CA00284,O00642,C00642,MultiTouch,299.28
CA00926,O00642,C00642,MultiTouch,199.52
CA00286,O00643,C00643,LastTouch,2939.30
CA00288,O00644,C00644,MultiTouch,1165.28
CA00932,O00644,C00644,MultiTouch,776.85
CA00290,O00645,C00645,LastTouch,620.50
CA00292,O00646,C00646,MultiTouch,2015.58
CA00938,O00646,C00646,MultiTouch,1343.72
CA00294,O00647,C00647,LastTouch,4252.80
CA00296,O00648,C00648,MultiTouch,310.00
CA00944,O00648,C00648,MultiTouch,206.67
CA00298,O00649,C00649,LastTouch,3734.30
CA00300,O00650,C00650,MultiTouch,2844.30
CA00950,O00650,C00650,MultiTouch,1896.20
CA00302,O00651,C00651,LastTouch,714.90
CA00304,O00652,C00652,MultiTouch,1395.51
CA00956,O00652,C00652,MultiTouch,930.34
CA00306,O00653,C00653,LastTouch,5158.20
CA00308,O00654,C00654,MultiTouch,507.36
CA00962,O00654,C00654,MultiTouch,338.24
CA00310,O00655,C00655,LastTouch,4541.80
CA00312,O00656,C00656,MultiTouch,1443.16
CA00968,O00656,C00656,MultiTouch,962.10
CA00314,O00657,C00657,LastTouch,909.80
CA00316,O00658,C00658,MultiTouch,139.38
CA00974,O00658,C00658,MultiTouch,92.92
CA00318,O00659,C00659,LastTouch,558.60
CA00320,O00660,C00660,MultiTouch,50.40
CA00980,O00660,C00660,MultiTouch,33.60
CA00322,O00661,C00661,LastTouch,654.30
CA00324,O00662,C00662,MultiTouch,606.78
CA00986,O00662,C00662,MultiTouch,404.52
CA00326,O00663,C00663,LastTouch,113.20
CA00328,O00664,C00664,MultiTouch,597.43
CA00992,O00664,C00664,MultiTouch,398.29
CA00330,O00665,C00665,LastTouch,1494.00
CA00332,O00666,C00666,MultiTouch,133.44
CA00998,O00666,C00666,MultiTouch,88.96
CA00334,O00667,C00667,LastTouch,1464.30
CA00336,O00668,C00668,MultiTouch,1061.43
CA00004,O00668,C00668,MultiTouch,707.62
CA00338,O00669,C00669,LastTouch,301.60
CA00340,O00670,C00670,MultiTouch,1115.58
CA00010,O00670,C00670,MultiTouch,743.72
CA00342,O00671,C00671,LastTouch,2429.40
CA00344,O00672,C00672,MultiTouch,149.23
CA00016,O00672,C00672,MultiTouch,99.49
CA00346,O00673,C00673,LastTouch,2214.30
CA00348,O00674,C00674,MultiTouch,1729.26
CA00022,O00674,C00674,MultiTouch,1152.84
CA00350,O00675,C00675,LastTouch,472.50
CA00352,O00676,C00676,MultiTouch,838.34
CA00028,O00676,C00676,MultiTouch,558.90
CA00354,O00677,C00677,LastTouch,3379.80
CA00356,O00678,C00678,MultiTouch,323.52
CA00034,O00678,C00678,MultiTouch,215.68
CA00358,O00679,C00679,LastTouch,2975.80
CA00360,O00680,C00680,MultiTouch,2311.50
CA00040,O00680,C00680,MultiTouch,1541.00
CA00362,O00681,C00681,LastTouch,603.40
CA00364,O00682,C00682,MultiTouch,2030.58
CA00046,O00682,C00682,MultiTouch,1353.72
CA00366,O00683,C00683,LastTouch,2805.20
CA00368,O00684,C00684,MultiTouch,262.48
CA00052,O00684,C00684,MultiTouch,174.99
CA00370,O00685,C00685,LastTouch,1581.80
CA00372,O00686,C00686,MultiTouch,170.34
CA00058,O00686,C00686,MultiTouch,113.56
CA00374,O00687,C00687,LastTouch,36.80
CA00376,O00688,C00688,MultiTouch,261.82
CA00064,O00688,C00688,MultiTouch,174.55
CA00378,O00689,C00689,LastTouch,795.60
CA00380,O00690,C00690,MultiTouch,72.60
CA00070,O00690,C00690,MultiTouch,48.40
CA00382,O00691,C00691,LastTouch,269.30
CA00384,O00692,C00692,MultiTouch,544.13
CA00076,O00692,C00692,MultiTouch,362.75
CA00386,O00693,C00693,LastTouch,125.70
CA00388,O00694,C00694,MultiTouch,737.58
CA00082,O00694,C00694,MultiTouch,491.72
CA00390,O00695,C00695,LastTouch,1743.50
CA00392,O00696,C00696,MultiTouch,87.89
CA00088,O00696,C00696,MultiTouch,58.60
CA00394,O00697,C00697,LastTouch,1649.30
CA00396,O00698,C00698,MultiTouch,1319.22
CA00094,O00698,C00698,MultiTouch,879.48
CA00398,O00699,C00699,LastTouch,338.60
CA00400,O00700,C00700,MultiTouch,981.26
CA00100,O00700,C00700,MultiTouch,654.18
CA00402,O00701,C00701,LastTouch,2651.40
CA00404,O00702,C00702,MultiTouch,241.68
CA00106,O00702,C00702,MultiTouch,161.12
CA00406,O00703,C00703,LastTouch,2399.30
CA00408,O00704,C00704,MultiTouch,1168.86
CA00112,O00704,C00704,MultiTouch,779.24
CA00410,O00705,C00705,LastTouch,509.50
CA00412,O00706,C00706,MultiTouch,1664.58
CA00118,O00706,C00706,MultiTouch,1109.72
CA00414,O00707,C00707,LastTouch,3556.30
CA00416,O00708,C00708,MultiTouch,313.57
CA00124,O00708,C00708,MultiTouch,209.04
CA00418,O00709,C00709,LastTouch,3194.30
CA00420,O00710,C00710,MultiTouch,2444.70
CA00130,O00710,C00710,MultiTouch,1629.80
CA00422,O00711,C00711,LastTouch,640.40
CA00424,O00712,C00712,MultiTouch,1532.87
CA00136,O00712,C00712,MultiTouch,1021.92
CA00426,O00713,C00713,LastTouch,4507.20
CA00428,O00714,C00714,MultiTouch,407.16
CA00142,O00714,C00714,MultiTouch,271.44
CA00430,O00715,C00715,LastTouch,3986.80
CA00432,O00716,C00716,MultiTouch,1592.20
CA00148,O00716,C00716,MultiTouch,1061.46
CA00434,O00717,C00717,LastTouch,813.80
CA00436,O00718,C00718,MultiTouch,2618.58
CA00154,O00718,C00718,MultiTouch,1745.72
CA00438,O00719,C00719,LastTouch,3607.60
CA00440,O00720,C00720,MultiTouch,538.80
CA00160,O00720,C00720,MultiTouch,359.20
CA00442,O00721,C00721,LastTouch,1957.80
CA00444,O00722,C00722,MultiTouch,216.18
CA00166,O00722,C00722,MultiTouch,144.12
CA00446,O00723,C00723,LastTouch,17.20
CA00448,O00724,C00724,MultiTouch,196.16
CA00172,O00724,C00724,MultiTouch,130.77
CA00450,O00725,C00725,LastTouch,855.50
CA00452,O00726,C00726,MultiTouch,48.84
CA00178,O00726,C00726,MultiTouch,32.56
CA00454,O00727,C00727,LastTouch,909.30
CA00456,O00728,C00728,MultiTouch,570.97
CA00184,O00728,C00728,MultiTouch,380.65
CA00458,O00729,C00729,LastTouch,190.60
CA00460,O00730,C00730,MultiTouch,782.58
CA00190,O00730,C00730,MultiTouch,521.72
CA00462,O00731,C00731,LastTouch,1763.40
CA00464,O00732,C00732,MultiTouch,120.90
CA00196,O00732,C00732,MultiTouch,80.60
CA00466,O00733,C00733,LastTouch,1659.30
CA00468,O00734,C00734,MultiTouch,1329.66
CA00202,O00734,C00734,MultiTouch,886.44
CA00470,O00735,C00735,LastTouch,319.00
CA00472,O00736,C00736,MultiTouch,661.85
CA00208,O00736,C00736,MultiTouch,441.24
CA00474,O00737,C00737,LastTouch,2713.80
CA00476,O00738,C00738,MultiTouch,256.92
CA00214,O00738,C00738,MultiTouch,171.28
CA00478,O00739,C00739,LastTouch,2454.30
CA00480,O00740,C00740,MultiTouch,1911.90
CA00220,O00740,C00740,MultiTouch,1274.60
CA00482,O00741,C00741,LastTouch,492.40
CA00484,O00742,C00742,MultiTouch,1683.78
CA00226,O00742,C00742,MultiTouch,1122.52
CA00486,O00743,C00743,LastTouch,3619.20
CA00488,O00744,C00744,MultiTouch,221.19
CA00232,O00744,C00744,MultiTouch,147.46
CA00490,O00745,C00745,LastTouch,3246.80
CA00492,O00746,C00746,MultiTouch,2443.14
CA00238,O00746,C00746,MultiTouch,1628.76
CA00494,O00747,C00747,LastTouch,665.80
CA00496,O00748,C00748,MultiTouch,1941.25
CA00244,O00748,C00748,MultiTouch,1294.17
CA00498,O00749,C00749,LastTouch,4521.10
CA00500,O00750,C00750,MultiTouch,450.00
CA00250,O00750,C00750,MultiTouch,300.00
CA00502,O00751,C00751,LastTouch,3999.30
CA00504,O00752,C00752,MultiTouch,2151.85
CA00256,O00752,C00752,MultiTouch,1434.57
CA00506,O00753,C00753,LastTouch,794.20
CA00508,O00754,C00754,MultiTouch,2624.58
CA00262,O00754,C00754,MultiTouch,1749.72
CA00510,O00755,C00755,LastTouch,3667.50
CA00512,O00756,C00756,MultiTouch,130.38
CA00268,O00756,C00756,MultiTouch,86.92
CA00514,O00757,C00757,LastTouch,2019.30
CA00516,O00758,C00758,MultiTouch,253.62
CA00274,O00758,C00758,MultiTouch,169.08
CA00518,O00759,C00759,LastTouch,42.60
CA00520,O00760,C00760,MultiTouch,338.58
CA00280,O00760,C00760,MultiTouch,225.72
CA00522,O00761,C00761,LastTouch,875.40
CA00524,O00762,C00762,MultiTouch,64.08
CA00286,O00762,C00762,MultiTouch,42.72
CA00526,O00763,C00763,LastTouch,909.80
CA00528,O00764,C00764,MultiTouch,508.19
CA00292,O00764,C00764,MultiTouch,338.79
CA00530,O00765,C00765,LastTouch,213.50
CA00532,O00766,C00766,MultiTouch,776.58
CA00298,O00766,C00766,MultiTouch,517.72
CA00534,O00767,C00767,LastTouch,1825.80
CA00536,O00768,C00768,MultiTouch,155.50
CA00304,O00768,C00768,MultiTouch,103.67
CA00538,O00769,C00769,LastTouch,1714.30
CA00540,O00770,C00770,MultiTouch,1358.10
CA00310,O00770,C00770,MultiTouch,905.40
CA00542,O00771,C00771,LastTouch,344.40
CA00544,O00772,C00772,MultiTouch,902.39
CA00316,O00772,C00772,MultiTouch,601.60
CA00546,O00773,C00773,LastTouch,2731.20
CA00548,O00774,C00774,MultiTouch,245.16
CA00322,O00774,C00774,MultiTouch,163.44
CA00550,O00775,C00775,LastTouch,2506.80
CA00552,O00776,C00776,MultiTouch,1027.43
CA00328,O00776,C00776,MultiTouch,684.95
CA00554,O00777,C00777,LastTouch,502.30
CA00556,O00778,C00778,MultiTouch,1730.58
CA00334,O00778,C00778,MultiTouch,1153.72
CA00558,O00779,C00779,LastTouch,3681.60
CA00560,O00780,C00780,MultiTouch,361.20
CA00340,O00780,C00780,MultiTouch,240.80
CA00562,O00781,C00781,LastTouch,3259.30
CA00564,O00782,C00782,MultiTouch,2480.58
CA00346,O00782,C00782,MultiTouch,1653.72
CA00566,O00783,C00783,LastTouch,646.20
CA00568,O00784,C00784,MultiTouch,462.71
CA00352,O00784,C00784,MultiTouch,308.47
CA00570,O00785,C00785,LastTouch,4629.50
CA00572,O00786,C00786,MultiTouch,426.24
CA00358,O00786,C00786,MultiTouch,284.16
CA00574,O00787,C00787,LastTouch,4054.30
CA00576,O00788,C00788,MultiTouch,2721.10
CA00364,O00788,C00788,MultiTouch,1814.07
CA00578,O00789,C00789,LastTouch,819.60
CA00580,O00790,C00790,MultiTouch,2669.58
CA00370,O00790,C00790,MultiTouch,1779.72
CA00582,O00791,C00791,LastTouch,2740.90
CA00584,O00792,C00792,MultiTouch,388.85
CA00376,O00792,C00792,MultiTouch,259.24
CA00586,O00793,C00793,LastTouch,179.30
CA00588,O00794,C00794,MultiTouch,264.06
CA00382,O00794,C00794,MultiTouch,176.04
CA00590,O00795,C00795,LastTouch,65.50
CA00592,O00796,C00796,MultiTouch,191.21
CA00388,O00796,C00796,MultiTouch,127.48
CA00594,O00797,C00797,LastTouch,937.80
CA00596,O00798,C00798,MultiTouch,51.12
CA00394,O00798,C00798,MultiTouch,34.08
CA00598,O00799,C00799,LastTouch,974.30
CA00600,O00800,C00800,MultiTouch,846.30
CA00400,O00800,C00800,MultiTouch,564.20
CA00602,O00801,C00801,LastTouch,196.40
CA00604,O00802,C00802,MultiTouch,809.58
CA00406,O00802,C00802,MultiTouch,539.72
CA00606,O00803,C00803,LastTouch,1843.20
CA00608,O00804,C00804,MultiTouch,111.08
CA00412,O00804,C00804,MultiTouch,74.05
CA00610,O00805,C00805,LastTouch,1739.30
CA00612,O00806,C00806,MultiTouch,1377.54
CA00418,O00806,C00806,MultiTouch,918.36
CA00614,O00807,C00807,LastTouch,369.80
CA00616,O00808,C00808,MultiTouch,1150.93
CA00424,O00808,C00808,MultiTouch,767.29
CA00618,O00809,C00809,LastTouch,2793.60
CA00620,O00810,C00810,MultiTouch,272.40
CA00430,O00810,C00810,MultiTouch,181.60
CA00622,O00811,C00811,LastTouch,2519.30
CA00624,O00812,C00812,MultiTouch,1238.06
CA00436,O00812,C00812,MultiTouch,825.38
CA00626,O00813,C00813,LastTouch,498.20
CA00628,O00814,C00814,MultiTouch,1736.58
CA00442,O00814,C00814,MultiTouch,1157.72
CA00630,O00815,C00815,LastTouch,3741.50
CA00632,O00816,C00816,MultiTouch,193.79
CA00448,O00816,C00816,MultiTouch,129.19
CA00634,O00817,C00817,LastTouch,3314.30
CA00636,O00818,C00818,MultiTouch,2518.02
CA00454,O00818,C00818,MultiTouch,1678.68
CA00638,O00819,C00819,LastTouch,653.10
CA00640,O00820,C00820,MultiTouch,2225.58
CA00460,O00820,C00820,MultiTouch,1483.72
CA00642,O00821,C00821,LastTouch,4649.40
CA00644,O00822,C00822,MultiTouch,441.48
CA00466,O00822,C00822,MultiTouch,294.32
CA00646,O00823,C00823,LastTouch,4064.30
CA00648,O00824,C00824,MultiTouch,1912.12
CA00472,O00824,C00824,MultiTouch,1274.74
CA00650,O00825,C00825,LastTouch,842.50
CA00652,O00826,C00826,MultiTouch,2637.18
CA00478,O00826,C00826,MultiTouch,1758.12
CA00654,O00827,C00827,LastTouch,2824.80
CA00656,O00828,C00828,MultiTouch,491.39
CA00484,O00828,C00828,MultiTouch,327.59
CA00658,O00829,C00829,LastTouch,234.30
CA00660,O00830,C00830,MultiTouch,313.50
CA00490,O00830,C00830,MultiTouch,209.00
CA00662,O00831,C00831,LastTouch,48.40
CA00664,O00832,C00832,MultiTouch,271.91
CA00496,O00832,C00832,MultiTouch,181.28
CA00666,O00833,C00833,LastTouch,930.70
CA00668,O00834,C00834,MultiTouch,67.56
CA00502,O00834,C00834,MultiTouch,45.04
CA00670,O00835,C00835,LastTouch,1026.80
CA00672,O00836,C00836,MultiTouch,462.66
CA00508,O00836,C00836,MultiTouch,308.44
CA00674,O00837,C00837,LastTouch,221.80
CA00676,O00838,C00838,MultiTouch,842.58
CA00514,O00838,C00838,MultiTouch,561.72
CA00678,O00839,C00839,LastTouch,1905.60
CA00680,O00840,C00840,MultiTouch,174.42
CA00520,O00840,C00840,MultiTouch,116.28
CA00682,O00841,C00841,LastTouch,1779.30
CA00684,O00842,C00842,MultiTouch,1414.98
CA00526,O00842,C00842,MultiTouch,943.32
CA00686,O00843,C00843,LastTouch,350.20
CA00688,O00844,C00844,MultiTouch,815.54
CA00532,O00844,C00844,MultiTouch,543.69
CA00690,O00845,C00845,LastTouch,2853.50
CA00692,O00846,C00846,MultiTouch,248.64
CA00538,O00846,C00846,MultiTouch,165.76
CA00694,O00847,C00847,LastTouch,2543.80
CA00696,O00848,C00848,MultiTouch,1772.72
CA00544,O00848,C00848,MultiTouch,1181.81
CA00698,O00849,C00849,LastTouch,523.60
CA00700,O00850,C00850,MultiTouch,1781.58
CA00550,O00850,C00850,MultiTouch,1187.72
CA00702,O00851,C00851,LastTouch,3761.40
CA00704,O00852,C00852,MultiTouch,262.76
CA00556,O00852,C00852,MultiTouch,175.17
CA00706,O00853,C00853,LastTouch,3324.30
CA00708,O00854,C00854,MultiTouch,1633.86
CA00562,O00854,C00854,MultiTouch,1089.24
CA00710,O00855,C00855,LastTouch,694.50
CA00712,O00856,C00856,MultiTouch,485.36
CA00568,O00856,C00856,MultiTouch,323.58
CA00714,O00857,C00857,LastTouch,2491.80
CA00716,O00858,C00858,MultiTouch,12.72
CA00574,O00858,C00858,MultiTouch,8.48
CA00718,O00859,C00859,LastTouch,419.30
CA00720,O00860,C00860,MultiTouch,446.70
CA00580,O00860,C00860,MultiTouch,297.80
CA00722,O00861,C00861,LastTouch,48.90
CA00724,O00862,C00862,MultiTouch,476.58
CA00586,O00862,C00862,MultiTouch,317.72
CA00726,O00863,C00863,LastTouch,1177.20
CA00728,O00864,C00864,MultiTouch,69.79
CA00592,O00864,C00864,MultiTouch,46.52
CA00730,O00865,C00865,LastTouch,1211.80
CA00732,O00866,C00866,MultiTouch,977.94
CA00598,O00866,C00866,MultiTouch,651.96
CA00734,O00867,C00867,LastTouch,258.80
CA00736,O00868,C00868,MultiTouch,691.33
CA00604,O00868,C00868,MultiTouch,460.89
CA00738,O00869,C00869,LastTouch,2127.60
CA00740,O00870,C00870,MultiTouch,205.80
CA00610,O00870,C00870,MultiTouch,137.20
CA00742,O00871,C00871,LastTouch,1964.30
CA00744,O00872,C00872,MultiTouch,1111.56
CA00616,O00872,C00872,MultiTouch,741.04
CA00746,O00873,C00873,LastTouch,387.20
CA00748,O00874,C00874,MultiTouch,1403.58
CA00622,O00874,C00874,MultiTouch,935.72
CA00750,O00875,C00875,LastTouch,3033.00
CA00752,O00876,C00876,MultiTouch,158.49
CA00628,O00876,C00876,MultiTouch,105.66
CA00754,O00877,C00877,LastTouch,2759.30
CA00756,O00878,C00878,MultiTouch,2118.42
CA00634,O00878,C00878,MultiTouch,1412.28
CA00758,O00879,C00879,LastTouch,560.60
CA00760,O00880,C00880,MultiTouch,1892.58
CA00640,O00880,C00880,MultiTouch,1261.72
CA00762,O00881,C00881,LastTouch,3983.40
CA00764,O00882,C00882,MultiTouch,361.08
CA00646,O00882,C00882,MultiTouch,240.72
CA00766,O00883,C00883,LastTouch,3509.30
CA00768,O00884,C00884,MultiTouch,1664.36
CA00652,O00884,C00884,MultiTouch,1109.58
CA00770,O00885,C00885,LastTouch,731.50
CA00772,O00886,C00886,MultiTouch,2330.58
CA00658,O00886,C00886,MultiTouch,1553.72
CA00774,O00887,C00887,LastTouch,4933.80
CA00776,O00888,C00888,MultiTouch,432.11
CA00664,O00888,C00888,MultiTouch,288.08
CA00778,O00889,C00889,LastTouch,4255.80
CA00780,O00890,C00890,MultiTouch,2133.90
CA00670,O00890,C00890,MultiTouch,1422.60
CA00782,O00891,C00891,LastTouch,862.40
CA00784,O00892,C00892,MultiTouch,823.58
CA00676,O00892,C00892,MultiTouch,549.06
CA00786,O00893,C00893,LastTouch,289.20
CA00788,O00894,C00894,MultiTouch,0.96
CA00682,O00894,C00894,MultiTouch,0.64
CA00790,O00895,C00895,LastTouch,471.80
CA00792,O00896,C00896,MultiTouch,113.60
CA00688,O00896,C00896,MultiTouch,75.74
CA00794,O00897,C00897,LastTouch,110.80
CA00796,O00898,C00898,MultiTouch,509.58
CA00694,O00898,C00898,MultiTouch,339.72
CA00798,O00899,C00899,LastTouch,1239.60
CA00800,O00900,C00900,MultiTouch,117.00
CA00700,O00900,C00900,MultiTouch,78.00
CA00802,O00901,C00901,LastTouch,1224.30
CA00804,O00902,C00902,MultiTouch,1015.38
CA00706,O00902,C00902,MultiTouch,676.92
CA00806,O00903,C00903,LastTouch,229.70
CA00808,O00904,C00904,MultiTouch,609.08
CA00712,O00904,C00904,MultiTouch,406.05
CA00810,O00905,C00905,LastTouch,2187.50
CA00812,O00906,C00906,MultiTouch,182.04
CA00718,O00906,C00906,MultiTouch,121.36
CA00814,O00907,C00907,LastTouch,2019.30
CA00816,O00908,C00908,MultiTouch,1417.07
CA00724,O00908,C00908,MultiTouch,944.72
CA00818,O00909,C00909,LastTouch,412.60
CA00820,O00910,C00910,MultiTouch,1436.58
CA00730,O00910,C00910,MultiTouch,957.72
CA00822,O00911,C00911,LastTouch,3095.40
CA00824,O00912,C00912,MultiTouch,215.47
CA00736,O00912,C00912,MultiTouch,143.65
CA00826,O00913,C00913,LastTouch,2769.30
CA00828,O00914,C00914,MultiTouch,2128.86
CA00742,O00914,C00914,MultiTouch,1419.24
CA00830,O00915,C00915,LastTouch,583.50
CA00832,O00916,C00916,MultiTouch,1014.83
CA00748,O00916,C00916,MultiTouch,676.56
CA00834,O00917,C00917,LastTouch,4000.30
CA00836,O00918,C00918,MultiTouch,390.12
CA00754,O00918,C00918,MultiTouch,260.08
CA00838,O00919,C00919,LastTouch,3564.30
CA00840,O00920,C00920,MultiTouch,2711.10
CA00760,O00920,C00920,MultiTouch,1807.40
CA00842,O00921,C00921,LastTouch,714.40
CA00844,O00922,C00922,MultiTouch,2363.58
CA00766,O00922,C00922,MultiTouch,1575.72
CA00846,O00923,C00923,LastTouch,4951.20
CA00848,O00924,C00924,MultiTouch,176.39
CA00772,O00924,C00924,MultiTouch,117.59
CA00850,O00925,C00925,LastTouch,4356.80
CA00852,O00926,C00926,MultiTouch,2132.34
CA00778,O00926,C00926,MultiTouch,1421.56
CA00854,O00927,C00927,LastTouch,887.80
CA00856,O00928,C00928,MultiTouch,1052.14
CA00784,O00928,C00928,MultiTouch,701.43
CA00858,O00929,C00929,LastTouch,351.60
CA00860,O00930,C00930,MultiTouch,28.20
CA00790,O00930,C00930,MultiTouch,18.80
CA00862,O00931,C00931,LastTouch,477.80
CA00864,O00932,C00932,MultiTouch,354.98
CA00796,O00932,C00932,MultiTouch,236.66
CA00866,O00933,C00933,LastTouch,91.20
CA00868,O00934,C00934,MultiTouch,515.58
CA00802,O00934,C00934,MultiTouch,343.72
CA00870,O00935,C00935,LastTouch,1299.50
CA00872,O00936,C00936,MultiTouch,64.36
CA00808,O00936,C00936,MultiTouch,42.91
CA00874,O00937,C00937,LastTouch,1279.30
CA00876,O00938,C00938,MultiTouch,1033.62
CA00814,O00938,C00938,MultiTouch,689.08
CA00878,O00939,C00939,LastTouch,264.60
CA00880,O00940,C00940,MultiTouch,1004.58
CA00820,O00940,C00940,MultiTouch,669.72
CA00882,O00941,C00941,LastTouch,2207.40
CA00884,O00942,C00942,MultiTouch,197.28
CA00826,O00942,C00942,MultiTouch,131.52
CA00886,O00943,C00943,LastTouch,2029.30
CA00888,O00944,C00944,MultiTouch,1003.69
CA00832,O00944,C00944,MultiTouch,669.13
CA00890,O00945,C00945,LastTouch,423.00
CA00892,O00946,C00946,MultiTouch,1442.58
CA00838,O00946,C00946,MultiTouch,961.72
CA00894,O00947,C00947,LastTouch,3157.80
CA00896,O00948,C00948,MultiTouch,274.05
CA00844,O00948,C00948,MultiTouch,182.70
CA00898,O00949,C00949,LastTouch,2824.30
CA00900,O00950,C00950,MultiTouch,2178.30
CA00850,O00950,C00950,MultiTouch,1452.20
CA00902,O00951,C00951,LastTouch,566.40
CA00904,O00952,C00952,MultiTouch,639.20
CA00856,O00952,C00952,MultiTouch,426.14
CA00906,O00953,C00953,LastTouch,4063.20
CA00908,O00954,C00954,MultiTouch,378.36
CA00862,O00954,C00954,MultiTouch,252.24
CA00910,O00955,C00955,LastTouch,3616.80
CA00912,O00956,C00956,MultiTouch,1451.00
CA00868,O00956,C00956,MultiTouch,967.34
CA00914,O00957,C00957,LastTouch,739.80
CA00916,O00958,C00958,MultiTouch,2396.58
CA00874,O00958,C00958,MultiTouch,1597.72
CA00918,O00959,C00959,LastTouch,4995.10
CA00920,O00960,C00960,MultiTouch,494.40
CA00880,O00960,C00960,MultiTouch,329.60
CA00922,O00961,C00961,LastTouch,4369.30
CA00924,O00962,C00962,MultiTouch,2169.78
CA00886,O00962,C00962,MultiTouch,1446.52
CA00926,O00963,C00963,LastTouch,868.20
CA00928,O00964,C00964,MultiTouch,746.72
CA00892,O00964,C00964,MultiTouch,497.81
CA00930,O00965,C00965,LastTouch,411.50
CA00932,O00966,C00966,MultiTouch,0.00
CA00898,O00966,C00966,MultiTouch,0.00
CA00934,O00967,C00967,LastTouch,539.30
CA00936,O00968,C00968,MultiTouch,468.69
CA00904,O00968,C00968,MultiTouch,312.46
CA00938,O00969,C00969,LastTouch,116.60
CA00940,O00970,C00970,MultiTouch,560.58
CA00910,O00970,C00970,MultiTouch,373.72
CA00942,O00971,C00971,LastTouch,1319.40
CA00944,O00972,C00972,MultiTouch,89.38
CA00916,O00972,C00972,MultiTouch,59.58
CA00946,O00973,C00973,LastTouch,1264.80
CA00948,O00974,C00974,MultiTouch,1063.26
CA00922,O00974,C00974,MultiTouch,708.84
CA00950,O00975,C00975,LastTouch,287.50
CA00952,O00976,C00976,MultiTouch,544.19
CA00928,O00976,C00976,MultiTouch,362.80
CA00954,O00977,C00977,LastTouch,2269.80
CA00956,O00978,C00978,MultiTouch,212.52
CA00934,O00978,C00978,MultiTouch,141.68
CA00958,O00979,C00979,LastTouch,2084.30
CA00960,O00980,C00980,MultiTouch,1563.23
CA00940,O00980,C00980,MultiTouch,1042.15
CA00962,O00981,C00981,LastTouch,418.40
CA00964,O00982,C00982,MultiTouch,1475.58
CA00946,O00982,C00982,MultiTouch,983.72
CA00966,O00983,C00983,LastTouch,3175.20
CA00968,O00984,C00984,MultiTouch,193.66
CA00952,O00984,C00984,MultiTouch,129.11
CA00970,O00985,C00985,LastTouch,2876.80
CA00972,O00986,C00986,MultiTouch,2176.74
CA00958,O00986,C00986,MultiTouch,1451.16
CA00974,O00987,C00987,LastTouch,561.30
CA00976,O00988,C00988,MultiTouch,1743.67
CA00964,O00988,C00988,MultiTouch,1162.45
CA00978,O00989,C00989,LastTouch,4125.60
CA00980,O00990,C00990,MultiTouch,405.60
CA00970,O00990,C00990,MultiTouch,270.40
CA00982,O00991,C00991,LastTouch,3629.30
CA00984,O00992,C00992,MultiTouch,1962.71
CA00976,O00992,C00992,MultiTouch,1308.47
CA00986,O00993,C00993,LastTouch,720.20
CA00988,O00994,C00994,MultiTouch,2395.98
CA00982,O00994,C00994,MultiTouch,1597.32
CA00990,O00995,C00995,LastTouch,5073.50
CA00992,O00996,C00996,MultiTouch,264.38
CA00988,O00996,C00996,MultiTouch,176.26
CA00994,O00997,C00997,LastTouch,4424.30
CA00996,O00998,C00998,MultiTouch,2207.22
CA00994,O00998,C00998,MultiTouch,1471.48
CA00998,O00999,C00999,LastTouch,893.60
CA01000,O01000,C01000,MultiTouch,116.58
CA01000,O01000,C01000,MultiTouch,77.72
CA00002,O01001,C01001,LastTouch,424.90
CA00004,O01002,C01002,MultiTouch,28.68
CA00006,O01002,C01002,MultiTouch,19.12
CA00006,O01003,C01003,LastTouch,564.30
CA00008,O01004,C01004,MultiTouch,426.01
CA00012,O01004,C01004,MultiTouch,284.01
CA00010,O01005,C01005,LastTouch,139.50
CA00012,O01006,C01006,MultiTouch,563.58
CA00018,O01006,C01006,MultiTouch,375.72
CA00014,O01007,C01007,LastTouch,1351.80
CA00016,O01008,C01008,MultiTouch,15.64
CA00024,O01008,C01008,MultiTouch,10.42
CA00018,O01009,C01009,LastTouch,1314.30
CA00020,O01010,C01010,MultiTouch,1112.70
CA00030,O01010,C01010,MultiTouch,741.80
CA00022,O01011,C01011,LastTouch,285.40
CA00024,O01012,C01012,MultiTouch,902.12
CA00036,O01012,C01012,MultiTouch,601.42
CA00026,O01013,C01013,LastTouch,2302.20
CA00028,O01014,C01014,MultiTouch,209.76
CA00042,O01014,C01014,MultiTouch,139.84
CA00030,O01015,C01015,LastTouch,2109.30
CA00032,O01016,C01016,MultiTouch,1137.05
CA00048,O01016,C01016,MultiTouch,758.04
CA00034,O01017,C01017,LastTouch,413.80
CA00036,O01018,C01018,MultiTouch,1490.58
CA00054,O01018,C01018,MultiTouch,993.72
CA00038,O01019,C01019,LastTouch,3207.60
CA00040,O01020,C01020,MultiTouch,316.80
CA00060,O01020,C01020,MultiTouch,211.20
CA00042,O01021,C01021,LastTouch,2904.30
CA00044,O01022,C01022,MultiTouch,2218.38
CA00066,O01022,C01022,MultiTouch,1478.92
CA00046,O01023,C01023,LastTouch,587.20
CA00048,O01024,C01024,MultiTouch,1525.66
CA00072,O01024,C01024,MultiTouch,1017.11
CA00050,O01025,C01025,LastTouch,2705.50
CA00052,O01026,C01026,MultiTouch,390.84
CA00078,O01026,C01026,MultiTouch,260.56
CA00054,O01027,C01027,LastTouch,1434.30
CA00056,O01028,C01028,MultiTouch,860.82
CA00084,O01028,C01028,MultiTouch,573.88
CA00058,O01029,C01029,LastTouch,0.00
CA00060,O01030,C01030,MultiTouch,227.58
CA00090,O01030,C01030,MultiTouch,151.72
CA00062,O01031,C01031,LastTouch,668.40
CA00064,O01032,C01032,MultiTouch,50.98
CA00096,O01032,C01032,MultiTouch,33.99
CA00066,O01033,C01033,LastTouch,749.30
CA00068,O01034,C01034,MultiTouch,672.66
CA00102,O01034,C01034,MultiTouch,448.44
CA00070,O01035,C01035,LastTouch,176.50
CA00072,O01036,C01036,MultiTouch,374.64
CA00108,O01036,C01036,MultiTouch,249.76
CA00074,O01037,C01037,LastTouch,1573.80
CA00076,O01038,C01038,MultiTouch,127.92
CA00114,O01038,C01038,MultiTouch,85.28
CA00078,O01039,C01039,LastTouch,1499.30
CA00080,O01040,C01040,MultiTouch,1245.90
CA00120,O01040,C01040,MultiTouch,830.60
CA00082,O01041,C01041,LastTouch,322.40
CA00084,O01042,C01042,MultiTouch,1151.58
CA00126,O01042,C01042,MultiTouch,767.72
CA00086,O01043,C01043,LastTouch,2484.70
CA00088,O01044,C01044,MultiTouch,189.23
CA00132,O01044,C01044,MultiTouch,126.16
CA00090,O01045,C01045,LastTouch,2321.80
CA00092,O01046,C01046,MultiTouch,1786.14
CA00138,O01046,C01046,MultiTouch,1190.76
CA00094,O01047,C01047,LastTouch,450.80
CA00096,O01048,C01048,MultiTouch,959.45
CA00144,O01048,C01048,MultiTouch,639.63
CA00098,O01049,C01049,LastTouch,3429.60
CA00100,O01050,C01050,MultiTouch,327.00
CA00150,O01050,C01050,MultiTouch,218.00
CA00102,O01051,C01051,LastTouch,3089.30
CA00104,O01052,C01052,MultiTouch,2033.71
CA00156,O01052,C01052,MultiTouch,1355.81
CA00106,O01053,C01053,LastTouch,624.20
CA00108,O01054,C01054,MultiTouch,2078.58
CA00162,O01054,C01054,MultiTouch,1385.72
CA00110,O01055,C01055,LastTouch,4407.50
CA00112,O01056,C01056,MultiTouch,293.92
CA00168,O01056,C01056,MultiTouch,195.95
CA00114,O01057,C01057,LastTouch,3793.80
CA00116,O01058,C01058,MultiTouch,2899.62
CA00174,O01058,C01058,MultiTouch,1933.08
CA00118,O01059,C01059,LastTouch,752.60
CA00120,O01060,C01060,MultiTouch,2558.58
CA00180,O01060,C01060,MultiTouch,1705.72
CA00122,O01061,C01061,LastTouch,3480.40
CA00124,O01062,C01062,MultiTouch,517.08
CA00186,O01062,C01062,MultiTouch,344.72
CA00126,O01063,C01063,LastTouch,1859.30
CA00128,O01064,C01064,MultiTouch,927.52
CA00192,O01064,C01064,MultiTouch,618.34
CA00130,O01065,C01065,LastTouch,28.50
CA00132,O01066,C01066,MultiTouch,230.58
CA00198,O01066,C01066,MultiTouch,153.72
CA00134,O01067,C01067,LastTouch,685.80
CA00136,O01068,C01068,MultiTouch,37.60
CA00204,O01068,C01068,MultiTouch,25.06
CA00138,O01069,C01069,LastTouch,759.30
CA00140,O01070,C01070,MultiTouch,713.10
CA00210,O01070,C01070,MultiTouch,475.40
CA00142,O01071,C01071,LastTouch,167.90
CA00144,O01072,C01072,MultiTouch,615.74
CA00216,O01072,C01072,MultiTouch,410.50
CA00146,O01073,C01073,LastTouch,1636.20
CA00148,O01074,C01074,MultiTouch,143.16
CA00222,O01074,C01074,MultiTouch,95.44
CA00150,O01075,C01075,LastTouch,1581.80
CA00152,O01076,C01076,MultiTouch,865.33
CA00228,O01076,C01076,MultiTouch,576.88
CA00154,O01077,C01077,LastTouch,302.80
CA00156,O01078,C01078,MultiTouch,1138.38
CA00234,O01078,C01078,MultiTouch,758.92
CA00158,O01079,C01079,LastTouch,2541.60
CA00160,O01080,C01080,MultiTouch,250.20
CA00240,O01080,C01080,MultiTouch,166.80
CA00162,O01081,C01081,LastTouch,2349.30
CA00164,O01082,C01082,MultiTouch,1823.58
CA00246,O01082,C01082,MultiTouch,1215.72
CA00166,O01083,C01083,LastTouch,476.20
CA00168,O01084,C01084,MultiTouch,1269.25
CA00252,O01084,C01084,MultiTouch,846.17
CA00170,O01085,C01085,LastTouch,3507.00
CA00172,O01086,C01086,MultiTouch,324.24
CA00258,O01086,C01086,MultiTouch,216.16
CA00174,O01087,C01087,LastTouch,3099.30
CA00176,O01088,C01088,MultiTouch,1410.94
CA00264,O01088,C01088,MultiTouch,940.62
CA00178,O01089,C01089,LastTouch,604.60
CA00180,O01090,C01090,MultiTouch,2114.58
CA00270,O01090,C01090,MultiTouch,1409.72
CA00182,O01091,C01091,LastTouch,4442.40
CA00184,O01092,C01092,MultiTouch,275.11
CA00276,O01092,C01092,MultiTouch,183.40
CA00186,O01093,C01093,LastTouch,3894.30
CA00188,O01094,C01094,MultiTouch,2937.06
CA00282,O01094,C01094,MultiTouch,1958.04
CA00190,O01095,C01095,LastTouch,805.50
CA00192,O01096,C01096,MultiTouch,1754.93
CA00288,O01096,C01096,MultiTouch,1169.95
CA00194,O01097,C01097,LastTouch,3497.80
CA00196,O01098,C01098,MultiTouch,505.32
CA00294,O01098,C01098,MultiTouch,336.88
CA00198,O01099,C01099,LastTouch,1820.80
CA00200,O01100,C01100,MultiTouch,180.30
CA00300,O01100,C01100,MultiTouch,120.20
CA00202,O01101,C01101,LastTouch,26.40
CA00204,O01102,C01102,MultiTouch,263.58
CA00306,O01102,C01102,MultiTouch,175.72
CA00206,O01103,C01103,LastTouch,748.20
CA00208,O01104,C01104,MultiTouch,52.48
CA00312,O01104,C01104,MultiTouch,34.99
CA00210,O01105,C01105,LastTouch,841.80
CA00212,O01106,C01106,MultiTouch,703.14
CA00318,O01106,C01106,MultiTouch,468.76
CA00214,O01107,C01107,LastTouch,154.80
CA00216,O01108,C01108,MultiTouch,435.53
CA00324,O01108,C01108,MultiTouch,290.35
CA00218,O01109,C01109,LastTouch,1653.60
CA00220,O01110,C01110,MultiTouch,161.40
CA00330,O01110,C01110,MultiTouch,107.60
CA00222,O01111,C01111,LastTouch,1609.30
CA00224,O01112,C01112,MultiTouch,1117.30
CA00336,O01112,C01112,MultiTouch,744.86
CA00226,O01113,C01113,LastTouch,318.70
CA00228,O01114,C01114,MultiTouch,1190.58
CA00342,O01114,C01114,MultiTouch,793.72
CA00230,O01115,C01115,LastTouch,2631.50
CA00232,O01116,C01116,MultiTouch,173.15
CA00348,O01116,C01116,MultiTouch,115.44
CA00234,O01117,C01117,LastTouch,2359.30
CA00236,O01118,C01118,MultiTouch,1834.02
CA00354,O01118,C01118,MultiTouch,1222.68
CA00238,O01119,C01119,LastTouch,456.60
CA00240,O01120,C01120,MultiTouch,1085.88
CA00360,O01120,C01120,MultiTouch,723.92
CA00242,O01121,C01121,LastTouch,3554.40
CA00244,O01122,C01122,MultiTouch,339.48
CA00366,O01122,C01122,MultiTouch,226.32
CA00246,O01123,C01123,LastTouch,3154.30
CA00248,O01124,C01124,MultiTouch,1861.91
CA00372,O01124,C01124,MultiTouch,1241.27
CA00250,O01125,C01125,LastTouch,657.50
CA00252,O01126,C01126,MultiTouch,2117.58
CA00378,O01126,C01126,MultiTouch,1411.72
CA00254,O01127,C01127,LastTouch,4444.30
CA00256,O01128,C01128,MultiTouch,260.26
CA00384,O01128,C01128,MultiTouch,173.51
CA00258,O01129,C01129,LastTouch,3904.30
CA00260,O01130,C01130,MultiTouch,2977.50
CA00390,O01130,C01130,MultiTouch,1985.00
CA00262,O01131,C01131,LastTouch,803.40
CA00264,O01132,C01132,MultiTouch,2238.56
CA00396,O01132,C01132,MultiTouch,1492.38
CA00266,O01133,C01133,LastTouch,3560.20
CA00268,O01134,C01134,MultiTouch,495.96
CA00402,O01134,C01134,MultiTouch,330.64
CA00270,O01135,C01135,LastTouch,1951.80
CA00272,O01136,C01136,MultiTouch,140.72
CA00408,O01136,C01136,MultiTouch,93.81
CA00274,O01137,C01137,LastTouch,6.80
CA00276,O01138,C01138,MultiTouch,269.58
CA00414,O01138,C01138,MultiTouch,179.72
CA00278,O01139,C01139,LastTouch,765.60
CA00280,O01140,C01140,MultiTouch,72.60
CA00420,O01140,C01140,MultiTouch,48.40
CA00282,O01141,C01141,LastTouch,847.80
CA00284,O01142,C01142,MultiTouch,757.98
CA00426,O01142,C01142,MultiTouch,505.32
CA00286,O01143,C01143,LastTouch,180.20
CA00288,O01144,C01144,MultiTouch,585.49
CA00432,O01144,C01144,MultiTouch,390.33
CA00290,O01145,C01145,LastTouch,1743.50
CA00292,O01146,C01146,MultiTouch,146.64
CA00438,O01146,C01146,MultiTouch,97.76
CA00294,O01147,C01147,LastTouch,1619.30
CA00296,O01148,C01148,MultiTouch,159.10
CA00444,O01148,C01148,MultiTouch,106.06
CA00298,O01149,C01149,LastTouch,308.60
CA00300,O01150,C01150,MultiTouch,1226.58
CA00450,O01150,C01150,MultiTouch,817.72
CA00302,O01151,C01151,LastTouch,2666.40
CA00304,O01152,C01152,MultiTouch,222.81
CA00456,O01152,C01152,MultiTouch,148.54
CA00306,O01153,C01153,LastTouch,2414.30
CA00308,O01154,C01154,MultiTouch,1871.46
CA00462,O01154,C01154,MultiTouch,1247.64
CA00310,O01155,C01155,LastTouch,482.00
CA00312,O01156,C01156,MultiTouch,1151.09
CA00468,O01156,C01156,MultiTouch,767.39
CA00314,O01157,C01157,LastTouch,3571.80
CA00316,O01158,C01158,MultiTouch,327.72
CA00474,O01158,C01158,MultiTouch,218.48
CA00318,O01159,C01159,LastTouch,3164.30
CA00320,O01160,C01160,MultiTouch,2444.70
CA00480,O01160,C01160,MultiTouch,1629.80
CA00322,O01161,C01161,LastTouch,655.40
CA00324,O01162,C01162,MultiTouch,2145.78
CA00486,O01162,C01162,MultiTouch,1430.52
CA00326,O01163,C01163,LastTouch,4522.20
CA00328,O01164,C01164,MultiTouch,343.08
CA00492,O01164,C01164,MultiTouch,228.72
CA00330,O01165,C01165,LastTouch,3986.80
CA00332,O01166,C01166,MultiTouch,2984.94
CA00498,O01166,C01166,MultiTouch,1989.96
CA00334,O01167,C01167,LastTouch,783.80
CA00336,O01168,C01168,MultiTouch,1548.86
CA00504,O01168,C01168,MultiTouch,1032.57
CA00338,O01169,C01169,LastTouch,3544.10
CA00340,O01170,C01170,MultiTouch,538.80
CA00510,O01170,C01170,MultiTouch,359.20
CA00342,O01171,C01171,LastTouch,1979.30
CA00344,O01172,C01172,MultiTouch,200.88
CA00516,O01172,C01172,MultiTouch,133.92
CA00346,O01173,C01173,LastTouch,32.20
CA00348,O01174,C01174,MultiTouch,302.58
CA00522,O01174,C01174,MultiTouch,201.72
CA00350,O01175,C01175,LastTouch,855.50
CA00352,O01176,C01176,MultiTouch,41.60
CA00528,O01176,C01176,MultiTouch,27.74
CA00354,O01177,C01177,LastTouch,879.30
CA00356,O01178,C01178,MultiTouch,768.42
CA00534,O01178,C01178,MultiTouch,512.28
CA00358,O01179,C01179,LastTouch,160.60
CA00360,O01180,C01180,MultiTouch,782.58
CA00540,O01180,C01180,MultiTouch,521.72
CA00362,O01181,C01181,LastTouch,1778.40
CA00364,O01182,C01182,MultiTouch,161.88
CA00546,O01182,C01182,MultiTouch,107.92
CA00366,O01183,C01183,LastTouch,1649.80
CA00368,O01184,C01184,MultiTouch,1041.40
CA00552,O01184,C01184,MultiTouch,694.26
CA00370,O01185,C01185,LastTouch,361.50
CA00372,O01186,C01186,MultiTouch,1229.58
CA00558,O01186,C01186,MultiTouch,819.72
CA00374,O01187,C01187,LastTouch,2683.80
CA00376,O01188,C01188,MultiTouch,155.48
CA00564,O01188,C01188,MultiTouch,103.65
CA00378,O01189,C01189,LastTouch,2424.30
CA00380,O01190,C01190,MultiTouch,1908.90
CA00570,O01190,C01190,MultiTouch,1272.60
CA00382,O01191,C01191,LastTouch,507.40
CA00384,O01192,C01192,MultiTouch,1474.88
CA00576,O01192,C01192,MultiTouch,983.26
CA00386,O01193,C01193,LastTouch,3634.20
CA00388,O01194,C01194,MultiTouch,342.96
CA00582,O01194,C01194,MultiTouch,228.64
CA00390,O01195,C01195,LastTouch,3246.80
CA00392,O01196,C01196,MultiTouch,1680.51
CA00588,O01196,C01196,MultiTouch,1120.34
CA00394,O01197,C01197,LastTouch,605.30
CA00396,O01198,C01198,MultiTouch,2156.58
CA00594,O01198,C01198,MultiTouch,1437.72
CA00398,O01199,C01199,LastTouch,2319.60
CA00400,O01200,C01200,MultiTouch,450.00
CA00600,O01200,C01200,MultiTouch,300.00
CA00402,O01201,C00001,LastTouch,314.30
CA00404,O01202,C00002,MultiTouch,358.38
CA00606,O01202,C00002,MultiTouch,238.92
CA00406,O01203,C00003,LastTouch,69.20
CA00408,O01204,C00004,MultiTouch,282.07
CA00612,O01204,C00004,MultiTouch,188.05
CA00410,O01205,C00005,LastTouch,1077.50
CA00412,O01206,C00006,MultiTouch,80.04
CA00618,O01206,C00006,MultiTouch,53.36
CA00414,O01207,C00007,LastTouch,1064.30
CA00416,O01208,C00008,MultiTouch,546.47
CA00624,O01208,C00008,MultiTouch,364.31
CA00418,O01209,C00009,LastTouch,197.60
CA00420,O01210,C00010,MultiTouch,893.58
CA00630,O01210,C00010,MultiTouch,595.72
CA00422,O01211,C00011,LastTouch,1963.90
CA00424,O01212,C00012,MultiTouch,165.53
CA00636,O01212,C00012,MultiTouch,110.36
CA00426,O01213,C00013,LastTouch,1859.30
CA00428,O01214,C00014,MultiTouch,1471.86
CA00642,O01214,C00014,MultiTouch,981.24
CA00430,O01215,C00015,LastTouch,398.50
CA00432,O01216,C00016,MultiTouch,924.65
CA00648,O01216,C00016,MultiTouch,616.43
CA00434,O01217,C00017,LastTouch,2905.80
CA00436,O01218,C00018,MultiTouch,250.92
CA00654,O01218,C00018,MultiTouch,167.28
CA00438,O01219,C00019,LastTouch,2609.30
CA00440,O01220,C00020,MultiTouch,2045.10
CA00660,O01220,C00020,MultiTouch,1363.40
CA00442,O01221,C00021,LastTouch,544.40
CA00444,O01222,C00022,MultiTouch,1817.58
CA00666,O01222,C00022,MultiTouch,1211.72
CA00446,O01223,C00023,LastTouch,3856.20
CA00448,O01224,C00024,MultiTouch,291.80
CA00672,O01224,C00024,MultiTouch,194.53
CA00450,O01225,C00025,LastTouch,3389.30
CA00452,O01226,C00026,MultiTouch,2585.34
CA00678,O01226,C00026,MultiTouch,1723.56
CA00454,O01227,C00027,LastTouch,672.80
CA00456,O01228,C00028,MultiTouch,1352.39
CA00684,O01228,C00028,MultiTouch,901.59
CA00458,O01229,C00029,LastTouch,4761.60
CA00460,O01230,C00030,MultiTouch,472.20
CA00690,O01230,C00030,MultiTouch,314.80
CA00462,O01231,C00031,LastTouch,4199.30
CA00464,O01232,C00032,MultiTouch,1294.01
CA00696,O01232,C00032,MultiTouch,862.67
CA00466,O01233,C00033,LastTouch,846.20
CA00468,O01234,C00034,MultiTouch,1079.58
CA00702,O01234,C00034,MultiTouch,719.72
CA00470,O01235,C00035,LastTouch,2964.50
CA00472,O01236,C00036,MultiTouch,7.10
CA00708,O01236,C00036,MultiTouch,4.73
CA00474,O01237,C00037,LastTouch,324.30
CA00476,O01238,C00038,MultiTouch,368.82
CA00714,O01238,C00038,MultiTouch,245.88
CA00478,O01239,C00039,LastTouch,1.10
CA00480,O01240,C00040,MultiTouch,449.58
CA00720,O01240,C00040,MultiTouch,299.72
CA00482,O01241,C00041,LastTouch,1112.40
CA00484,O01242,C00042,MultiTouch,95.28
CA00726,O01242,C00042,MultiTouch,63.52
CA00486,O01243,C00043,LastTouch,1119.30
CA00488,O01244,C00044,MultiTouch,733.70
CA00732,O01244,C00044,MultiTouch,489.14
CA00490,O01245,C00045,LastTouch,250.50
CA00492,O01246,C00046,MultiTouch,879.18
CA00738,O01246,C00046,MultiTouch,586.12
CA00494,O01247,C00047,LastTouch,2017.80
CA00496,O01248,C00048,MultiTouch,116.18
CA00744,O01248,C00048,MultiTouch,77.46
CA00498,O01249,C00049,LastTouch,1869.30
CA00500,O01250,C00050,MultiTouch,1512.30
CA00750,O01250,C00050,MultiTouch,1008.20
CA00502,O01251,C00051,LastTouch,396.40
CA00504,O01252,C00052,MultiTouch,1188.50
CA00756,O01252,C00052,MultiTouch,792.34
CA00506,O01253,C00053,LastTouch,2958.70
CA00508,O01254,C00054,MultiTouch,276.36
CA00762,O01254,C00054,MultiTouch,184.24
CA00510,O01255,C00055,LastTouch,2691.80
CA00512,O01256,C00056,MultiTouch,1408.78
CA00768,O01256,C00056,MultiTouch,939.19
CA00514,O01257,C00057,LastTouch,524.80
CA00516,O01258,C00058,MultiTouch,1823.58
CA00774,O01258,C00058,MultiTouch,1215.72
CA00518,O01259,C00059,LastTouch,3873.60
CA00520,O01260,C00060,MultiTouch,249.21
CA00780,O01260,C00060,MultiTouch,166.14
CA00522,O01261,C00061,LastTouch,3459.30
CA00524,O01262,C00062,MultiTouch,2622.78
CA00786,O01262,C00062,MultiTouch,1748.52
CA00526,O01263,C00063,LastTouch,698.20
CA00528,O01264,C00064,MultiTouch,1782.07
CA00792,O01264,C00064,MultiTouch,1188.05
CA00530,O01265,C00065,LastTouch,4851.50
CA00532,O01266,C00066,MultiTouch,457.44
CA00798,O01266,C00066,MultiTouch,304.96
CA00534,O01267,C00067,LastTouch,4193.80
CA00536,O01268,C00068,MultiTouch,1227.56
CA00804,O01268,C00068,MultiTouch,818.38
CA00538,O01269,C00069,LastTouch,826.60
CA00540,O01270,C00070,MultiTouch,1115.58
CA00810,O01270,C00070,MultiTouch,743.72
CA00542,O01271,C00071,LastTouch,2999.40
CA00544,O01272,C00072,MultiTouch,12.80
CA00816,O01272,C00072,MultiTouch,8.53
CA00546,O01273,C00073,LastTouch,379.30
CA00548,O01274,C00074,MultiTouch,390.66
CA00822,O01274,C00074,MultiTouch,260.44
CA00550,O01275,C00075,LastTouch,102.50
CA00552,O01276,C00076,MultiTouch,320.81
CA00828,O01276,C00076,MultiTouch,213.87
CA00554,O01277,C00077,LastTouch,1129.80
CA00556,O01278,C00078,MultiTouch,83.52
CA00834,O01278,C00078,MultiTouch,55.68
CA00558,O01279,C00079,LastTouch,1129.30
CA00560,O01280,C00080,MultiTouch,979.50
CA00840,O01280,C00080,MultiTouch,653.00
CA00562,O01281,C00081,LastTouch,241.90
CA00564,O01282,C00082,MultiTouch,929.58
CA00846,O01282,C00082,MultiTouch,619.72
CA00566,O01283,C00083,LastTouch,2080.20
CA00568,O01284,C00084,MultiTouch,155.05
CA00852,O01284,C00084,MultiTouch,103.36
CA00570,O01285,C00085,LastTouch,1951.80
CA00572,O01286,C00086,MultiTouch,1519.74
CA00858,O01286,C00086,MultiTouch,1013.16
CA00574,O01287,C00087,LastTouch,376.80
CA00576,O01288,C00088,MultiTouch,379.13
CA00864,O01288,C00088,MultiTouch,252.75
CA00578,O01289,C00089,LastTouch,2985.60
CA00580,O01290,C00090,MultiTouch,294.60
CA00870,O01290,C00090,MultiTouch,196.40
CA00582,O01291,C00091,LastTouch,2719.30
CA00584,O01292,C00092,MultiTouch,1804.61
CA00876,O01292,C00092,MultiTouch,1203.07
CA00586,O01293,C00093,LastTouch,550.20
CA00588,O01294,C00094,MultiTouch,1856.58
CA00882,O01294,C00094,MultiTouch,1237.72
CA00590,O01295,C00095,LastTouch,3951.00
CA00592,O01296,C00096,MultiTouch,263.73
CA00888,O01296,C00096,MultiTouch,175.82
CA00594,O01297,C00097,LastTouch,3469.30
CA00596,O01298,C00098,MultiTouch,2633.22
CA00894,O01298,C00098,MultiTouch,1755.48
CA00598,O01299,C00099,LastTouch,678.60
CA00600,O01300,C00100,MultiTouch,2336.58
CA00900,O01300,C00100,MultiTouch,1557.72
CA00602,O01301,C00101,LastTouch,4886.40
CA00604,O01302,C00102,MultiTouch,449.88
CA00906,O01302,C00102,MultiTouch,299.92
CA00606,O01303,C00103,LastTouch,4264.30
CA00608,O01304,C00104,MultiTouch,1622.59
CA00912,O01304,C00104,MultiTouch,1081.73
CA00610,O01305,C00105,LastTouch,879.50
CA00612,O01306,C00106,MultiTouch,1118.58
CA00918,O01306,C00106,MultiTouch,745.72
CA00614,O01307,C00107,LastTouch,3016.80
CA00616,O01308,C00108,MultiTouch,11.40
CA00924,O01308,C00108,MultiTouch,7.60
CA00618,O01309,C00109,LastTouch,370.80
CA00620,O01310,C00110,MultiTouch,446.70
CA00930,O01310,C00110,MultiTouch,297.80
CA00622,O01311,C00111,LastTouch,100.40
CA00624,O01312,C00112,MultiTouch,424.82
CA00936,O01312,C00112,MultiTouch,283.22
CA00626,O01313,C00113,LastTouch,1192.20
CA00628,O01314,C00114,MultiTouch,98.76
CA00942,O01314,C00114,MultiTouch,65.84
CA00630,O01315,C00115,LastTouch,1211.80
CA00632,O01316,C00116,MultiTouch,241.48
CA00948,O01316,C00116,MultiTouch,160.98
CA00634,O01317,C00117,LastTouch,228.80
CA00636,O01318,C00118,MultiTouch,935.58
CA00954,O01318,C00118,MultiTouch,623.72
CA00638,O01319,C00119,LastTouch,2097.60
CA00640,O01320,C00120,MultiTouch,205.80
CA00960,O01320,C00120,MultiTouch,137.20
CA00642,O01321,C00121,LastTouch,1979.30
CA00644,O01322,C00122,MultiTouch,1557.18
CA00966,O01322,C00122,MultiTouch,1038.12
CA00646,O01323,C00123,LastTouch,377.70
CA00648,O01324,C00124,MultiTouch,1098.31
CA00972,O01324,C00124,MultiTouch,732.21
CA00650,O01325,C00125,LastTouch,3075.50
CA00652,O01326,C00126,MultiTouch,279.84
CA00978,O01326,C00126,MultiTouch,186.56
CA00654,O01327,C00127,LastTouch,2729.30
CA00656,O01328,C00128,MultiTouch,1253.76
CA00984,O01328,C00128,MultiTouch,835.84
CA00658,O01329,C00129,LastTouch,530.60
CA00660,O01330,C00130,MultiTouch,1889.58
CA00990,O01330,C00130,MultiTouch,1259.72
CA00662,O01331,C00131,LastTouch,3998.40
CA00664,O01332,C00132,MultiTouch,337.36
CA00996,O01332,C00132,MultiTouch,224.91
CA00666,O01333,C00133,LastTouch,3524.30
CA00668,O01334,C00134,MultiTouch,2679.66
CA00002,O01334,C00134,MultiTouch,1786.44
CA00670,O01335,C00135,LastTouch,731.50
CA00672,O01336,C00136,MultiTouch,1957.79
CA00008,O01336,C00136,MultiTouch,1305.19
CA00674,O01337,C00137,LastTouch,4888.30
CA00676,O01338,C00138,MultiTouch,469.92
CA00014,O01338,C00138,MultiTouch,313.28
CA00678,O01339,C00139,LastTouch,4289.30
CA00680,O01340,C00140,MultiTouch,2133.90
CA00020,O01340,C00140,MultiTouch,1422.60
CA00682,O01341,C00141,LastTouch,847.40
CA00684,O01342,C00142,MultiTouch,1133.58
CA00026,O01342,C00142,MultiTouch,755.72
CA00686,O01343,C00143,LastTouch,274.20
CA00688,O01344,C00144,MultiTouch,19.25
CA00032,O01344,C00144,MultiTouch,12.83
CA00690,O01345,C00145,LastTouch,471.80
CA00692,O01346,C00146,MultiTouch,463.14
CA00038,O01346,C00146,MultiTouch,308.76
CA00694,O01347,C00147,LastTouch,95.80
CA00696,O01348,C00148,MultiTouch,381.97
CA00044,O01348,C00148,MultiTouch,254.65
CA00698,O01349,C00149,LastTouch,1224.60
CA00700,O01350,C00150,MultiTouch,117.00
CA00050,O01350,C00150,MultiTouch,78.00
CA00702,O01351,C00151,LastTouch,1172.80
CA00704,O01352,C00152,MultiTouch,578.36
CA00056,O01352,C00152,MultiTouch,385.57
CA00706,O01353,C00153,LastTouch,224.20
CA00708,O01354,C00154,MultiTouch,977.58
CA00062,O01354,C00154,MultiTouch,651.72
CA00710,O01355,C00155,LastTouch,2187.50
CA00712,O01356,C00156,MultiTouch,174.50
CA00068,O01356,C00156,MultiTouch,116.33
CA00714,O01357,C00157,LastTouch,2004.30
CA00716,O01358,C00158,MultiTouch,1566.42
CA00074,O01358,C00158,MultiTouch,1044.28
CA00718,O01359,C00159,LastTouch,397.60
CA00720,O01360,C00160,MultiTouch,1448.58
CA00080,O01360,C00160,MultiTouch,965.72
CA00722,O01361,C00161,LastTouch,3080.40
CA00724,O01362,C00162,MultiTouch,277.08
CA00086,O01362,C00162,MultiTouch,184.72
CA00726,O01363,C00163,LastTouch,2754.30
CA00728,O01364,C00164,MultiTouch,1979.53
CA00092,O01364,C00164,MultiTouch,1319.68
CA00730,O01365,C00165,LastTouch,556.00
CA00732,O01366,C00166,MultiTouch,1904.58
CA00098,O01366,C00166,MultiTouch,1269.72
CA00734,O01367,C00167,LastTouch,4030.80
CA00736,O01368,C00168,MultiTouch,293.57
CA00104,O01368,C00168,MultiTouch,195.72
CA00738,O01369,C00169,LastTouch,3549.30
CA00740,O01370,C00170,MultiTouch,1379.10
CA00110,O01370,C00170,MultiTouch,919.40
CA00742,O01371,C00171,LastTouch,699.40
CA00744,O01372,C00172,MultiTouch,77.27
CA00116,O01372,C00172,MultiTouch,51.51
CA00746,O01373,C00173,LastTouch,496.20
CA00748,O01374,C00174,MultiTouch,41.16
CA00122,O01374,C00174,MultiTouch,27.44
CA00750,O01375,C00175,LastTouch,656.80
CA00752,O01376,C00176,MultiTouch,503.43
CA00128,O01376,C00176,MultiTouch,335.62
CA00754,O01377,C00177,LastTouch,132.80
CA00756,O01378,C00178,MultiTouch,611.58
CA00134,O01378,C00178,MultiTouch,407.72
CA00758,O01379,C00179,LastTouch,1413.10
CA00760,O01380,C00180,MultiTouch,139.20
CA00140,O01380,C00180,MultiTouch,92.80
CA00762,O01381,C00181,LastTouch,1394.30
CA00764,O01382,C00182,MultiTouch,1139.58
CA00146,O01382,C00182,MultiTouch,759.72
CA00766,O01383,C00183,LastTouch,261.20
CA00768,O01384,C00184,MultiTouch,1005.91
CA00152,O01384,C00184,MultiTouch,670.61
CA00770,O01385,C00185,LastTouch,2409.50
CA00772,O01386,C00186,MultiTouch,213.84
CA00158,O01386,C00186,MultiTouch,142.56
CA00774,O01387,C00187,LastTouch,2189.30
CA00776,O01388,C00188,MultiTouch,1276.81
CA00164,O01388,C00188,MultiTouch,851.21
CA00778,O01389,C00189,LastTouch,434.60
CA00780,O01390,C00190,MultiTouch,1559.58
CA00170,O01390,C00190,MultiTouch,1039.72
CA00782,O01391,C00191,LastTouch,3302.40
CA00784,O01392,C00192,MultiTouch,182.38
CA00176,O01392,C00192,MultiTouch,121.59
CA00786,O01393,C00193,LastTouch,2899.80
CA00788,O01394,C00194,MultiTouch,2280.06
CA00182,O01394,C00194,MultiTouch,1520.04
CA00790,O01395,C00195,LastTouch,620.50
CA00792,O01396,C00196,MultiTouch,1681.40
CA00188,O01396,C00196,MultiTouch,1120.93
CA00794,O01397,C00197,LastTouch,4252.80
CA00796,O01398,C00198,MultiTouch,403.32
CA00194,O01398,C00198,MultiTouch,268.88
CA00798,O01399,C00199,LastTouch,3734.30
CA00800,O01400,C00200,MultiTouch,2275.44
CA00200,O01400,C00200,MultiTouch,1516.96
CA00802,O01401,C00201,LastTouch,736.40
CA00804,O01402,C00202,MultiTouch,2465.58
CA00206,O01402,C00202,MultiTouch,1643.72
CA00806,O01403,C00203,LastTouch,5158.20
CA00808,O01404,C00204,MultiTouch,471.19
CA00212,O01404,C00204,MultiTouch,314.12
CA00810,O01405,C00205,LastTouch,4541.80
CA00812,O01406,C00206,MultiTouch,1728.54
CA00218,O01406,C00206,MultiTouch,1152.36
CA00814,O01407,C00207,LastTouch,864.30
CA00816,O01408,C00208,MultiTouch,135.55
CA00224,O01408,C00208,MultiTouch,90.37
CA00818,O01409,C00209,LastTouch,558.60
CA00820,O01410,C00210,MultiTouch,50.40
CA00230,O01410,C00210,MultiTouch,33.60
CA00822,O01411,C00211,LastTouch,654.30
CA00824,O01412,C00212,MultiTouch,354.58
CA00236,O01412,C00212,MultiTouch,236.39
CA00826,O01413,C00213,LastTouch,113.20
CA00828,O01414,C00214,MultiTouch,628.98
CA00242,O01414,C00214,MultiTouch,419.32
CA00830,O01415,C00215,LastTouch,1521.50
CA00832,O01416,C00216,MultiTouch,119.22
CA00248,O01416,C00216,MultiTouch,79.48
CA00834,O01417,C00217,LastTouch,1449.30
CA00836,O01418,C00218,MultiTouch,1177.02
CA00254,O01418,C00218,MultiTouch,784.68
CA00838,O01419,C00219,LastTouch,286.60
CA00840,O01420,C00220,MultiTouch,1115.58
CA00260,O01420,C00220,MultiTouch,743.72
CA00842,O01421,C00221,LastTouch,2407.90
CA00844,O01422,C00222,MultiTouch,210.48
CA00266,O01422,C00222,MultiTouch,140.32
CA00846,O01423,C00223,LastTouch,2199.30
CA00848,O01424,C00224,MultiTouch,1611.89
CA00272,O01424,C00224,MultiTouch,1074.60
CA00850,O01425,C00225,LastTouch,472.50
CA00852,O01426,C00226,MultiTouch,1571.58
CA00278,O01426,C00226,MultiTouch,1047.72
CA00854,O01427,C00227,LastTouch,3364.80
CA00856,O01428,C00228,MultiTouch,138.65
CA00284,O01428,C00228,MultiTouch,92.43
CA00858,O01429,C00229,LastTouch,2994.30
CA00860,O01430,C00230,MultiTouch,2311.50
CA00290,O01430,C00230,MultiTouch,1541.00
CA00862,O01431,C00231,LastTouch,588.40
CA00864,O01432,C00232,MultiTouch,1146.87
CA00296,O01432,C00232,MultiTouch,764.58
CA00866,O01433,C00233,LastTouch,4270.20
CA00868,O01434,C00234,MultiTouch,418.56
CA00302,O01434,C00234,MultiTouch,279.04
CA00870,O01435,C00235,LastTouch,3789.30
CA00872,O01436,C00236,MultiTouch,2382.88
CA00308,O01436,C00236,MultiTouch,1588.59
CA00874,O01437,C00237,LastTouch,761.80
CA00876,O01438,C00238,MultiTouch,2498.58
CA00314,O01438,C00238,MultiTouch,1665.72
CA00878,O01439,C00239,LastTouch,5220.60
CA00880,O01440,C00240,MultiTouch,516.60
CA00320,O01440,C00240,MultiTouch,344.40
CA00882,O01441,C00241,LastTouch,1764.30
CA00884,O01442,C00242,MultiTouch,1716.18
CA00326,O01442,C00242,MultiTouch,1144.12
CA00886,O01443,C00243,LastTouch,0.00
CA00888,O01444,C00244,MultiTouch,188.95
CA00332,O01444,C00244,MultiTouch,125.97
CA00890,O01445,C00245,LastTouch,633.50
CA00892,O01446,C00246,MultiTouch,44.64
CA00338,O01446,C00246,MultiTouch,29.76
CA00894,O01447,C00247,LastTouch,709.30
CA00896,O01448,C00248,MultiTouch,488.27
CA00344,O01448,C00248,MultiTouch,325.51
CA00898,O01449,C00249,LastTouch,120.10
CA00900,O01450,C00250,MultiTouch,671.58
CA00350,O01450,C00250,MultiTouch,447.72
CA00902,O01451,C00251,LastTouch,1526.40
CA00904,O01452,C00252,MultiTouch,82.93
CA00356,O01452,C00252,MultiTouch,55.28
CA00906,O01453,C00253,LastTouch,1459.30
CA00908,O01454,C00254,MultiTouch,1214.46
CA00362,O01454,C00254,MultiTouch,809.64
CA00910,O01455,C00255,LastTouch,324.50
CA00912,O01456,C00256,MultiTouch,614.40
CA00368,O01456,C00256,MultiTouch,409.60
CA00914,O01457,C00257,LastTouch,2476.80
CA00916,O01458,C00258,MultiTouch,225.72
CA00374,O01458,C00258,MultiTouch,150.48
CA00918,O01459,C00259,LastTouch,2254.30
CA00920,O01460,C00260,MultiTouch,1778.70
CA00380,O01460,C00260,MultiTouch,1185.80
CA00922,O01461,C00261,LastTouch,440.40
CA00924,O01462,C00262,MultiTouch,1577.58
CA00386,O01462,C00262,MultiTouch,1051.72
CA00926,O01463,C00263,LastTouch,3372.70
CA00928,O01464,C00264,MultiTouch,307.79
CA00392,O01464,C00264,MultiTouch,205.20
CA00930,O01465,C00265,LastTouch,3061.80
CA00932,O01466,C00266,MultiTouch,2327.94
CA00398,O01466,C00266,MultiTouch,1551.96
CA00934,O01467,C00267,LastTouch,613.80
CA00936,O01468,C00268,MultiTouch,1531.93
CA00404,O01468,C00268,MultiTouch,1021.29
CA00938,O01469,C00269,LastTouch,4332.60
CA00940,O01470,C00270,MultiTouch,406.80
CA00410,O01470,C00270,MultiTouch,271.20
CA00942,O01471,C00271,LastTouch,3799.30
CA00944,O01472,C00272,MultiTouch,1622.65
CA00416,O01472,C00272,MultiTouch,1081.76
CA00946,O01473,C00273,LastTouch,742.20
CA00948,O01474,C00274,MultiTouch,2531.58
CA00422,O01474,C00274,MultiTouch,1687.72
CA00950,O01475,C00275,LastTouch,3445.50
CA00952,O01476,C00276,MultiTouch,432.46
CA00428,O01476,C00276,MultiTouch,288.31
CA00954,O01477,C00277,LastTouch,1803.80
CA00956,O01478,C00278,MultiTouch,1776.42
CA00434,O01478,C00278,MultiTouch,1184.28
CA00958,O01479,C00279,LastTouch,0.00
CA00960,O01480,C00280,MultiTouch,227.58
CA00440,O01480,C00280,MultiTouch,151.72
CA00962,O01481,C00281,LastTouch,638.40
CA00964,O01482,C00282,MultiTouch,32.88
CA00446,O01482,C00282,MultiTouch,21.92
CA00966,O01483,C00283,LastTouch,719.30
CA00968,O01484,C00284,MultiTouch,350.09
CA00452,O01484,C00284,MultiTouch,233.40
CA00970,O01485,C00285,LastTouch,176.50
CA00972,O01486,C00286,MultiTouch,683.58
CA00458,O01486,C00286,MultiTouch,455.72
CA00974,O01487,C00287,LastTouch,1588.80
CA00976,O01488,C00288,MultiTouch,112.87
CA00464,O01488,C00288,MultiTouch,75.24
CA00978,O01489,C00289,LastTouch,1514.30
CA00980,O01490,C00290,MultiTouch,1245.90
CA00470,O01490,C00290,MultiTouch,830.60
CA00982,O01491,C00291,LastTouch,270.90
CA00984,O01492,C00292,MultiTouch,649.59
CA00476,O01492,C00292,MultiTouch,433.06
CA00986,O01493,C00293,LastTouch,2494.20
CA00988,O01494,C00294,MultiTouch,240.96
CA00482,O01494,C00294,MultiTouch,160.64
CA00990,O01495,C00295,LastTouch,2321.80
CA00992,O01496,C00296,MultiTouch,1498.43
CA00488,O01496,C00296,MultiTouch,998.96
CA00994,O01497,C00297,LastTouch,465.80
CA00996,O01498,C00298,MultiTouch,1582.38
CA00494,O01498,C00298,MultiTouch,1054.92
CA00998,O01499,C00299,LastTouch,3444.60
CA01000,O01500,C00300,MultiTouch,339.00
CA00500,O01500,C00300,MultiTouch,226.00
