customer_id,customer_segment,customer_tier,join_date
C00001,Loyal,Bronze,2023-01-02
C00002,AtRisk,Silver,2023-01-03
C00003,New,Gold,2023-01-04
C00004,Loyal,Platinum,2023-01-05
C00005,AtRisk,Bronze,2023-01-06
C00006,New,Silver,2023-01-07
C00007,,Gold,2023-01-08
C00008,AtRisk,Platinum,2023-01-09
C00009,New,Bronze,2023-01-10
C00010,Loyal,Silver,2023-01-11
C00011,AtRisk,Gold,2023-01-12
C00012,New,Platinum,2023-01-13
C00013,Loyal,Bronze,2023-01-14
C00014,AtRisk,Silver,2023-01-15
C00015,New,Gold,2023-01-16
C00016,Loyal,Platinum,2023-01-17
C00017,AtRisk,Bronze,2023-01-18
C00018,New,Silver,2023-01-19
C00019,Loyal,Gold,2023-01-20
C00020,AtRisk,Platinum,2023-01-21
C00021,New,Bronze,2023-01-22
C00022,Loyal,Silver,2023-01-23
C00023,AtRisk,Gold,2023-01-24
C00024,New,Platinum,2023-01-25
C00025,Loyal,Bronze,2023-01-26
C00026,AtRisk,Silver,2023-01-27
C00027,New,Gold,2023-01-28
C00028,Loyal,Platinum,2023-01-29
C00029,AtRisk,Bronze,2023-01-30
C00030,New,Silver,2023-01-31
C00031,Loyal,Gold,2023-02-01
C00032,AtRisk,Platinum,2023-02-02
C00033,New,Bronze,2023-02-03
C00034,Loyal,Silver,2023-02-04
C00035,AtRisk,Gold,2023-02-05
C00036,New,Platinum,2023-02-06
C00037,Loyal,Bronze,2023-02-07
C00038,AtRisk,Silver,2023-02-08
C00039,New,Gold,2023-02-09
C00040,Loyal,Platinum,2023-02-10
C00041,AtRisk,Bronze,2023-02-11
C00042,New,Silver,2023-02-12
C00043,Loyal,Gold,2023-02-13
C00044,AtRisk,Platinum,2023-02-14
C00045,New,Bronze,2023-02-15
C00046,Loyal,Silver,2023-02-16
C00047,AtRisk,Gold,2023-02-17
C00048,New,Platinum,2023-02-18
C00049,Loyal,Bronze,2023-02-19
C00050,AtRisk,Silver,2023-02-20
C00051,New,Gold,2023-02-21
C00052,Loyal,Platinum,2023-02-22
C00053,AtRisk,Bronze,2023-02-23
C00054,New,Silver,2023-02-24
C00055,Loyal,Gold,2023-02-25
C00056,AtRisk,Platinum,2023-02-26
C00057,New,Bronze,2023-02-27
C00058,Loyal,Silver,2023-02-28
C00059,AtRisk,Gold,2023-03-01
C00060,New,Platinum,2023-03-02
C00061,Loyal,Bronze,2023-03-03
C00062,AtRisk,Silver,2023-03-04
C00063,New,Gold,2023-03-05
C00064,Loyal,Platinum,2023-03-06
C00065,AtRisk,Bronze,2023-03-07
C00066,New,Silver,2023-03-08
C00067,Loyal,Gold,2023-03-09
C00068,AtRisk,Platinum,2023-03-10
C00069,New,Bronze,2023-03-11
C00070,Loyal,Silver,2023-03-12
C00071,AtRisk,Gold,2023-03-13
C00072,New,Platinum,2023-03-14
C00073,Loyal,Bronze,2023-03-15
C00074,AtRisk,Silver,2023-03-16
C00075,New,Gold,2023-03-17
C00076,Loyal,Platinum,2023-03-18
C00077,AtRisk,Bronze,2023-03-19
C00078,New,Silver,2023-03-20
C00079,Loyal,Gold,2023-03-21
C00080,AtRisk,Platinum,2023-03-22
C00081,New,Bronze,2023-03-23
C00082,Loyal,Silver,2023-03-24
C00083,AtRisk,Gold,2023-03-25
C00084,New,Platinum,2023-03-26
C00085,Loyal,Bronze,2023-03-27
C00086,AtRisk,Silver,2023-03-28
C00087,New,Gold,2023-03-29
C00088,Loyal,Platinum,2023-03-30
C00089,AtRisk,Bronze,2023-03-31
C00090,New,Silver,2023-04-01
C00091,Loyal,Gold,2023-04-02
C00092,AtRisk,Platinum,2023-04-03
C00093,New,Bronze,2023-04-04
C00094,Loyal,Silver,2023-04-05
C00095,AtRisk,Gold,2023-04-06
C00096,New,Platinum,2023-04-07
C00097,Loyal,Bronze,2023-04-08
C00098,AtRisk,Silver,2023-04-09
C00099,New,Gold,2023-04-10
C00100,Loyal,Platinum,2023-04-11
C00101,AtRisk,Bronze,2023-04-12
C00102,New,Silver,2023-04-13
C00103,Loyal,Gold,2023-04-14
C00104,AtRisk,Platinum,2023-04-15
C00105,New,Bronze,2023-04-16
C00106,Loyal,Silver,2023-04-17
C00107,AtRisk,Gold,2023-04-18
C00108,New,Platinum,2023-04-19
C00109,Loyal,Bronze,2023-04-20
C00110,AtRisk,Silver,2023-04-21
C00111,New,Gold,2023-04-22
C00112,Loyal,Platinum,2023-04-23
C00113,AtRisk,Bronze,2023-04-24
C00114,New,Silver,2023-04-25
C00115,Loyal,Gold,2023-04-26
C00116,AtRisk,Platinum,2023-04-27
C00117,New,Bronze,2023-04-28
C00118,Loyal,Silver,2023-04-29
C00119,AtRisk,Gold,2023-04-30
C00120,New,Platinum,2023-05-01
C00121,Loyal,Bronze,2023-05-02
C00122,AtRisk,Silver,2023-05-03
C00123,New,Gold,2023-05-04
C00124,Loyal,Platinum,2023-05-05
C00125,AtRisk,Bronze,2023-05-06
C00126,New,Silver,2023-05-07
C00127,Loyal,Gold,2023-05-08
C00128,AtRisk,Platinum,2023-05-09
C00129,New,Bronze,2023-05-10
C00130,Loyal,Silver,2023-05-11
C00131,AtRisk,Gold,2023-05-12
C00132,New,Platinum,2023-05-13
C00133,Loyal,Bronze,2023-05-14
C00134,AtRisk,Silver,2023-05-15
C00135,New,Gold,2023-05-16
C00136,Loyal,Platinum,2023-05-17
C00137,AtRisk,Bronze,2023-05-18
C00138,New,Silver,2023-05-19
C00139,Loyal,Gold,2023-05-20
C00140,AtRisk,Platinum,2023-05-21
C00141,New,Bronze,2023-05-22
C00142,Loyal,Silver,2023-05-23
C00143,AtRisk,Gold,2023-05-24
C00144,New,Platinum,2023-05-25
C00145,Loyal,Bronze,2023-05-26
C00146,AtRisk,Silver,2023-05-27
C00147,New,Gold,2023-05-28
C00148,Loyal,Platinum,2023-05-29
C00149,AtRisk,Bronze,2023-05-30
C00150,New,Silver,2023-05-31
C00151,Loyal,Gold,2023-06-01
C00152,AtRisk,Platinum,2023-06-02
C00153,New,Bronze,2023-06-03
C00154,Loyal,Silver,2023-06-04
C00155,AtRisk,Gold,2023-06-05
C00156,New,Platinum,2023-06-06
C00157,Loyal,Bronze,2023-06-07
C00158,AtRisk,Silver,2023-06-08
C00159,New,Gold,2023-06-09
C00160,Loyal,Platinum,2023-06-10
C00161,AtRisk,Bronze,2023-06-11
C00162,New,Silver,2023-06-12
C00163,Loyal,Gold,2023-06-13
C00164,AtRisk,Platinum,2023-06-14
C00165,New,Bronze,2023-06-15
C00166,Loyal,Silver,2023-06-16
C00167,AtRisk,Gold,2023-06-17
C00168,New,Platinum,2023-06-18
C00169,Loyal,Bronze,2023-06-19
C00170,AtRisk,Silver,2023-06-20
C00171,New,Gold,2023-06-21
C00172,Loyal,Platinum,2023-06-22
C00173,AtRisk,Bronze,2023-06-23
C00174,New,Silver,2023-06-24
C00175,Loyal,Gold,2023-06-25
C00176,AtRisk,Platinum,2023-06-26
C00177,New,Bronze,2023-06-27
C00178,Loyal,Silver,2023-06-28
C00179,AtRisk,Gold,2023-06-29
C00180,New,Platinum,2023-06-30
C00181,Loyal,Bronze,2023-07-01
C00182,AtRisk,Silver,2023-07-02
C00183,New,Gold,2023-07-03
C00184,Loyal,Platinum,2023-07-04
C00185,AtRisk,Bronze,2023-07-05
C00186,New,Silver,2023-07-06
C00187,Loyal,Gold,2023-07-07
C00188,AtRisk,Platinum,2023-07-08
C00189,New,Bronze,2023-07-09
C00190,Loyal,Silver,2023-07-10
C00191,AtRisk,Gold,2023-07-11
C00192,New,Platinum,2023-07-12
C00193,Loyal,Bronze,2023-07-13
C00194,AtRisk,Silver,2023-07-14
C00195,New,Gold,2023-07-15
C00196,Loyal,Platinum,2023-07-16
C00197,AtRisk,Bronze,2023-07-17
C00198,New,Silver,2023-07-18
C00199,Loyal,Gold,2023-07-19
C00200,AtRisk,Platinum,2023-07-20
C00201,New,Bronze,2023-07-21
C00202,Loyal,Silver,2023-07-22
C00203,AtRisk,Gold,2023-07-23
C00204,New,Platinum,2023-07-24
C00205,Loyal,Bronze,2023-07-25
C00206,AtRisk,Silver,2023-07-26
C00207,New,Gold,2023-07-27
C00208,Loyal,Platinum,2023-07-28
C00209,AtRisk,Bronze,2023-07-29
C00210,New,Silver,2023-07-30
C00211,Loyal,Gold,2023-07-31
C00212,AtRisk,Platinum,2023-08-01
C00213,New,Bronze,2023-08-02
C00214,Loyal,Silver,2023-08-03
C00215,AtRisk,Gold,2023-08-04
C00216,New,Platinum,2023-08-05
C00217,Loyal,Bronze,2023-08-06
C00218,AtRisk,Silver,2023-08-07
C00219,New,Gold,2023-08-08
C00220,Loyal,Platinum,2023-08-09
C00221,AtRisk,Bronze,2023-08-10
C00222,New,Silver,2023-08-11
C00223,Loyal,Gold,2023-08-12
C00224,AtRisk,Platinum,2023-08-13
C00225,New,Bronze,2023-08-14
C00226,Loyal,Silver,2023-08-15
C00227,AtRisk,Gold,2023-08-16
C00228,New,Platinum,2023-08-17
C00229,Loyal,Bronze,2023-08-18
C00230,AtRisk,Silver,2023-08-19
C00231,New,Gold,2023-08-20
C00232,Loyal,Platinum,2023-08-21
C00233,AtRisk,Bronze,2023-08-22
C00234,New,Silver,2023-08-23
C00235,Loyal,Gold,2023-08-24
C00236,AtRisk,Platinum,2023-08-25
C00237,New,Bronze,2023-08-26
C00238,Loyal,Silver,2023-08-27
C00239,AtRisk,Gold,2023-08-28
C00240,New,Platinum,2023-08-29
C00241,Loyal,Bronze,2023-08-30
C00242,AtRisk,Silver,2023-08-31
C00243,New,Gold,2023-09-01
C00244,Loyal,Platinum,2023-09-02
C00245,AtRisk,Bronze,2023-09-03
C00246,New,Silver,2023-09-04
C00247,Loyal,Gold,2023-09-05
C00248,AtRisk,Platinum,2023-09-06
C00249,New,Bronze,2023-09-07
C00250,Loyal,Silver,2023-09-08
C00251,AtRisk,Gold,2023-09-09
C00252,New,Platinum,2023-09-10
C00253,Loyal,Bronze,2023-09-11
C00254,AtRisk,Silver,2023-09-12
C00255,New,Gold,2023-09-13
C00256,Loyal,Platinum,2023-09-14
C00257,AtRisk,Bronze,2023-09-15
C00258,New,Silver,2023-09-16
C00259,Loyal,Gold,2023-09-17
C00260,AtRisk,Platinum,2023-09-18
C00261,New,Bronze,2023-09-19
C00262,Loyal,Silver,2023-09-20
C00263,AtRisk,Gold,2023-09-21
C00264,New,Platinum,2023-09-22
C00265,Loyal,Bronze,2023-09-23
C00266,AtRisk,Silver,2023-09-24
C00267,New,Gold,2023-09-25
C00268,Loyal,Platinum,2023-09-26
C00269,AtRisk,Bronze,2023-09-27
C00270,New,Silver,2023-09-28
C00271,Loyal,Gold,2023-09-29
C00272,AtRisk,Platinum,2023-09-30
C00273,New,Bronze,2023-10-01
C00274,Loyal,Silver,2023-10-02
C00275,AtRisk,Gold,2023-10-03
C00276,New,Platinum,2023-10-04
C00277,Loyal,Bronze,2023-10-05
C00278,AtRisk,Silver,2023-10-06
C00279,New,Gold,2023-10-07
C00280,Loyal,Platinum,2023-10-08
C00281,AtRisk,Bronze,2023-10-09
C00282,New,Silver,2023-10-10
C00283,Loyal,Gold,2023-10-11
C00284,AtRisk,Platinum,2023-10-12
C00285,New,Bronze,2023-10-13
C00286,Loyal,Silver,2023-10-14
C00287,AtRisk,Gold,2023-10-15
C00288,New,Platinum,2023-10-16
C00289,Loyal,Bronze,2023-10-17
C00290,AtRisk,Silver,2023-10-18
C00291,New,Gold,2023-10-19
C00292,Loyal,Platinum,2023-10-20
C00293,AtRisk,Bronze,2023-10-21
C00294,New,Silver,2023-10-22
C00295,Loyal,Gold,2023-10-23
C00296,AtRisk,Platinum,2023-10-24
C00297,New,Bronze,2023-10-25
C00298,Loyal,Silver,2023-10-26
C00299,AtRisk,Gold,2023-10-27
C00300,New,Platinum,2023-10-28
C00301,Loyal,Bronze,2023-10-29
C00302,AtRisk,Silver,2023-10-30
C00303,New,Gold,2023-10-31
C00304,Loyal,Platinum,2023-11-01
C00305,AtRisk,Bronze,2023-11-02
C00306,New,Silver,2023-11-03
C00307,Loyal,Gold,2023-11-04
C00308,AtRisk,Platinum,2023-11-05
C00309,New,Bronze,2023-11-06
C00310,Loyal,Silver,2023-11-07
C00311,AtRisk,Gold,2023-11-08
C00312,New,Platinum,2023-11-09
C00313,Loyal,Bronze,2023-11-10
C00314,AtRisk,Silver,2023-11-11
C00315,New,Gold,2023-11-12
C00316,Loyal,Platinum,2023-11-13
C00317,AtRisk,Bronze,2023-11-14
C00318,New,Silver,2023-11-15
C00319,Loyal,Gold,2023-11-16
C00320,AtRisk,Platinum,2023-11-17
C00321,New,Bronze,2023-11-18
C00322,Loyal,Silver,2023-11-19
C00323,AtRisk,Gold,2023-11-20
C00324,New,Platinum,2023-11-21
C00325,Loyal,Bronze,2023-11-22
C00326,AtRisk,Silver,2023-11-23
C00327,New,Gold,2023-11-24
C00328,Loyal,Platinum,2023-11-25
C00329,AtRisk,Bronze,2023-11-26
C00330,New,Silver,2023-11-27
C00331,Loyal,Gold,2023-11-28
C00332,AtRisk,Platinum,2023-11-29
C00333,New,Bronze,2023-11-30
C00334,Loyal,Silver,2023-12-01
C00335,AtRisk,Gold,2023-12-02
C00336,New,Platinum,2023-12-03
C00337,Loyal,Bronze,2023-12-04
C00338,AtRisk,Silver,2023-12-05
C00339,New,Gold,2023-12-06
C00340,Loyal,Platinum,2023-12-07
C00341,AtRisk,Bronze,2023-12-08
C00342,New,Silver,2023-12-09
C00343,Loyal,Gold,2023-12-10
C00344,AtRisk,Platinum,2023-12-11
C00345,New,Bronze,2023-12-12
C00346,Loyal,Silver,2023-12-13
C00347,AtRisk,Gold,2023-12-14
C00348,New,Platinum,2023-12-15
C00349,Loyal,Bronze,2023-12-16
C00350,AtRisk,Silver,2023-12-17
C00351,New,Gold,2023-12-18
C00352,Loyal,Platinum,2023-12-19
C00353,AtRisk,Bronze,2023-12-20
C00354,New,Silver,2023-12-21
C00355,Loyal,Gold,2023-12-22
C00356,AtRisk,Platinum,2023-12-23
C00357,New,Bronze,2023-12-24
C00358,Loyal,Silver,2023-12-25
C00359,AtRisk,Gold,2023-12-26
C00360,New,Platinum,2023-12-27
C00361,Loyal,Bronze,2023-12-28
C00362,AtRisk,Silver,2023-12-29
C00363,New,Gold,2023-12-30
C00364,Loyal,Platinum,2023-12-31
C00365,AtRisk,Bronze,2024-01-01
C00366,New,Silver,2024-01-02
C00367,Loyal,Gold,2024-01-03
C00368,AtRisk,Platinum,2024-01-04
C00369,New,Bronze,2024-01-05
C00370,Loyal,Silver,2024-01-06
C00371,AtRisk,Gold,2024-01-07
C00372,New,Platinum,2024-01-08
C00373,Loyal,Bronze,2024-01-09
C00374,AtRisk,Silver,2024-01-10
C00375,New,Gold,2024-01-11
C00376,Loyal,Platinum,2024-01-12
C00377,AtRisk,Bronze,2024-01-13
C00378,New,Silver,2024-01-14
C00379,Loyal,Gold,2024-01-15
C00380,AtRisk,Platinum,2024-01-16
C00381,New,Bronze,2024-01-17
C00382,Loyal,Silver,2024-01-18
C00383,AtRisk,Gold,2024-01-19
C00384,New,Platinum,2024-01-20
C00385,Loyal,Bronze,2024-01-21
C00386,AtRisk,Silver,2024-01-22
C00387,New,Gold,2024-01-23
C00388,Loyal,Platinum,2024-01-24
C00389,AtRisk,Bronze,2024-01-25
C00390,New,Silver,2024-01-26
C00391,Loyal,Gold,2024-01-27
C00392,AtRisk,Platinum,2024-01-28
C00393,New,Bronze,2024-01-29
C00394,Loyal,Silver,2024-01-30
C00395,AtRisk,Gold,2024-01-31
C00396,New,Platinum,2024-02-01
C00397,Loyal,Bronze,2024-02-02
C00398,AtRisk,Silver,2024-02-03
C00399,New,Gold,2024-02-04
C00400,Loyal,Platinum,2024-02-05
C00401,AtRisk,Bronze,2024-02-06
C00402,New,Silver,2024-02-07
C00403,Loyal,Gold,2024-02-08
C00404,AtRisk,Platinum,2024-02-09
C00405,New,Bronze,2024-02-10
C00406,Loyal,Silver,2024-02-11
C00407,AtRisk,Gold,2024-02-12
C00408,New,Platinum,2024-02-13
C00409,Loyal,Bronze,2024-02-14
C00410,AtRisk,Silver,2024-02-15
C00411,New,Gold,2024-02-16
C00412,Loyal,Platinum,2024-02-17
C00413,AtRisk,Bronze,2024-02-18
C00414,New,Silver,2024-02-19
C00415,Loyal,Gold,2024-02-20
C00416,AtRisk,Platinum,2024-02-21
C00417,New,Bronze,2024-02-22
C00418,Loyal,Silver,2024-02-23
C00419,AtRisk,Gold,2024-02-24
C00420,New,Platinum,2024-02-25
C00421,Loyal,Bronze,2024-02-26
C00422,AtRisk,Silver,2024-02-27
C00423,New,Gold,2024-02-28
C00424,Loyal,Platinum,2024-02-29
C00425,AtRisk,Bronze,2024-03-01
C00426,New,Silver,2024-03-02
C00427,Loyal,Gold,2024-03-03
C00428,AtRisk,Platinum,2024-03-04
C00429,New,Bronze,2024-03-05
C00430,Loyal,Silver,2024-03-06
C00431,AtRisk,Gold,2024-03-07
C00432,New,Platinum,2024-03-08
C00433,Loyal,Bronze,2024-03-09
C00434,AtRisk,Silver,2024-03-10
C00435,New,Gold,2024-03-11
C00436,Loyal,Platinum,2024-03-12
C00437,AtRisk,Bronze,2024-03-13
C00438,New,Silver,2024-03-14
C00439,Loyal,Gold,2024-03-15
C00440,AtRisk,Platinum,2024-03-16
C00441,New,Bronze,2024-03-17
C00442,Loyal,Silver,2024-03-18
C00443,AtRisk,Gold,2024-03-19
C00444,New,Platinum,2024-03-20
C00445,Loyal,Bronze,2024-03-21
C00446,AtRisk,Silver,2024-03-22
C00447,New,Gold,2024-03-23
C00448,Loyal,Platinum,2024-03-24
C00449,AtRisk,Bronze,2024-03-25
C00450,New,Silver,2024-03-26
C00451,Loyal,Gold,2024-03-27
C00452,AtRisk,Platinum,2024-03-28
C00453,New,Bronze,2024-03-29
C00454,Loyal,Silver,2024-03-30
C00455,AtRisk,Gold,2024-03-31
C00456,New,Platinum,2024-04-01
C00457,Loyal,Bronze,2024-04-02
C00458,AtRisk,Silver,2024-04-03
C00459,New,Gold,2024-04-04
C00460,Loyal,Platinum,2024-04-05
C00461,AtRisk,Bronze,2024-04-06
C00462,New,Silver,2024-04-07
C00463,Loyal,Gold,2024-04-08
C00464,AtRisk,Platinum,2024-04-09
C00465,New,Bronze,2024-04-10
C00466,Loyal,Silver,2024-04-11
C00467,AtRisk,Gold,2024-04-12
C00468,New,Platinum,2024-04-13
C00469,Loyal,Bronze,2024-04-14
C00470,AtRisk,Silver,2024-04-15
C00471,New,Gold,2024-04-16
C00472,Loyal,Platinum,2024-04-17
C00473,AtRisk,Bronze,2024-04-18
C00474,New,Silver,2024-04-19
C00475,Loyal,Gold,2024-04-20
C00476,AtRisk,Platinum,2024-04-21
C00477,New,Bronze,2024-04-22
C00478,Loyal,Silver,2024-04-23
C00479,AtRisk,Gold,2024-04-24
C00480,New,Platinum,2024-04-25
C00481,Loyal,Bronze,2024-04-26
C00482,AtRisk,Silver,2024-04-27
C00483,New,Gold,2024-04-28
C00484,Loyal,Platinum,2024-04-29
C00485,AtRisk,Bronze,2024-04-30
C00486,New,Silver,2024-05-01
C00487,Loyal,Gold,2024-05-02
C00488,AtRisk,Platinum,2024-05-03
C00489,New,Bronze,2024-05-04
C00490,Loyal,Silver,2024-05-05
C00491,AtRisk,Gold,2024-05-06
C00492,New,Platinum,2024-05-07
C00493,Loyal,Bronze,2024-05-08
C00494,AtRisk,Silver,2024-05-09
C00495,New,Gold,2024-05-10
C00496,Loyal,Platinum,2024-05-11
C00497,AtRisk,Bronze,2024-05-12
C00498,New,Silver,2024-05-13
C00499,Loyal,Gold,2024-05-14
C00500,AtRisk,Platinum,2024-05-15
C00501,New,Bronze,2024-05-16
C00502,Loyal,Silver,2024-05-17
C00503,AtRisk,Gold,2024-05-18
C00504,New,Platinum,2024-05-19
C00505,Loyal,Bronze,2024-05-20
C00506,AtRisk,Silver,2024-05-21
C00507,New,Gold,2024-05-22
C00508,Loyal,Platinum,2024-05-23
C00509,AtRisk,Bronze,2024-05-24
C00510,New,Silver,2024-05-25
C00511,Loyal,Gold,2024-05-26
C00512,AtRisk,Platinum,2024-05-27
C00513,New,Bronze,2024-05-28
C00514,Loyal,Silver,2024-05-29
C00515,AtRisk,Gold,2024-05-30
C00516,New,Platinum,2024-05-31
C00517,Loyal,Bronze,2024-06-01
C00518,AtRisk,Silver,2024-06-02
C00519,New,Gold,2024-06-03
C00520,Loyal,Platinum,2024-06-04
C00521,AtRisk,Bronze,2024-06-05
C00522,New,Silver,2024-06-06
C00523,Loyal,Gold,2024-06-07
C00524,AtRisk,Platinum,2024-06-08
C00525,New,Bronze,2024-06-09
C00526,Loyal,Silver,2024-06-10
C00527,AtRisk,Gold,2024-06-11
C00528,New,Platinum,2024-06-12
C00529,Loyal,Bronze,2024-06-13
C00530,AtRisk,Silver,2024-06-14
C00531,New,Gold,2024-06-15
C00532,Loyal,Platinum,2024-06-16
C00533,AtRisk,Bronze,2024-06-17
C00534,New,Silver,2024-06-18
C00535,Loyal,Gold,2024-06-19
C00536,AtRisk,Platinum,2024-06-20
C00537,New,Bronze,2024-06-21
C00538,Loyal,Silver,2024-06-22
C00539,AtRisk,Gold,2024-06-23
C00540,New,Platinum,2024-06-24
C00541,Loyal,Bronze,2024-06-25
C00542,AtRisk,Silver,2024-06-26
C00543,New,Gold,2024-06-27
C00544,Loyal,Platinum,2024-06-28
C00545,AtRisk,Bronze,2024-06-29
C00546,New,Silver,2024-06-30
C00547,Loyal,Gold,2024-07-01
C00548,AtRisk,Platinum,2024-07-02
C00549,New,Bronze,2024-07-03
C00550,Loyal,Silver,2024-07-04
C00551,AtRisk,Gold,2024-07-05
C00552,New,Platinum,2024-07-06
C00553,Loyal,Bronze,2024-07-07
C00554,AtRisk,Silver,2024-07-08
C00555,New,Gold,2024-07-09
C00556,Loyal,Platinum,2024-07-10
C00557,AtRisk,Bronze,2024-07-11
C00558,New,Silver,2024-07-12
C00559,Loyal,Gold,2024-07-13
C00560,AtRisk,Platinum,2024-07-14
C00561,New,Bronze,2024-07-15
C00562,Loyal,Silver,2024-07-16
C00563,AtRisk,Gold,2024-07-17
C00564,New,Platinum,2024-07-18
C00565,Loyal,Bronze,2024-07-19
C00566,AtRisk,Silver,2024-07-20
C00567,New,Gold,2024-07-21
C00568,Loyal,Platinum,2024-07-22
C00569,AtRisk,Bronze,2024-07-23
C00570,New,Silver,2024-07-24
C00571,Loyal,Gold,2024-07-25
C00572,AtRisk,Platinum,2024-07-26
C00573,New,Bronze,2024-07-27
C00574,Loyal,Silver,2024-07-28
C00575,AtRisk,Gold,2024-07-29
C00576,New,Platinum,2024-07-30
C00577,Loyal,Bronze,2024-07-31
C00578,AtRisk,Silver,2024-08-01
C00579,New,Gold,2024-08-02
C00580,Loyal,Platinum,2024-08-03
C00581,AtRisk,Bronze,2024-08-04
C00582,New,Silver,2024-08-05
C00583,Loyal,Gold,2024-08-06
C00584,AtRisk,Platinum,2024-08-07
C00585,New,Bronze,2024-08-08
C00586,Loyal,Silver,2024-08-09
C00587,AtRisk,Gold,2024-08-10
C00588,New,Platinum,2024-08-11
C00589,Loyal,Bronze,2024-08-12
C00590,AtRisk,Silver,2024-08-13
C00591,New,Gold,2024-08-14
C00592,Loyal,Platinum,2024-08-15
C00593,AtRisk,Bronze,2024-08-16
C00594,New,Silver,2024-08-17
C00595,Loyal,Gold,2024-08-18
C00596,AtRisk,Platinum,2024-08-19
C00597,New,Bronze,2024-08-20
C00598,Loyal,Silver,2024-08-21
C00599,AtRisk,Gold,2024-08-22
C00600,New,Platinum,2024-08-23
C00601,Loyal,Bronze,2024-08-24
C00602,AtRisk,Silver,2024-08-25
C00603,New,Gold,2024-08-26
C00604,Loyal,Platinum,2024-08-27
C00605,AtRisk,Bronze,2024-08-28
C00606,New,Silver,2024-08-29
C00607,Loyal,Gold,2024-08-30
C00608,AtRisk,Platinum,2024-08-31
C00609,New,Bronze,2024-09-01
C00610,Loyal,Silver,2024-09-02
C00611,AtRisk,Gold,2024-09-03
C00612,New,Platinum,2024-09-04
C00613,Loyal,Bronze,2024-09-05
C00614,AtRisk,Silver,2024-09-06
C00615,New,Gold,2024-09-07
C00616,Loyal,Platinum,2024-09-08
C00617,AtRisk,Bronze,2024-09-09
C00618,New,Silver,2024-09-10
C00619,Loyal,Gold,2024-09-11
C00620,AtRisk,Platinum,2024-09-12
C00621,New,Bronze,2024-09-13
C00622,Loyal,Silver,2024-09-14
C00623,AtRisk,Gold,2024-09-15
C00624,New,Platinum,2024-09-16
C00625,Loyal,Bronze,2024-09-17
C00626,AtRisk,Silver,2024-09-18
C00627,New,Gold,2024-09-19
C00628,Loyal,Platinum,2024-09-20
C00629,AtRisk,Bronze,2024-09-21
C00630,New,Silver,2024-09-22
C00631,Loyal,Gold,2024-09-23
C00632,AtRisk,Platinum,2024-09-24
C00633,New,Bronze,2024-09-25
C00634,Loyal,Silver,2024-09-26
C00635,AtRisk,Gold,2024-09-27
C00636,New,Platinum,2024-09-28
C00637,Loyal,Bronze,2024-09-29
C00638,AtRisk,Silver,2024-09-30
C00639,New,Gold,2024-10-01
C00640,Loyal,Platinum,2024-10-02
C00641,AtRisk,Bronze,2024-10-03
C00642,New,Silver,2024-10-04
C00643,Loyal,Gold,2024-10-05
C00644,AtRisk,Platinum,2024-10-06
C00645,New,Bronze,2024-10-07
C00646,Loyal,Silver,2024-10-08
C00647,AtRisk,Gold,2024-10-09
C00648,New,Platinum,2024-10-10
C00649,Loyal,Bronze,2024-10-11
C00650,AtRisk,Silver,2024-10-12
C00651,New,Gold,2024-10-13
C00652,Loyal,Platinum,2024-10-14
C00653,AtRisk,Bronze,2024-10-15
C00654,New,Silver,2024-10-16
C00655,Loyal,Gold,2024-10-17
C00656,AtRisk,Platinum,2024-10-18
C00657,New,Bronze,2024-10-19
C00658,Loyal,Silver,2024-10-20
C00659,AtRisk,Gold,2024-10-21
C00660,New,Platinum,2024-10-22
C00661,Loyal,Bronze,2024-10-23
C00662,AtRisk,Silver,2024-10-24
C00663,New,Gold,2024-10-25
C00664,Loyal,Platinum,2024-10-26
C00665,AtRisk,Bronze,2024-10-27
C00666,New,Silver,2024-10-28
C00667,Loyal,Gold,2024-10-29
C00668,AtRisk,Platinum,2024-10-30
C00669,New,Bronze,2024-10-31
C00670,Loyal,Silver,2024-11-01
C00671,AtRisk,Gold,2024-11-02
C00672,New,Platinum,2024-11-03
C00673,Loyal,Bronze,2024-11-04
C00674,AtRisk,Silver,2024-11-05
C00675,New,Gold,2024-11-06
C00676,Loyal,Platinum,2024-11-07
C00677,AtRisk,Bronze,2024-11-08
C00678,New,Silver,2024-11-09
C00679,Loyal,Gold,2024-11-10
C00680,AtRisk,Platinum,2024-11-11
C00681,New,Bronze,2024-11-12
C00682,Loyal,Silver,2024-11-13
C00683,AtRisk,Gold,2024-11-14
C00684,New,Platinum,2024-11-15
C00685,Loyal,Bronze,2024-11-16
C00686,AtRisk,Silver,2024-11-17
C00687,New,Gold,2024-11-18
C00688,Loyal,Platinum,2024-11-19
C00689,AtRisk,Bronze,2024-11-20
C00690,New,Silver,2024-11-21
C00691,Loyal,Gold,2024-11-22
C00692,AtRisk,Platinum,2024-11-23
C00693,New,Bronze,2024-11-24
C00694,Loyal,Silver,2024-11-25
C00695,AtRisk,Gold,2024-11-26
C00696,New,Platinum,2024-11-27
C00697,Loyal,Bronze,2024-11-28
C00698,AtRisk,Silver,2024-11-29
C00699,New,Gold,2024-11-30
C00700,Loyal,Platinum,2023-01-01
C00701,AtRisk,Bronze,2023-01-02
C00702,New,Silver,2023-01-03
C00703,Loyal,Gold,2023-01-04
C00704,AtRisk,Platinum,2023-01-05
C00705,New,Bronze,2023-01-06
C00706,Loyal,Silver,2023-01-07
C00707,AtRisk,Gold,2023-01-08
C00708,New,Platinum,2023-01-09
C00709,Loyal,Bronze,2023-01-10
C00710,AtRisk,Silver,2023-01-11
C00711,New,Gold,2023-01-12
C00712,Loyal,Platinum,2023-01-13
C00713,AtRisk,Bronze,2023-01-14
C00714,New,Silver,2023-01-15
C00715,Loyal,Gold,2023-01-16
C00716,AtRisk,Platinum,2023-01-17
C00717,New,Bronze,2023-01-18
C00718,Loyal,Silver,2023-01-19
C00719,AtRisk,Gold,2023-01-20
C00720,New,Platinum,2023-01-21
C00721,Loyal,Bronze,2023-01-22
C00722,AtRisk,Silver,2023-01-23
C00723,New,Gold,2023-01-24
C00724,Loyal,Platinum,2023-01-25
C00725,AtRisk,Bronze,2023-01-26
C00726,New,Silver,2023-01-27
C00727,Loyal,Gold,2023-01-28
C00728,AtRisk,Platinum,2023-01-29
C00729,New,Bronze,2023-01-30
C00730,Loyal,Silver,2023-01-31
C00731,AtRisk,Gold,2023-02-01
C00732,New,Platinum,2023-02-02
C00733,Loyal,Bronze,2023-02-03
C00734,AtRisk,Silver,2023-02-04
C00735,New,Gold,2023-02-05
C00736,Loyal,Platinum,2023-02-06
C00737,AtRisk,Bronze,2023-02-07
C00738,New,Silver,2023-02-08
C00739,Loyal,Gold,2023-02-09
C00740,AtRisk,Platinum,2023-02-10
C00741,New,Bronze,2023-02-11
C00742,Loyal,Silver,2023-02-12
C00743,AtRisk,Gold,2023-02-13
C00744,New,Platinum,2023-02-14
C00745,Loyal,Bronze,2023-02-15
C00746,AtRisk,Silver,2023-02-16
C00747,New,Gold,2023-02-17
C00748,Loyal,Platinum,2023-02-18
C00749,AtRisk,Bronze,2023-02-19
C00750,New,Silver,2023-02-20
C00751,Loyal,Gold,2023-02-21
C00752,AtRisk,Platinum,2023-02-22
C00753,New,Bronze,2023-02-23
C00754,Loyal,Silver,2023-02-24
C00755,AtRisk,Gold,2023-02-25
C00756,New,Platinum,2023-02-26
C00757,Loyal,Bronze,2023-02-27
C00758,AtRisk,Silver,2023-02-28
C00759,New,Gold,2023-03-01
C00760,Loyal,Platinum,2023-03-02
C00761,AtRisk,Bronze,2023-03-03
C00762,New,Silver,2023-03-04
C00763,Loyal,Gold,2023-03-05
C00764,AtRisk,Platinum,2023-03-06
C00765,New,Bronze,2023-03-07
C00766,Loyal,Silver,2023-03-08
C00767,AtRisk,Gold,2023-03-09
C00768,New,Platinum,2023-03-10
C00769,Loyal,Bronze,2023-03-11
C00770,AtRisk,Silver,2023-03-12
C00771,New,Gold,2023-03-13
C00772,Loyal,Platinum,2023-03-14
C00773,AtRisk,Bronze,2023-03-15
C00774,New,Silver,2023-03-16
C00775,Loyal,Gold,2023-03-17
C00776,AtRisk,Platinum,2023-03-18
C00777,New,Bronze,2023-03-19
C00778,Loyal,Silver,2023-03-20
C00779,AtRisk,Gold,2023-03-21
C00780,New,Platinum,2023-03-22
C00781,Loyal,Bronze,2023-03-23
C00782,AtRisk,Silver,2023-03-24
C00783,New,Gold,2023-03-25
C00784,Loyal,Platinum,2023-03-26
C00785,AtRisk,Bronze,2023-03-27
C00786,New,Silver,2023-03-28
C00787,Loyal,Gold,2023-03-29
C00788,AtRisk,Platinum,2023-03-30
C00789,New,Bronze,2023-03-31
C00790,Loyal,Silver,2023-04-01
C00791,AtRisk,Gold,2023-04-02
C00792,New,Platinum,2023-04-03
C00793,Loyal,Bronze,2023-04-04
C00794,AtRisk,Silver,2023-04-05
C00795,New,Gold,2023-04-06
C00796,Loyal,Platinum,2023-04-07
C00797,AtRisk,Bronze,2023-04-08
C00798,New,Silver,2023-04-09
C00799,Loyal,Gold,2023-04-10
C00800,AtRisk,Platinum,2023-04-11
C00801,New,Bronze,2023-04-12
C00802,Loyal,Silver,2023-04-13
C00803,AtRisk,Gold,2023-04-14
C00804,New,Platinum,2023-04-15
C00805,Loyal,Bronze,2023-04-16
C00806,AtRisk,Silver,2023-04-17
C00807,New,Gold,2023-04-18
C00808,Loyal,Platinum,2023-04-19
C00809,AtRisk,Bronze,2023-04-20
C00810,New,Silver,2023-04-21
C00811,Loyal,Gold,2023-04-22
C00812,AtRisk,Platinum,2023-04-23
C00813,New,Bronze,2023-04-24
C00814,Loyal,Silver,2023-04-25
C00815,AtRisk,Gold,2023-04-26
C00816,New,Platinum,2023-04-27
C00817,Loyal,Bronze,2023-04-28
C00818,AtRisk,Silver,2023-04-29
C00819,New,Gold,2023-04-30
C00820,Loyal,Platinum,2023-05-01
C00821,AtRisk,Bronze,2023-05-02
C00822,New,Silver,2023-05-03
C00823,Loyal,Gold,2023-05-04
C00824,AtRisk,Platinum,2023-05-05
C00825,New,Bronze,2023-05-06
C00826,Loyal,Silver,2023-05-07
C00827,AtRisk,Gold,2023-05-08
C00828,New,Platinum,2023-05-09
C00829,Loyal,Bronze,2023-05-10
C00830,AtRisk,Silver,2023-05-11
C00831,New,Gold,2023-05-12
C00832,Loyal,Platinum,2023-05-13
C00833,AtRisk,Bronze,2023-05-14
C00834,New,Silver,2023-05-15
C00835,Loyal,Gold,2023-05-16
C00836,AtRisk,Platinum,2023-05-17
C00837,New,Bronze,2023-05-18
C00838,Loyal,Silver,2023-05-19
C00839,AtRisk,Gold,2023-05-20
C00840,New,Platinum,2023-05-21
C00841,Loyal,Bronze,2023-05-22
C00842,AtRisk,Silver,2023-05-23
C00843,New,Gold,2023-05-24
C00844,Loyal,Platinum,2023-05-25
C00845,AtRisk,Bronze,2023-05-26
C00846,New,Silver,2023-05-27
C00847,Loyal,Gold,2023-05-28
C00848,AtRisk,Platinum,2023-05-29
C00849,New,Bronze,2023-05-30
C00850,Loyal,Silver,2023-05-31
C00851,AtRisk,Gold,2023-06-01
C00852,New,Platinum,2023-06-02
C00853,Loyal,Bronze,2023-06-03
C00854,AtRisk,Silver,2023-06-04
C00855,New,Gold,2023-06-05
C00856,Loyal,Platinum,2023-06-06
C00857,AtRisk,Bronze,2023-06-07
C00858,New,Silver,2023-06-08
C00859,Loyal,Gold,2023-06-09
C00860,AtRisk,Platinum,2023-06-10
C00861,New,Bronze,2023-06-11
C00862,Loyal,Silver,2023-06-12
C00863,AtRisk,Gold,2023-06-13
C00864,New,Platinum,2023-06-14
C00865,Loyal,Bronze,2023-06-15
C00866,AtRisk,Silver,2023-06-16
C00867,New,Gold,2023-06-17
C00868,Loyal,Platinum,2023-06-18
C00869,AtRisk,Bronze,2023-06-19
C00870,New,Silver,2023-06-20
C00871,Loyal,Gold,2023-06-21
C00872,AtRisk,Platinum,2023-06-22
C00873,New,Bronze,2023-06-23
C00874,Loyal,Silver,2023-06-24
C00875,AtRisk,Gold,2023-06-25
C00876,New,Platinum,2023-06-26
C00877,Loyal,Bronze,2023-06-27
C00878,AtRisk,Silver,2023-06-28
C00879,New,Gold,2023-06-29
C00880,Loyal,Platinum,2023-06-30
C00881,AtRisk,Bronze,2023-07-01
C00882,New,Silver,2023-07-02
C00883,Loyal,Gold,2023-07-03
C00884,AtRisk,Platinum,2023-07-04
C00885,New,Bronze,2023-07-05
C00886,Loyal,Silver,2023-07-06
C00887,AtRisk,Gold,2023-07-07
C00888,New,Platinum,2023-07-08
C00889,Loyal,Bronze,2023-07-09
C00890,AtRisk,Silver,2023-07-10
C00891,New,Gold,2023-07-11
C00892,Loyal,Platinum,2023-07-12
C00893,AtRisk,Bronze,2023-07-13
C00894,New,Silver,2023-07-14
C00895,Loyal,Gold,2023-07-15
C00896,AtRisk,Platinum,2023-07-16
C00897,New,Bronze,2023-07-17
C00898,Loyal,Silver,2023-07-18
C00899,AtRisk,Gold,2023-07-19
C00900,New,Platinum,2023-07-20
C00901,Loyal,Bronze,2023-07-21
C00902,AtRisk,Silver,2023-07-22
C00903,New,Gold,2023-07-23
C00904,Loyal,Platinum,2023-07-24
C00905,AtRisk,Bronze,2023-07-25
C00906,New,Silver,2023-07-26
C00907,Loyal,Gold,2023-07-27
C00908,AtRisk,Platinum,2023-07-28
C00909,New,Bronze,2023-07-29
C00910,Loyal,Silver,2023-07-30
C00911,AtRisk,Gold,2023-07-31
C00912,New,Platinum,2023-08-01
C00913,Loyal,Bronze,2023-08-02
C00914,AtRisk,Silver,2023-08-03
C00915,New,Gold,2023-08-04
C00916,Loyal,Platinum,2023-08-05
C00917,AtRisk,Bronze,2023-08-06
C00918,New,Silver,2023-08-07
C00919,Loyal,Gold,2023-08-08
C00920,AtRisk,Platinum,2023-08-09
C00921,New,Bronze,2023-08-10
C00922,Loyal,Silver,2023-08-11
C00923,AtRisk,Gold,2023-08-12
C00924,New,Platinum,2023-08-13
C00925,Loyal,Bronze,2023-08-14
C00926,AtRisk,Silver,2023-08-15
C00927,New,Gold,2023-08-16
C00928,Loyal,Platinum,2023-08-17
C00929,AtRisk,Bronze,2023-08-18
C00930,New,Silver,2023-08-19
C00931,Loyal,Gold,2023-08-20
C00932,AtRisk,Platinum,2023-08-21
C00933,New,Bronze,2023-08-22
C00934,Loyal,Silver,2023-08-23
C00935,AtRisk,Gold,2023-08-24
C00936,New,Platinum,2023-08-25
C00937,Loyal,Bronze,2023-08-26
C00938,AtRisk,Silver,2023-08-27
C00939,New,Gold,2023-08-28
C00940,Loyal,Platinum,2023-08-29
C00941,AtRisk,Bronze,2023-08-30
C00942,New,Silver,2023-08-31
C00943,Loyal,Gold,2023-09-01
C00944,AtRisk,Platinum,2023-09-02
C00945,New,Bronze,2023-09-03
C00946,Loyal,Silver,2023-09-04
C00947,AtRisk,Gold,2023-09-05
C00948,New,Platinum,2023-09-06
C00949,Loyal,Bronze,2023-09-07
C00950,AtRisk,Silver,2023-09-08
C00951,New,Gold,2023-09-09
C00952,Loyal,Platinum,2023-09-10
C00953,AtRisk,Bronze,2023-09-11
C00954,New,Silver,2023-09-12
C00955,Loyal,Gold,2023-09-13
C00956,AtRisk,Platinum,2023-09-14
C00957,New,Bronze,2023-09-15
C00958,Loyal,Silver,2023-09-16
C00959,AtRisk,Gold,2023-09-17
C00960,New,Platinum,2023-09-18
C00961,Loyal,Bronze,2023-09-19
C00962,AtRisk,Silver,2023-09-20
C00963,New,Gold,2023-09-21
C00964,Loyal,Platinum,2023-09-22
C00965,AtRisk,Bronze,2023-09-23
C00966,New,Silver,2023-09-24
C00967,Loyal,Gold,2023-09-25
C00968,AtRisk,Platinum,2023-09-26
C00969,New,Bronze,2023-09-27
C00970,Loyal,Silver,2023-09-28
C00971,AtRisk,Gold,2023-09-29
C00972,New,Platinum,2023-09-30
C00973,Loyal,Bronze,2023-10-01
C00974,AtRisk,Silver,2023-10-02
C00975,New,Gold,2023-10-03
C00976,Loyal,Platinum,2023-10-04
C00977,AtRisk,Bronze,2023-10-05
C00978,New,Silver,2023-10-06
C00979,Loyal,Gold,2023-10-07
C00980,AtRisk,Platinum,2023-10-08
C00981,New,Bronze,2023-10-09
C00982,Loyal,Silver,2023-10-10
C00983,AtRisk,Gold,2023-10-11
C00984,New,Platinum,2023-10-12
C00985,Loyal,Bronze,2023-10-13
C00986,AtRisk,Silver,2023-10-14
C00987,New,Gold,2023-10-15
C00988,Loyal,Platinum,2023-10-16
C00989,AtRisk,Bronze,2023-10-17
C00990,New,Silver,2023-10-18
C00991,Loyal,Gold,2023-10-19
C00992,AtRisk,Platinum,2023-10-20
C00993,New,Bronze,2023-10-21
C00994,Loyal,Silver,2023-10-22
C00995,AtRisk,Gold,2023-10-23
C00996,New,Platinum,2023-10-24
C00997,Loyal,Bronze,2023-10-25
C00998,AtRisk,Silver,2023-10-26
C00999,New,Gold,2023-10-27
C01000,Loyal,Platinum,2023-10-28
C01001,AtRisk,Bronze,2023-10-29
C01002,New,Silver,2023-10-30
C01003,Loyal,Gold,2023-10-31
C01004,AtRisk,Platinum,2023-11-01
C01005,New,Bronze,2023-11-02
C01006,Loyal,Silver,2023-11-03
C01007,AtRisk,Gold,2023-11-04
C01008,New,Platinum,2023-11-05
C01009,Loyal,Bronze,2023-11-06
C01010,AtRisk,Silver,2023-11-07
C01011,New,Gold,2023-11-08
C01012,Loyal,Platinum,2023-11-09
C01013,AtRisk,Bronze,2023-11-10
C01014,New,Silver,2023-11-11
C01015,Loyal,Gold,2023-11-12
C01016,AtRisk,Platinum,2023-11-13
C01017,New,Bronze,2023-11-14
C01018,Loyal,Silver,2023-11-15
C01019,AtRisk,Gold,2023-11-16
C01020,New,Platinum,2023-11-17
C01021,Loyal,Bronze,2023-11-18
C01022,AtRisk,Silver,2023-11-19
C01023,New,Gold,2023-11-20
C01024,Loyal,Platinum,2023-11-21
C01025,AtRisk,Bronze,2023-11-22
C01026,New,Silver,2023-11-23
C01027,Loyal,Gold,2023-11-24
C01028,AtRisk,Platinum,2023-11-25
C01029,New,Bronze,2023-11-26
C01030,Loyal,Silver,2023-11-27
C01031,AtRisk,Gold,2023-11-28
C01032,New,Platinum,2023-11-29
C01033,Loyal,Bronze,2023-11-30
C01034,AtRisk,Silver,2023-12-01
C01035,New,Gold,2023-12-02
C01036,Loyal,Platinum,2023-12-03
C01037,AtRisk,Bronze,2023-12-04
C01038,New,Silver,2023-12-05
C01039,Loyal,Gold,2023-12-06
C01040,AtRisk,Platinum,2023-12-07
C01041,New,Bronze,2023-12-08
C01042,Loyal,Silver,2023-12-09
C01043,AtRisk,Gold,2023-12-10
C01044,New,Platinum,2023-12-11
C01045,Loyal,Bronze,2023-12-12
C01046,AtRisk,Silver,2023-12-13
C01047,New,Gold,2023-12-14
C01048,Loyal,Platinum,2023-12-15
C01049,AtRisk,Bronze,2023-12-16
C01050,New,Silver,2023-12-17
C01051,Loyal,Gold,2023-12-18
C01052,AtRisk,Platinum,2023-12-19
C01053,New,Bronze,2023-12-20
C01054,Loyal,Silver,2023-12-21
C01055,AtRisk,Gold,2023-12-22
C01056,New,Platinum,2023-12-23
C01057,Loyal,Bronze,2023-12-24
C01058,AtRisk,Silver,2023-12-25
C01059,New,Gold,2023-12-26
C01060,Loyal,Platinum,2023-12-27
C01061,AtRisk,Bronze,2023-12-28
C01062,New,Silver,2023-12-29
C01063,Loyal,Gold,2023-12-30
C01064,AtRisk,Platinum,2023-12-31
C01065,New,Bronze,2024-01-01
C01066,Loyal,Silver,2024-01-02
C01067,AtRisk,Gold,2024-01-03
C01068,New,Platinum,2024-01-04
C01069,Loyal,Bronze,2024-01-05
C01070,AtRisk,Silver,2024-01-06
C01071,New,Gold,2024-01-07
C01072,Loyal,Platinum,2024-01-08
C01073,AtRisk,Bronze,2024-01-09
C01074,New,Silver,2024-01-10
C01075,Loyal,Gold,2024-01-11
C01076,AtRisk,Platinum,2024-01-12
C01077,New,Bronze,2024-01-13
C01078,Loyal,Silver,2024-01-14
C01079,AtRisk,Gold,2024-01-15
C01080,New,Platinum,2024-01-16
C01081,Loyal,Bronze,2024-01-17
C01082,AtRisk,Silver,2024-01-18
C01083,New,Gold,2024-01-19
C01084,Loyal,Platinum,2024-01-20
C01085,AtRisk,Bronze,2024-01-21
C01086,New,Silver,2024-01-22
C01087,Loyal,Gold,2024-01-23
C01088,AtRisk,Platinum,2024-01-24
C01089,New,Bronze,2024-01-25
C01090,Loyal,Silver,2024-01-26
C01091,AtRisk,Gold,2024-01-27
C01092,New,Platinum,2024-01-28
C01093,Loyal,Bronze,2024-01-29
C01094,AtRisk,Silver,2024-01-30
C01095,New,Gold,2024-01-31
C01096,Loyal,Platinum,2024-02-01
C01097,AtRisk,Bronze,2024-02-02
C01098,New,Silver,2024-02-03
C01099,Loyal,Gold,2024-02-04
C01100,AtRisk,Platinum,2024-02-05
C01101,New,Bronze,2024-02-06
C01102,Loyal,Silver,2024-02-07
C01103,AtRisk,Gold,2024-02-08
C01104,New,Platinum,2024-02-09
C01105,Loyal,Bronze,2024-02-10
C01106,AtRisk,Silver,2024-02-11
C01107,New,Gold,2024-02-12
C01108,Loyal,Platinum,2024-02-13
C01109,AtRisk,Bronze,2024-02-14
C01110,New,Silver,2024-02-15
C01111,Loyal,Gold,2024-02-16
C01112,AtRisk,Platinum,2024-02-17
C01113,New,Bronze,2024-02-18
C01114,Loyal,Silver,2024-02-19
C01115,AtRisk,Gold,2024-02-20
C01116,New,Platinum,2024-02-21
C01117,Loyal,Bronze,2024-02-22
C01118,AtRisk,Silver,2024-02-23
C01119,New,Gold,2024-02-24
C01120,Loyal,Platinum,2024-02-25
C01121,AtRisk,Bronze,2024-02-26
C01122,New,Silver,2024-02-27
C01123,Loyal,Gold,2024-02-28
C01124,AtRisk,Platinum,2024-02-29
C01125,New,Bronze,2024-03-01
C01126,Loyal,Silver,2024-03-02
C01127,AtRisk,Gold,2024-03-03
C01128,New,Platinum,2024-03-04
C01129,Loyal,Bronze,2024-03-05
C01130,AtRisk,Silver,2024-03-06
C01131,New,Gold,2024-03-07
C01132,Loyal,Platinum,2024-03-08
C01133,AtRisk,Bronze,2024-03-09
C01134,New,Silver,2024-03-10
C01135,Loyal,Gold,2024-03-11
C01136,AtRisk,Platinum,2024-03-12
C01137,New,Bronze,2024-03-13
C01138,Loyal,Silver,2024-03-14
C01139,AtRisk,Gold,2024-03-15
C01140,New,Platinum,2024-03-16
C01141,Loyal,Bronze,2024-03-17
C01142,AtRisk,Silver,2024-03-18
C01143,New,Gold,2024-03-19
C01144,Loyal,Platinum,2024-03-20
C01145,AtRisk,Bronze,2024-03-21
C01146,New,Silver,2024-03-22
C01147,Loyal,Gold,2024-03-23
C01148,AtRisk,Platinum,2024-03-24
C01149,New,Bronze,2024-03-25
C01150,Loyal,Silver,2024-03-26
C01151,AtRisk,Gold,2024-03-27
C01152,New,Platinum,2024-03-28
C01153,Loyal,Bronze,2024-03-29
C01154,AtRisk,Silver,2024-03-30
C01155,New,Gold,2024-03-31
C01156,Loyal,Platinum,2024-04-01
C01157,AtRisk,Bronze,2024-04-02
C01158,New,Silver,2024-04-03
C01159,Loyal,Gold,2024-04-04
C01160,AtRisk,Platinum,2024-04-05
C01161,New,Bronze,2024-04-06
C01162,Loyal,Silver,2024-04-07
C01163,AtRisk,Gold,2024-04-08
C01164,New,Platinum,2024-04-09
C01165,Loyal,Bronze,2024-04-10
C01166,AtRisk,Silver,2024-04-11
C01167,New,Gold,2024-04-12
C01168,Loyal,Platinum,2024-04-13
C01169,AtRisk,Bronze,2024-04-14
C01170,New,Silver,2024-04-15
C01171,Loyal,Gold,2024-04-16
C01172,AtRisk,Platinum,2024-04-17
C01173,New,Bronze,2024-04-18
C01174,Loyal,Silver,2024-04-19
C01175,AtRisk,Gold,2024-04-20
C01176,New,Platinum,2024-04-21
C01177,Loyal,Bronze,2024-04-22
C01178,AtRisk,Silver,2024-04-23
C01179,New,Gold,2024-04-24
C01180,Loyal,Platinum,2024-04-25
C01181,AtRisk,Bronze,2024-04-26
C01182,New,Silver,2024-04-27
C01183,Loyal,Gold,2024-04-28
C01184,AtRisk,Platinum,2024-04-29
C01185,New,Bronze,2024-04-30
C01186,Loyal,Silver,2024-05-01
C01187,AtRisk,Gold,2024-05-02
C01188,New,Platinum,2024-05-03
C01189,Loyal,Bronze,2024-05-04
C01190,AtRisk,Silver,2024-05-05
C01191,New,Gold,2024-05-06
C01192,Loyal,Platinum,2024-05-07
C01193,AtRisk,Bronze,2024-05-08
C01194,New,Silver,2024-05-09
C01195,Loyal,Gold,2024-05-10
C01196,AtRisk,Platinum,2024-05-11
C01197,New,Bronze,2024-05-12
C01198,Loyal,Silver,2024-05-13
C01199,AtRisk,Gold,2024-05-14
C01200,New,Platinum,2024-05-15
