snapshot_id,product_id,snapshot_date,on_hand_qty,reserved_qty
S00001,P00001,2026-05-19,31,6
S00002,P00001,2026-05-06,38,1
S00003,P00002,2026-05-26,28,4
S00004,P00002,2026-05-15,64,12
S00005,P00003,2026-05-18,23,14
S00006,P00003,2026-05-24,51,5
S00007,P00004,2026-05-17,40,0
S00008,P00005,2026-05-01,53,1
S00009,P00006,2026-05-08,57,15
S00010,P00006,2026-05-04,48,8
S00011,P00007,2026-05-25,45,1
S00012,P00007,2026-05-03,40,0
S00013,P00008,2026-05-03,42,5
S00014,P00008,2026-05-09,64,7
S00015,P00009,2026-05-08,20,3
S00016,P00009,2026-05-07,67,9
S00017,P00010,2026-05-07,38,11
S00018,P00010,2026-05-12,50,5
S00019,P00011,2026-05-08,28,0
S00020,P00011,2026-05-07,52,6
S00021,P00011,2026-05-26,44,4
S00022,P00012,2026-05-02,21,1
S00023,P00012,2026-05-25,36,11
S00024,P00012,2026-05-05,36,1
S00025,P00013,2026-05-14,29,12
S00026,P00013,2026-05-11,21,10
S00027,P00014,2026-05-21,72,15
S00028,P00015,2026-05-22,25,1
S00029,P00015,2026-05-07,45,4
S00030,P00016,2026-05-12,60,6
S00031,P00016,2026-05-07,64,7
S00032,P00017,2026-05-04,21,1
S00033,P00018,2026-05-04,21,8
S00034,P00018,2026-05-03,45,15
S00035,P00019,2026-05-10,54,4
S00036,P00019,2026-05-04,22,4
S00037,P00020,2026-05-22,23,4
S00038,P00020,2026-05-09,15,5
S00039,P00021,2026-05-01,23,6
S00040,P00021,2026-05-26,57,3
S00041,P00022,2026-05-19,29,6
S00042,P00022,2026-05-14,36,0
S00043,P00023,2026-05-05,41,0
S00044,P00024,2026-05-04,54,15
S00045,P00024,2026-05-10,50,10
S00046,P00025,2026-05-02,26,4
S00047,P00025,2026-05-14,62,12
S00048,P00026,2026-05-08,21,7
S00049,P00027,2026-05-09,24,5
S00050,P00050,2026-05-03,-3,25
S00051,P00028,2026-05-10,60,9
S00052,P00028,2026-05-11,11,3
S00053,P00029,2026-05-16,25,10
S00054,P00030,2026-05-24,26,9
S00055,P00030,2026-05-24,23,0
S00056,P00031,2026-05-03,52,7
S00057,P00031,2026-05-14,25,1
S00058,P00032,2026-05-18,20,7
S00059,P00032,2026-05-17,66,12
S00060,P00032,2026-05-07,60,4
S00061,P00033,2026-05-23,45,14
S00062,P00034,2026-05-09,52,10
S00063,P00035,2026-05-01,41,0
S00064,P00035,2026-05-20,19,6
S00065,P00036,2026-05-16,39,10
S00066,P00036,2026-05-23,38,0
S00067,P00037,2026-05-04,65,9
S00068,P00037,2026-05-13,34,12
S00069,P00038,2026-05-24,34,11
S00070,P00038,2026-05-02,53,5
S00071,P00039,2026-05-01,22,9
S00072,P00040,2026-05-19,15,4
S00073,P00040,2026-05-04,64,9
S00074,P00041,2026-05-12,26,15
S00075,P00042,2026-05-15,34,11
S00076,P00043,2026-05-13,43,13
S00077,P00043,2026-05-07,43,0
S00078,P00044,2026-05-02,48,10
S00079,P00044,2026-05-23,35,9
S00080,P00045,2026-05-08,31,3
S00081,P00045,2026-05-15,20,10
S00082,P00045,2026-05-26,45,14
S00083,P00046,2026-05-09,21,2
S00084,P00046,2026-05-01,25,11
S00085,P00047,2026-05-12,38,8
S00086,P00048,2026-05-11,64,5
S00087,P00048,2026-05-08,53,11
S00088,P00049,2026-05-06,66,7
S00089,P00049,2026-05-11,43,3
S00090,P00050,2026-05-02,60,13
S00091,P00051,2026-05-01,46,5
S00092,P00051,2026-05-03,38,4
S00093,P00052,2026-05-19,69,14
S00094,P00052,2026-05-17,21,12
S00095,P00053,2026-05-17,30,11
S00096,P00054,2026-05-10,43,1
S00097,P00054,2026-05-02,64,5
S00098,P00055,2026-05-19,29,14
S00099,P00055,2026-05-24,64,5
S00100,P00056,2026-05-12,66,15
S00101,P00056,2026-05-19,38,12
S00102,P00057,2026-05-15,23,10
S00103,P00057,2026-05-03,27,9
S00104,P00058,2026-05-06,20,5
S00105,P00059,2026-05-07,38,3
S00106,P00059,2026-05-17,37,15
S00107,P00060,2026-05-26,14,7
S00108,P00060,2026-05-19,18,0
S00109,P00061,2026-05-22,47,12
S00110,P00062,2026-05-08,59,6
S00111,P00063,2026-05-22,72,14
S00112,P00064,2026-05-16,42,10
S00113,P00064,2026-05-06,60,8
S00114,P00065,2026-05-09,66,9
S00115,P00065,2026-05-17,61,12
S00116,P00066,2026-05-25,38,11
S00117,P00066,2026-05-21,12,0
S00118,P00067,2026-05-15,48,7
S00119,P00067,2026-05-18,35,8
S00120,P00068,2026-05-20,22,9
S00121,P00068,2026-05-14,51,11
S00122,P00069,2026-05-05,40,3
S00123,P00069,2026-05-20,48,1
S00124,P00070,2026-05-15,58,10
S00125,P00071,2026-05-14,49,9
S00126,P00071,2026-05-19,66,8
S00127,P00072,2026-05-20,71,11
S00128,P00072,2026-05-14,35,2
S00129,P00073,2026-05-20,32,6
S00130,P00074,2026-05-12,50,7
S00131,P00074,2026-05-07,29,8
S00132,P00075,2026-05-21,55,3
S00133,P00075,2026-05-03,26,7
S00134,P00076,2026-05-19,19,8
S00135,P00077,2026-05-05,19,0
S00136,P00077,2026-05-16,42,8
S00137,P00078,2026-05-09,33,6
S00138,P00078,2026-05-05,37,15
S00139,P00079,2026-05-10,45,10
S00140,P00079,2026-05-17,26,15
S00141,P00079,2026-05-05,53,4
S00142,P00080,2026-05-07,31,10
S00143,P00080,2026-05-23,57,0
S00144,P00081,2026-05-07,31,14
S00145,P00081,2026-05-23,45,8
S00146,P00082,2026-05-01,59,0
S00147,P00082,2026-05-25,51,10
S00148,P00083,2026-05-22,55,14
S00149,P00083,2026-05-08,21,1
S00150,P00084,2026-05-23,49,4
S00151,P00084,2026-05-12,15,6
S00152,P00085,2026-05-14,17,4
S00153,P00085,2026-05-20,53,0
S00154,P00086,2026-05-05,57,6
S00155,P00086,2026-05-20,33,0
S00156,P00087,2026-05-22,67,9
S00157,P00088,2026-05-20,60,1
S00158,P00089,2026-05-04,29,2
S00159,P00089,2026-05-06,10,5
S00160,P00090,2026-05-23,43,5
S00161,P00090,2026-05-10,19,9
S00162,P00091,2026-05-20,59,5
S00163,P00091,2026-05-20,64,6
S00164,P00092,2026-05-11,57,13
S00165,P00093,2026-05-02,35,8
S00166,P00093,2026-05-12,72,12
S00167,P00094,2026-05-01,25,7
S00168,P00094,2026-05-25,19,13
S00169,P00095,2026-05-04,7,0
S00170,P00095,2026-05-03,21,9
S00171,P00096,2026-05-09,44,4
S00172,P00096,2026-05-18,64,9
S00173,P00097,2026-05-04,49,4
S00174,P00098,2026-05-23,71,14
S00175,P00098,2026-05-12,58,15
S00176,P00099,2026-05-04,51,5
S00177,P00099,2026-05-02,63,15
S00178,P00100,2026-05-01,61,2
S00179,P00101,2026-05-25,6,21
S00180,P00101,2026-05-18,5,13
S00181,P00102,2026-05-03,2,19
S00182,P00103,2026-05-08,1,3
S00183,P00104,2026-05-04,3,19
S00184,P00104,2026-05-26,2,20
S00185,P00105,2026-05-01,3,7
S00186,P00105,2026-05-02,6,27
S00187,P00106,2026-05-06,5,12
S00188,P00106,2026-05-10,8,9
S00189,P00106,2026-05-16,4,15
S00190,P00107,2026-05-24,5,18
S00191,P00108,2026-05-20,5,7
S00192,P00108,2026-05-04,6,10
S00193,P00109,2026-05-08,0,3
S00194,P00109,2026-05-24,7,18
S00195,P00110,2026-05-14,6,28
S00196,P00111,2026-05-09,2,11
S00197,P00111,2026-05-14,2,11
S00198,P00112,2026-05-10,0,21
S00199,P00112,2026-05-11,4,25
S00200,P00113,2026-05-04,2,7
S00201,P00113,2026-05-25,0,3
S00202,P00114,2026-05-03,0,20
S00203,P00114,2026-05-01,0,17
S00204,P00115,2026-05-05,1,24
S00205,P00115,2026-05-20,4,7
S00206,P00116,2026-05-14,5,19
S00207,P00117,2026-05-06,2,25
S00208,P00118,2026-05-08,7,12
S00209,P00118,2026-05-18,5,10
S00210,P00119,2026-05-19,3,28
S00211,P00120,2026-05-16,2,19
S00212,P00121,2026-05-09,7,26
S00213,P00122,2026-05-11,0,18
S00214,P00122,2026-05-12,1,21
S00215,P00123,2026-05-19,5,6
S00216,P00123,2026-05-03,0,8
S00217,P00124,2026-05-06,3,25
S00218,P00124,2026-05-04,7,27
S00219,P00125,2026-05-09,3,4
S00220,P00126,2026-05-07,6,10
S00221,P00127,2026-05-13,6,12
S00222,P00127,2026-05-22,1,3
S00223,P00128,2026-05-03,8,18
S00224,P00128,2026-05-07,8,33
S00225,P00129,2026-05-02,8,22
S00226,P00129,2026-05-07,5,18
S00227,P00130,2026-05-07,5,8
S00228,P00131,2026-05-08,0,24
S00229,P00131,2026-05-05,1,16
S00230,P00132,2026-05-07,7,13
S00231,P00132,2026-05-11,1,4
S00232,P00133,2026-05-01,3,18
S00233,P00133,2026-05-22,1,20
S00234,P00134,2026-05-16,5,10
S00235,P00134,2026-05-14,6,13
S00236,P00135,2026-05-23,7,30
S00237,P00136,2026-05-12,3,9
S00238,P00136,2026-05-08,6,7
S00239,P00137,2026-05-23,6,15
S00240,P00138,2026-05-21,7,25
S00241,P00138,2026-05-23,3,18
S00242,P00139,2026-05-08,7,25
S00243,P00139,2026-05-12,0,14
S00244,P00140,2026-05-02,8,12
S00245,P00140,2026-05-04,7,11
S00246,P00141,2026-05-20,2,23
S00247,P00141,2026-05-18,0,14
S00248,P00142,2026-05-02,8,27
S00249,P00143,2026-05-09,7,17
S00250,P00144,2026-05-15,8,12
S00251,P00144,2026-05-09,8,26
S00252,P00145,2026-05-13,3,27
S00253,P00145,2026-05-08,1,14
S00254,P00146,2026-05-13,1,4
S00255,P00146,2026-05-04,8,19
S00256,P00147,2026-05-18,1,2
S00257,P00147,2026-05-02,5,18
S00258,P00148,2026-05-14,5,18
S00259,P00149,2026-05-26,4,26
S00260,P00149,2026-05-06,8,15
S00261,P00150,2026-05-23,1,6
S00262,P00150,2026-05-01,5,26
S00263,P00151,2026-05-24,4,21
S00264,P00152,2026-05-21,1,18
S00265,P00152,2026-05-16,0,20
S00266,P00152,2026-05-06,4,12
S00267,P00153,2026-05-14,1,13
S00268,P00154,2026-05-15,8,32
S00269,P00154,2026-05-25,0,4
S00270,P00155,2026-05-08,2,18
S00271,P00155,2026-05-17,7,32
S00272,P00156,2026-05-02,0,4
S00273,P00156,2026-05-26,4,13
S00274,P00157,2026-05-16,8,10
S00275,P00157,2026-05-10,8,18
S00276,P00158,2026-05-16,6,22
S00277,P00159,2026-05-17,2,4
S00278,P00159,2026-05-25,4,19
S00279,P00160,2026-05-20,2,27
S00280,P00160,2026-05-15,8,31
S00281,P00161,2026-05-23,5,7
S00282,P00161,2026-05-12,1,15
S00283,P00162,2026-05-01,2,17
S00284,P00163,2026-05-23,5,25
S00285,P00163,2026-05-23,1,13
S00286,P00164,2026-05-12,4,9
S00287,P00164,2026-05-04,4,23
S00288,P00165,2026-05-10,3,9
S00289,P00165,2026-05-08,6,17
S00290,P00166,2026-05-10,6,12
S00291,P00167,2026-05-13,2,16
S00292,P00167,2026-05-18,1,22
S00293,P00168,2026-05-01,3,13
S00294,P00169,2026-05-02,0,14
S00295,P00169,2026-05-11,8,13
S00296,P00170,2026-05-01,2,8
S00297,P00171,2026-05-10,3,28
S00298,P00171,2026-05-19,3,20
S00299,P00172,2026-05-18,5,26
S00300,P00173,2026-05-26,7,17
S00301,P00173,2026-05-25,1,14
S00302,P00174,2026-05-20,8,27
S00303,P00175,2026-05-23,3,20
S00304,P00176,2026-05-03,8,24
S00305,P00176,2026-05-26,3,28
S00306,P00177,2026-05-06,6,24
S00307,P00177,2026-05-04,5,30
S00308,P00178,2026-05-06,4,19
S00309,P00179,2026-05-11,3,10
S00310,P00179,2026-05-22,5,21
S00311,P00180,2026-05-10,4,18
S00312,P00180,2026-05-01,6,28
S00313,P00181,2026-05-07,2,26
S00314,P00181,2026-05-17,8,22
S00315,P00182,2026-05-23,5,20
S00316,P00182,2026-05-13,3,13
S00317,P00183,2026-05-02,2,8
S00318,P00183,2026-05-22,5,7
S00319,P00184,2026-05-23,5,12
S00320,P00184,2026-05-12,6,15
S00321,P00185,2026-05-21,1,18
S00322,P00186,2026-05-13,6,14
S00323,P00186,2026-05-20,6,10
S00324,P00187,2026-05-04,4,15
S00325,P00188,2026-05-02,5,30
S00326,P00188,2026-05-07,4,21
S00327,P00189,2026-05-04,8,10
S00328,P00189,2026-05-20,7,24
S00329,P00190,2026-05-18,0,16
S00330,P00190,2026-05-03,4,13
S00331,P00191,2026-05-08,4,13
S00332,P00191,2026-05-23,2,26
S00333,P00192,2026-05-03,0,19
S00334,P00192,2026-05-06,8,18
S00335,P00193,2026-05-14,6,24
S00336,P00193,2026-05-16,7,21
S00337,P00194,2026-05-22,8,21
S00338,P00194,2026-05-06,4,14
S00339,P00195,2026-05-04,3,17
S00340,P00195,2026-05-26,1,18
S00341,P00195,2026-05-20,0,13
S00342,P00196,2026-05-09,7,27
S00343,P00196,2026-05-10,0,10
S00344,P00197,2026-05-13,4,10
S00345,P00197,2026-05-24,0,22
S00346,P00198,2026-05-16,5,20
S00347,P00198,2026-05-02,3,26
S00348,P00199,2026-05-20,5,25
S00349,P00199,2026-05-18,0,5
S00350,P00200,2026-05-07,3,22
S00351,P00201,2026-05-01,40,9
S00352,P00201,2026-05-22,33,14
S00353,P00202,2026-05-20,45,15
S00354,P00202,2026-05-20,25,9
S00355,P00203,2026-05-26,59,3
S00356,P00203,2026-05-14,15,4
S00357,P00204,2026-05-11,69,12
S00358,P00204,2026-05-24,45,8
S00359,P00205,2026-05-15,38,3
S00360,P00206,2026-05-16,19,14
S00361,P00207,2026-05-14,11,6
S00362,P00207,2026-05-25,56,11
S00363,P00208,2026-05-23,21,12
S00364,P00209,2026-05-04,54,5
S00365,P00209,2026-05-15,33,7
S00366,P00210,2026-05-15,22,13
S00367,P00211,2026-05-18,59,8
S00368,P00211,2026-05-19,32,15
S00369,P00211,2026-05-05,24,13
S00370,P00212,2026-05-17,30,1
S00371,P00212,2026-05-25,52,9
S00372,P00213,2026-05-04,23,14
S00373,P00214,2026-05-02,47,4
S00374,P00214,2026-05-17,63,15
S00375,P00215,2026-05-13,49,4
S00376,P00215,2026-05-04,71,13
S00377,P00216,2026-05-05,30,14
S00378,P00216,2026-05-26,17,7
S00379,P00217,2026-05-15,27,11
S00380,P00218,2026-05-17,43,15
S00381,P00219,2026-05-04,12,4
S00382,P00219,2026-05-23,32,7
S00383,P00220,2026-05-07,20,12
S00384,P00220,2026-05-15,58,7
S00385,P00221,2026-05-01,33,2
S00386,P00221,2026-05-22,13,2
S00387,P00222,2026-05-26,53,0
S00388,P00222,2026-05-11,61,1
S00389,P00223,2026-05-01,47,11
S00390,P00224,2026-05-25,29,11
S00391,P00225,2026-05-05,30,11
S00392,P00225,2026-05-03,50,14
S00393,P00226,2026-05-16,56,10
S00394,P00226,2026-05-09,33,1
S00395,P00227,2026-05-20,26,15
S00396,P00227,2026-05-26,32,4
S00397,P00228,2026-05-10,35,14
S00398,P00228,2026-05-08,46,13
S00399,P00229,2026-05-19,47,0
S00400,P00229,2026-05-26,65,13
S00401,P00230,2026-05-12,43,6
S00402,P00231,2026-05-15,34,3
S00403,P00231,2026-05-16,17,2
S00404,P00231,2026-05-15,56,9
S00405,P00232,2026-05-02,47,15
S00406,P00233,2026-05-24,65,8
S00407,P00234,2026-05-02,34,2
S00408,P00234,2026-05-04,26,14
S00409,P00235,2026-05-01,42,5
S00410,P00235,2026-05-26,61,13
S00411,P00236,2026-05-05,36,8
S00412,P00236,2026-05-15,32,14
S00413,P00237,2026-05-04,8,3
S00414,P00237,2026-05-23,68,13
S00415,P00238,2026-05-13,32,6
S00416,P00239,2026-05-02,31,7
S00417,P00239,2026-05-02,66,12
S00418,P00240,2026-05-24,57,3
S00419,P00240,2026-05-01,36,4
S00420,P00241,2026-05-07,47,0
S00421,P00242,2026-05-12,19,3
S00422,P00243,2026-05-08,56,14
S00423,P00243,2026-05-18,66,14
S00424,P00244,2026-05-25,41,15
S00425,P00244,2026-05-17,66,9
S00426,P00245,2026-05-10,17,2
S00427,P00245,2026-05-24,57,2
S00428,P00246,2026-05-10,28,13
S00429,P00246,2026-05-21,30,0
S00430,P00247,2026-05-26,27,2
S00431,P00247,2026-05-10,63,10
S00432,P00248,2026-05-07,54,6
S00433,P00248,2026-05-07,54,11
S00434,P00249,2026-05-01,36,12
S00435,P00249,2026-05-12,39,0
S00436,P00250,2026-05-02,14,2
S00437,P00250,2026-05-17,37,13
S00438,P00251,2026-05-09,23,12
S00439,P00252,2026-05-16,41,11
S00440,P00253,2026-05-13,22,0
S00441,P00253,2026-05-20,14,7
S00442,P00254,2026-05-06,10,1
S00443,P00254,2026-05-04,57,3
S00444,P00255,2026-05-04,59,3
S00445,P00255,2026-05-06,25,7
S00446,P00256,2026-05-09,18,4
S00447,P00257,2026-05-12,29,4
S00448,P00257,2026-05-17,20,14
S00449,P00258,2026-05-04,69,9
S00450,P00258,2026-05-04,57,8
S00451,P00259,2026-05-08,24,10
S00452,P00259,2026-05-01,25,12
S00453,P00260,2026-05-13,34,1
S00454,P00260,2026-05-05,42,12
S00455,P00261,2026-05-09,12,6
S00456,P00262,2026-05-10,18,3
S00457,P00263,2026-05-09,37,2
S00458,P00263,2026-05-25,26,13
S00459,P00264,2026-05-13,68,13
S00460,P00264,2026-05-17,44,5
S00461,P00265,2026-05-14,34,12
S00462,P00265,2026-05-25,49,14
S00463,P00265,2026-05-20,60,14
S00464,P00266,2026-05-10,38,14
S00465,P00266,2026-05-24,57,13
S00466,P00267,2026-05-03,54,7
S00467,P00268,2026-05-03,62,10
S00468,P00269,2026-05-18,14,4
S00469,P00269,2026-05-16,44,15
S00470,P00270,2026-05-06,61,9
S00471,P00271,2026-05-16,39,11
S00472,P00271,2026-05-04,39,12
S00473,P00272,2026-05-01,45,11
S00474,P00272,2026-05-03,62,9
S00475,P00273,2026-05-21,12,4
S00476,P00274,2026-05-08,32,3
S00477,P00274,2026-05-10,7,1
S00478,P00275,2026-05-26,24,13
S00479,P00275,2026-05-12,17,1
S00480,P00276,2026-05-16,21,11
S00481,P00276,2026-05-19,42,6
S00482,P00277,2026-05-01,45,6
S00483,P00277,2026-05-16,58,11
S00484,P00278,2026-05-12,50,9
S00485,P00278,2026-05-13,21,11
S00486,P00279,2026-05-26,24,14
S00487,P00279,2026-05-01,21,9
S00488,P00280,2026-05-15,53,2
S00489,P00280,2026-05-03,33,3
S00490,P00281,2026-05-23,47,10
S00491,P00281,2026-05-23,29,9
S00492,P00282,2026-05-18,31,15
S00493,P00282,2026-05-03,52,2
S00494,P00283,2026-05-22,23,5
S00495,P00283,2026-05-01,10,0
S00496,P00284,2026-05-23,60,11
S00497,P00284,2026-05-10,65,6
S00498,P00285,2026-05-14,25,1
S00499,P00285,2026-05-01,18,7
S00500,P00286,2026-05-26,54,2
S00501,P00286,2026-05-03,62,2
S00502,P00287,2026-05-17,29,4
S00503,P00287,2026-05-19,36,15
S00504,P00288,2026-05-15,31,3
S00505,P00288,2026-05-19,35,5
S00506,P00289,2026-05-10,42,1
S00507,P00289,2026-05-12,40,13
S00508,P00290,2026-05-25,63,14
S00509,P00291,2026-05-15,37,10
S00510,P00292,2026-05-12,50,2
S00511,P00293,2026-05-25,40,11
S00512,P00293,2026-05-02,37,4
S00513,P00294,2026-05-21,64,4
S00514,P00294,2026-05-18,23,1
S00515,P00295,2026-05-06,55,3
S00516,P00295,2026-05-20,20,9
S00517,P00296,2026-05-21,56,0
S00518,P00297,2026-05-09,30,2
S00519,P00297,2026-05-12,67,12
S00520,P00298,2026-05-11,40,4
S00521,P00298,2026-05-19,47,7
S00522,P00299,2026-05-06,17,8
S00523,P00299,2026-05-03,52,1
S00524,P00300,2026-05-24,27,3
S00525,P00300,2026-05-24,28,7
S00526,P00301,2026-05-15,49,11
S00527,P00301,2026-05-20,49,14
S00528,P00302,2026-05-20,58,7
S00529,P00303,2026-05-09,16,4
S00530,P00303,2026-05-08,10,3
S00531,P00304,2026-05-08,42,3
S00532,P00304,2026-05-24,25,9
S00533,P00305,2026-05-15,18,8
S00534,P00305,2026-05-25,64,8
S00535,P00306,2026-05-03,56,5
S00536,P00306,2026-05-16,61,10
S00537,P00307,2026-05-05,27,11
S00538,P00307,2026-05-21,10,3
S00539,P00308,2026-05-21,48,4
S00540,P00308,2026-05-21,44,14
S00541,P00309,2026-05-21,43,12
S00542,P00309,2026-05-14,56,9
S00543,P00310,2026-05-15,65,15
S00544,P00310,2026-05-02,31,15
S00545,P00311,2026-05-25,49,12
S00546,P00311,2026-05-15,27,15
S00547,P00312,2026-05-17,65,13
S00548,P00312,2026-05-17,11,1
S00549,P00313,2026-05-11,26,9
S00550,P00313,2026-05-26,38,6
S00551,P00314,2026-05-16,68,13
S00552,P00314,2026-05-14,51,12
S00553,P00315,2026-05-12,47,3
S00554,P00315,2026-05-24,8,1
S00555,P00316,2026-05-04,31,7
S00556,P00316,2026-05-19,35,1
S00557,P00317,2026-05-23,62,14
S00558,P00317,2026-05-14,19,14
S00559,P00318,2026-05-09,46,12
S00560,P00318,2026-05-13,51,12
S00561,P00319,2026-05-01,37,1
S00562,P00319,2026-05-25,43,2
S00563,P00320,2026-05-09,48,5
S00564,P00320,2026-05-03,26,10
S00565,P00321,2026-05-19,47,2
S00566,P00322,2026-05-20,52,10
S00567,P00322,2026-05-14,50,10
S00568,P00323,2026-05-14,20,9
S00569,P00324,2026-05-13,33,2
S00570,P00324,2026-05-22,49,9
S00571,P00325,2026-05-21,22,0
S00572,P00326,2026-05-14,18,10
S00573,P00327,2026-05-13,54,0
S00574,P00327,2026-05-14,67,12
S00575,P00328,2026-05-09,26,6
S00576,P00328,2026-05-13,20,10
S00577,P00329,2026-05-24,45,10
S00578,P00329,2026-05-09,57,0
S00579,P00330,2026-05-02,11,1
S00580,P00330,2026-05-13,66,6
S00581,P00331,2026-05-13,53,0
S00582,P00331,2026-05-23,22,8
S00583,P00332,2026-05-18,54,9
S00584,P00333,2026-05-09,43,8
S00585,P00333,2026-05-15,41,7
S00586,P00334,2026-05-18,28,5
S00587,P00335,2026-05-06,37,3
S00588,P00335,2026-05-03,55,14
S00589,P00336,2026-05-10,60,1
S00590,P00336,2026-05-15,16,6
S00591,P00337,2026-05-09,27,3
S00592,P00337,2026-05-22,28,2
S00593,P00338,2026-05-23,53,13
S00594,P00338,2026-05-16,39,8
S00595,P00339,2026-05-26,12,2
S00596,P00339,2026-05-23,49,12
S00597,P00340,2026-05-26,15,9
S00598,P00340,2026-05-19,72,14
S00599,P00341,2026-05-26,19,7
S00600,P00341,2026-05-15,9,2
S00601,P00341,2026-05-26,19,4
S00602,P00342,2026-05-19,32,11
S00603,P00342,2026-05-19,20,10
S00604,P00343,2026-05-08,66,11
S00605,P00343,2026-05-05,14,4
S00606,P00344,2026-05-05,73,14
S00607,P00344,2026-05-04,9,0
S00608,P00345,2026-05-09,45,1
S00609,P00345,2026-05-22,38,6
S00610,P00346,2026-05-09,64,13
S00611,P00347,2026-05-16,5,0
S00612,P00347,2026-05-18,17,4
S00613,P00348,2026-05-11,40,10
S00614,P00349,2026-05-05,28,15
S00615,P00349,2026-05-20,19,1
S00616,P00350,2026-05-23,28,2
S00617,P00350,2026-05-10,72,12
S00618,P00351,2026-05-05,33,13
S00619,P00351,2026-05-07,19,4
S00620,P00352,2026-05-01,28,0
S00621,P00352,2026-05-13,22,8
S00622,P00352,2026-05-01,23,11
S00623,P00353,2026-05-03,48,2
S00624,P00353,2026-05-11,25,1
S00625,P00354,2026-05-09,71,14
S00626,P00354,2026-05-04,18,9
S00627,P00355,2026-05-22,36,11
S00628,P00355,2026-05-11,23,12
S00629,P00356,2026-05-01,7,1
S00630,P00357,2026-05-03,68,13
S00631,P00357,2026-05-25,41,1
S00632,P00358,2026-05-04,16,1
S00633,P00358,2026-05-17,53,11
S00634,P00359,2026-05-04,33,10
S00635,P00360,2026-05-09,71,13
S00636,P00360,2026-05-06,28,3
S00637,P00361,2026-05-26,65,13
S00638,P00361,2026-05-17,33,11
S00639,P00362,2026-05-02,33,10
S00640,P00363,2026-05-23,25,0
S00641,P00364,2026-05-03,60,8
S00642,P00365,2026-05-11,21,12
S00643,P00365,2026-05-24,64,14
S00644,P00366,2026-05-21,62,7
S00645,P00366,2026-05-16,63,9
S00646,P00367,2026-05-22,67,14
S00647,P00368,2026-05-03,22,7
S00648,P00368,2026-05-09,60,5
S00649,P00368,2026-05-10,34,12
S00650,P00369,2026-05-09,21,6
S00651,P00369,2026-05-10,43,5
S00652,P00370,2026-05-11,63,15
S00653,P00371,2026-05-07,16,1
S00654,P00371,2026-05-04,23,10
S00655,P00372,2026-05-12,10,1
S00656,P00373,2026-05-10,29,0
S00657,P00373,2026-05-19,48,15
S00658,P00374,2026-05-05,11,2
S00659,P00374,2026-05-16,54,3
S00660,P00375,2026-05-01,37,4
S00661,P00376,2026-05-03,31,1
S00662,P00377,2026-05-15,51,1
S00663,P00377,2026-05-16,49,8
S00664,P00378,2026-05-26,12,3
S00665,P00378,2026-05-09,31,2
S00666,P00379,2026-05-17,62,7
S00667,P00379,2026-05-14,23,3
S00668,P00380,2026-05-15,25,7
S00669,P00381,2026-05-02,23,10
S00670,P00381,2026-05-16,69,11
S00671,P00382,2026-05-03,52,7
S00672,P00383,2026-05-17,58,3
S00673,P00383,2026-05-21,33,2
S00674,P00384,2026-05-21,17,12
S00675,P00384,2026-05-19,20,2
S00676,P00385,2026-05-11,71,12
S00677,P00385,2026-05-26,42,9
S00678,P00386,2026-05-23,53,9
S00679,P00386,2026-05-17,50,11
S00680,P00387,2026-05-14,36,11
S00681,P00387,2026-05-07,11,6
S00682,P00388,2026-05-15,13,6
S00683,P00388,2026-05-23,59,8
S00684,P00389,2026-05-13,41,1
S00685,P00389,2026-05-26,31,6
S00686,P00389,2026-05-21,33,2
S00687,P00390,2026-05-07,34,15
S00688,P00391,2026-05-24,49,8
S00689,P00391,2026-05-26,68,13
S00690,P00392,2026-05-05,58,6
S00691,P00393,2026-05-25,58,11
S00692,P00393,2026-05-08,32,10
S00693,P00394,2026-05-15,50,5
S00694,P00395,2026-05-23,26,11
S00695,P00396,2026-05-18,45,5
S00696,P00396,2026-05-05,73,14
S00697,P00397,2026-05-24,65,6
S00698,P00398,2026-05-14,8,1
S00699,P00398,2026-05-06,25,8
S00700,P00399,2026-05-11,58,1
S00701,P00399,2026-05-09,39,5
S00702,P00400,2026-05-14,18,2
S00703,P00400,2026-05-02,51,13
S00704,P00401,2026-05-07,18,9
S00705,P00402,2026-05-07,43,11
S00706,P00402,2026-05-16,55,7
S00707,P00403,2026-05-26,36,10
S00708,P00403,2026-05-02,60,3
S00709,P00404,2026-05-26,26,12
S00710,P00404,2026-05-18,57,3
S00711,P00405,2026-05-11,57,13
S00712,P00406,2026-05-21,11,2
S00713,P00407,2026-05-19,54,14
S00714,P00407,2026-05-02,37,0
S00715,P00408,2026-05-03,61,11
S00716,P00408,2026-05-12,35,11
S00717,P00409,2026-05-19,8,1
S00718,P00409,2026-05-15,39,1
S00719,P00410,2026-05-25,33,3
S00720,P00410,2026-05-09,70,11
S00721,P00411,2026-05-07,21,0
S00722,P00411,2026-05-07,15,6
S00723,P00412,2026-05-10,43,13
S00724,P00412,2026-05-20,62,9
S00725,P00413,2026-05-20,36,0
S00726,P00413,2026-05-23,27,13
S00727,P00414,2026-05-13,12,0
S00728,P00414,2026-05-23,47,1
S00729,P00415,2026-05-17,33,9
S00730,P00415,2026-05-18,15,7
S00731,P00416,2026-05-24,22,2
S00732,P00416,2026-05-10,27,0
S00733,P00417,2026-05-21,36,14
S00734,P00418,2026-05-22,48,11
S00735,P00418,2026-05-19,27,0
S00736,P00419,2026-05-09,32,15
S00737,P00419,2026-05-23,18,3
S00738,P00419,2026-05-02,30,2
S00739,P00420,2026-05-25,40,3
S00740,P00420,2026-05-04,22,11
S00741,P00421,2026-05-18,51,14
S00742,P00421,2026-05-10,24,12
S00743,P00422,2026-05-16,69,9
S00744,P00423,2026-05-17,43,4
S00745,P00423,2026-05-11,16,3
S00746,P00424,2026-05-26,62,14
S00747,P00424,2026-05-15,38,7
S00748,P00425,2026-05-13,27,2
S00749,P00426,2026-05-01,17,5
S00750,P00426,2026-05-13,70,12
S00751,P00427,2026-05-25,65,12
S00752,P00428,2026-05-11,52,12
S00753,P00428,2026-05-13,49,5
S00754,P00429,2026-05-25,24,12
S00755,P00429,2026-05-01,42,3
S00756,P00430,2026-05-22,52,9
S00757,P00430,2026-05-05,50,5
S00758,P00431,2026-05-07,20,3
S00759,P00431,2026-05-18,60,11
S00760,P00431,2026-05-25,27,3
S00761,P00432,2026-05-06,43,6
S00762,P00433,2026-05-25,40,7
S00763,P00434,2026-05-17,46,14
S00764,P00434,2026-05-18,20,13
S00765,P00435,2026-05-03,21,11
S00766,P00435,2026-05-05,36,3
S00767,P00435,2026-05-07,27,9
S00768,P00436,2026-05-18,27,15
S00769,P00436,2026-05-23,57,9
S00770,P00437,2026-05-11,42,10
S00771,P00438,2026-05-14,46,14
S00772,P00439,2026-05-10,52,10
S00773,P00440,2026-05-02,58,10
S00774,P00440,2026-05-18,10,2
S00775,P00441,2026-05-17,55,13
S00776,P00442,2026-05-12,50,3
S00777,P00442,2026-05-21,48,4
S00778,P00443,2026-05-07,47,11
S00779,P00444,2026-05-10,12,4
S00780,P00444,2026-05-20,22,5
S00781,P00445,2026-05-13,39,10
S00782,P00445,2026-05-03,15,4
S00783,P00446,2026-05-06,52,9
S00784,P00446,2026-05-02,72,12
S00785,P00447,2026-05-26,28,8
S00786,P00447,2026-05-02,26,6
S00787,P00448,2026-05-02,42,9
S00788,P00449,2026-05-02,27,5
S00789,P00450,2026-05-21,26,9
S00790,P00450,2026-05-17,14,2
S00791,P00451,2026-05-09,30,9
S00792,P00451,2026-05-01,33,13
S00793,P00452,2026-05-07,62,8
S00794,P00452,2026-05-18,44,6
S00795,P00453,2026-05-13,20,0
S00796,P00454,2026-05-13,70,10
S00797,P00454,2026-05-04,42,0
S00798,P00455,2026-05-14,60,3
S00799,P00455,2026-05-09,14,4
S00800,P00456,2026-05-07,62,14
S00801,P00457,2026-05-16,14,3
S00802,P00457,2026-05-01,46,12
S00803,P00457,2026-05-22,36,2
S00804,P00458,2026-05-01,53,1
S00805,P00458,2026-05-20,20,8
S00806,P00459,2026-05-11,27,2
S00807,P00460,2026-05-08,18,0
S00808,P00461,2026-05-06,37,6
S00809,P00462,2026-05-17,26,0
S00810,P00463,2026-05-04,41,4
S00811,P00464,2026-05-17,37,14
S00812,P00464,2026-05-08,38,2
S00813,P00465,2026-05-11,57,4
S00814,P00465,2026-05-24,38,4
S00815,P00465,2026-05-16,43,11
S00816,P00466,2026-05-12,71,15
S00817,P00466,2026-05-18,42,4
S00818,P00466,2026-05-18,42,15
S00819,P00467,2026-05-21,60,9
S00820,P00468,2026-05-14,40,15
S00821,P00468,2026-05-01,44,0
S00822,P00469,2026-05-24,26,3
S00823,P00470,2026-05-12,44,11
S00824,P00470,2026-05-05,63,10
S00825,P00471,2026-05-25,71,14
S00826,P00471,2026-05-10,29,3
S00827,P00472,2026-05-15,48,9
S00828,P00472,2026-05-02,17,10
S00829,P00473,2026-05-15,40,9
S00830,P00473,2026-05-18,63,13
S00831,P00474,2026-05-14,63,3
S00832,P00474,2026-05-13,49,6
S00833,P00475,2026-05-19,49,3
S00834,P00475,2026-05-04,62,11
S00835,P00476,2026-05-17,50,14
S00836,P00476,2026-05-06,30,0
S00837,P00477,2026-05-26,49,14
S00838,P00478,2026-05-08,14,3
S00839,P00478,2026-05-18,9,0
S00840,P00479,2026-05-03,63,12
S00841,P00479,2026-05-08,48,10
S00842,P00480,2026-05-24,33,6
S00843,P00481,2026-05-13,26,8
S00844,P00482,2026-05-25,23,13
S00845,P00482,2026-05-17,30,0
S00846,P00482,2026-05-07,17,1
S00847,P00483,2026-05-09,19,12
S00848,P00483,2026-05-18,59,1
S00849,P00484,2026-05-13,38,6
S00850,P00485,2026-05-22,58,9
S00851,P00486,2026-05-22,50,3
S00852,P00487,2026-05-15,42,7
S00853,P00488,2026-05-14,16,8
S00854,P00488,2026-05-02,52,11
S00855,P00489,2026-05-24,42,2
S00856,P00489,2026-05-16,40,3
S00857,P00490,2026-05-14,34,9
S00858,P00490,2026-05-26,43,8
S00859,P00491,2026-05-04,58,15
S00860,P00492,2026-05-09,24,13
S00861,P00492,2026-05-02,49,4
S00862,P00493,2026-05-21,37,9
S00863,P00493,2026-05-19,34,11
S00864,P00494,2026-05-04,68,12
S00865,P00495,2026-05-16,33,6
S00866,P00495,2026-05-05,37,12
S00867,P00496,2026-05-02,53,12
S00868,P00496,2026-05-21,51,6
S00869,P00497,2026-05-14,15,3
S00870,P00497,2026-05-26,37,9
S00871,P00498,2026-05-12,44,1
S00872,P00499,2026-05-13,28,11
S00873,P00500,2026-05-18,25,0
S00874,P00500,2026-05-11,31,1
S00875,P00501,2026-05-10,10,0
S00876,P00502,2026-05-20,15,9
S00877,P00502,2026-05-24,52,12
S00878,P00503,2026-05-03,61,2
S00879,P00503,2026-05-26,36,0
S00880,P00504,2026-05-06,23,12
S00881,P00504,2026-05-12,17,4
S00882,P00505,2026-05-05,59,8
S00883,P00505,2026-05-12,25,8
S00884,P00506,2026-05-13,64,15
S00885,P00507,2026-05-19,28,0
S00886,P00507,2026-05-22,37,6
S00887,P00508,2026-05-20,8,2
S00888,P00508,2026-05-10,64,8
S00889,P00509,2026-05-03,51,12
S00890,P00509,2026-05-19,12,3
S00891,P00510,2026-05-15,24,4
S00892,P00510,2026-05-10,19,13
S00893,P00511,2026-05-16,53,14
S00894,P00511,2026-05-12,42,7
S00895,P00512,2026-05-02,22,1
S00896,P00512,2026-05-05,62,10
S00897,P00513,2026-05-12,29,7
S00898,P00513,2026-05-16,27,12
S00899,P00513,2026-05-17,53,13
S00900,P00514,2026-05-18,21,3
S00901,P00514,2026-05-09,53,15
S00902,P00515,2026-05-17,48,11
S00903,P00515,2026-05-13,41,1
S00904,P00516,2026-05-03,18,0
S00905,P00516,2026-05-23,18,0
S00906,P00517,2026-05-07,54,6
S00907,P00517,2026-05-21,33,12
S00908,P00517,2026-05-10,24,5
S00909,P00518,2026-05-17,16,11
S00910,P00518,2026-05-16,59,13
S00911,P00519,2026-05-23,62,12
S00912,P00519,2026-05-24,64,5
S00913,P00520,2026-05-08,56,7
S00914,P00521,2026-05-13,50,7
S00915,P00521,2026-05-05,32,13
S00916,P00522,2026-05-14,66,14
S00917,P00522,2026-05-24,32,5
S00918,P00523,2026-05-18,38,3
S00919,P00524,2026-05-01,58,13
S00920,P00524,2026-05-23,19,14
S00921,P00525,2026-05-20,61,12
S00922,P00525,2026-05-18,28,9
S00923,P00526,2026-05-17,26,15
S00924,P00526,2026-05-25,53,0
S00925,P00527,2026-05-23,50,10
S00926,P00528,2026-05-21,70,11
S00927,P00528,2026-05-17,44,11
S00928,P00529,2026-05-02,23,2
S00929,P00530,2026-05-18,32,1
S00930,P00530,2026-05-24,24,7
S00931,P00531,2026-05-23,40,10
S00932,P00531,2026-05-09,48,6
S00933,P00532,2026-05-26,13,8
S00934,P00532,2026-05-05,58,5
S00935,P00533,2026-05-20,57,15
S00936,P00533,2026-05-05,66,8
S00937,P00534,2026-05-05,7,1
S00938,P00534,2026-05-14,30,14
S00939,P00535,2026-05-14,16,4
S00940,P00535,2026-05-07,51,9
S00941,P00536,2026-05-07,47,5
S00942,P00537,2026-05-25,38,1
S00943,P00537,2026-05-18,19,3
S00944,P00538,2026-05-07,29,11
S00945,P00539,2026-05-16,46,13
S00946,P00539,2026-05-05,53,11
S00947,P00540,2026-05-20,46,0
S00948,P00541,2026-05-20,15,4
S00949,P00541,2026-05-08,47,6
S00950,P00542,2026-05-23,66,8
S00951,P00542,2026-05-01,50,2
S00952,P00543,2026-05-11,23,11
S00953,P00543,2026-05-25,43,13
S00954,P00544,2026-05-18,53,8
S00955,P00545,2026-05-03,8,0
S00956,P00546,2026-05-11,20,7
S00957,P00547,2026-05-21,40,14
S00958,P00547,2026-05-06,19,11
S00959,P00548,2026-05-17,68,12
S00960,P00549,2026-05-10,50,1
S00961,P00550,2026-05-10,21,9
S00962,P00550,2026-05-18,52,13
S00963,P00551,2026-05-24,48,3
S00964,P00551,2026-05-06,12,1
S00965,P00552,2026-05-25,57,14
S00966,P00553,2026-05-15,66,15
S00967,P00553,2026-05-16,33,13
S00968,P00554,2026-05-05,40,11
S00969,P00554,2026-05-01,25,13
S00970,P00555,2026-05-01,26,10
S00971,P00555,2026-05-19,15,6
S00972,P00556,2026-05-01,44,11
S00973,P00556,2026-05-10,48,13
S00974,P00557,2026-05-19,37,5
S00975,P00557,2026-05-24,6,0
S00976,P00558,2026-05-25,57,5
S00977,P00559,2026-05-11,43,5
S00978,P00559,2026-05-20,63,15
S00979,P00560,2026-05-26,60,11
S00980,P00561,2026-05-11,24,14
S00981,P00562,2026-05-14,38,6
S00982,P00562,2026-05-26,50,2
S00983,P00563,2026-05-05,48,5
S00984,P00564,2026-05-26,27,10
S00985,P00565,2026-05-14,68,11
S00986,P00566,2026-05-18,45,3
S00987,P00567,2026-05-13,32,0
S00988,P00568,2026-05-15,67,8
S00989,P00568,2026-05-20,42,9
S00990,P00569,2026-05-23,14,3
S00991,P00570,2026-05-19,63,4
S00992,P00570,2026-05-17,16,3
S00993,P00571,2026-05-03,17,2
S00994,P00571,2026-05-22,39,3
S00995,P00572,2026-05-24,14,7
S00996,P00572,2026-05-04,23,7
S00997,P00573,2026-05-18,17,3
S00998,P00573,2026-05-24,24,10
S00999,P00574,2026-05-23,17,11
S01000,P00574,2026-05-03,44,11
S01001,P00575,2026-05-02,38,8
S01002,P00575,2026-05-15,12,4
S01003,P00576,2026-05-17,51,9
S01004,P00576,2026-05-09,32,4
S01005,P00576,2026-05-10,45,6
S01006,P00577,2026-05-10,58,14
S01007,P00577,2026-05-15,15,10
S01008,P00578,2026-05-09,33,3
S01009,P00579,2026-05-09,22,7
S01010,P00579,2026-05-15,22,12
S01011,P00580,2026-05-21,66,7
S01012,P00581,2026-05-16,32,10
S01013,P00581,2026-05-02,44,1
S01014,P00582,2026-05-20,14,1
S01015,P00583,2026-05-19,23,11
S01016,P00584,2026-05-25,10,1
S01017,P00584,2026-05-18,51,4
S01018,P00585,2026-05-24,41,10
S01019,P00585,2026-05-17,61,10
S01020,P00586,2026-05-08,31,5
S01021,P00586,2026-05-19,63,5
S01022,P00587,2026-05-15,45,7
S01023,P00587,2026-05-17,25,0
S01024,P00588,2026-05-06,26,13
S01025,P00588,2026-05-22,34,8
S01026,P00589,2026-05-21,18,12
S01027,P00590,2026-05-23,22,14
S01028,P00591,2026-05-14,34,3
S01029,P00591,2026-05-01,68,8
S01030,P00592,2026-05-11,42,13
S01031,P00593,2026-05-01,25,1
S01032,P00593,2026-05-01,32,15
S01033,P00594,2026-05-03,54,13
S01034,P00594,2026-05-09,37,11
S01035,P00595,2026-05-20,45,10
S01036,P00595,2026-05-14,47,3
S01037,P00596,2026-05-13,15,4
S01038,P00596,2026-05-24,19,13
S01039,P00597,2026-05-02,42,2
S01040,P00597,2026-05-13,57,4
S01041,P00598,2026-05-25,58,7
S01042,P00598,2026-05-04,32,15
S01043,P00599,2026-05-14,30,9
S01044,P00599,2026-05-05,59,10
S01045,P00600,2026-05-09,28,4
S01046,P00601,2026-05-06,61,3
S01047,P00602,2026-05-02,54,2
S01048,P00602,2026-05-13,52,4
S01049,P00602,2026-05-14,56,6
S01050,P00603,2026-05-19,19,4
S01051,P00603,2026-05-19,48,4
S01052,P00604,2026-05-01,49,11
S01053,P00604,2026-05-17,30,1
S01054,P00605,2026-05-25,17,4
S01055,P00605,2026-05-14,10,1
S01056,P00606,2026-05-03,43,5
S01057,P00606,2026-05-17,40,4
S01058,P00607,2026-05-25,32,14
S01059,P00607,2026-05-11,19,5
S01060,P00608,2026-05-14,39,0
S01061,P00609,2026-05-11,57,8
S01062,P00609,2026-05-06,46,0
S01063,P00610,2026-05-14,35,11
S01064,P00610,2026-05-13,25,1
S01065,P00611,2026-05-12,63,10
S01066,P00612,2026-05-05,38,2
S01067,P00612,2026-05-20,39,7
S01068,P00613,2026-05-11,39,5
S01069,P00614,2026-05-25,67,8
S01070,P00614,2026-05-14,41,2
S01071,P00615,2026-05-03,27,14
S01072,P00616,2026-05-09,51,10
S01073,P00617,2026-05-11,45,10
S01074,P00618,2026-05-06,47,4
S01075,P00619,2026-05-17,10,5
S01076,P00619,2026-05-02,52,7
S01077,P00620,2026-05-15,29,12
S01078,P00620,2026-05-15,21,5
S01079,P00621,2026-05-19,62,3
S01080,P00622,2026-05-05,55,0
S01081,P00622,2026-05-11,52,7
S01082,P00623,2026-05-14,71,13
S01083,P00624,2026-05-21,62,11
S01084,P00625,2026-05-08,16,7
S01085,P00625,2026-05-08,56,0
S01086,P00626,2026-05-25,51,5
S01087,P00626,2026-05-06,53,12
S01088,P00627,2026-05-11,58,6
S01089,P00627,2026-05-08,48,5
S01090,P00628,2026-05-01,26,0
S01091,P00628,2026-05-12,61,4
S01092,P00629,2026-05-08,33,12
S01093,P00629,2026-05-25,28,0
S01094,P00630,2026-05-07,29,7
S01095,P00630,2026-05-17,24,3
S01096,P00631,2026-05-03,39,0
S01097,P00632,2026-05-02,58,12
S01098,P00632,2026-05-19,72,15
S01099,P00633,2026-05-26,48,6
S01100,P00633,2026-05-03,28,5
S01101,P00634,2026-05-18,34,10
S01102,P00634,2026-05-25,25,10
S01103,P00635,2026-05-03,65,11
S01104,P00635,2026-05-02,23,14
S01105,P00636,2026-05-12,32,6
S01106,P00636,2026-05-07,71,14
S01107,P00637,2026-05-18,19,12
S01108,P00637,2026-05-15,44,3
S01109,P00638,2026-05-21,46,4
S01110,P00638,2026-05-12,24,9
S01111,P00639,2026-05-20,63,4
S01112,P00639,2026-05-14,33,11
S01113,P00640,2026-05-12,39,12
S01114,P00640,2026-05-25,70,10
S01115,P00641,2026-05-15,13,8
S01116,P00642,2026-05-15,63,12
S01117,P00642,2026-05-18,20,14
S01118,P00643,2026-05-10,34,13
S01119,P00643,2026-05-09,31,14
S01120,P00644,2026-05-21,36,6
S01121,P00645,2026-05-08,24,0
S01122,P00645,2026-05-20,18,6
S01123,P00646,2026-05-25,62,15
S01124,P00647,2026-05-19,22,14
S01125,P00648,2026-05-09,29,4
S01126,P00648,2026-05-23,65,12
S01127,P00648,2026-05-02,28,6
S01128,P00649,2026-05-19,9,1
S01129,P00649,2026-05-14,51,13
S01130,P00650,2026-05-20,35,0
S01131,P00650,2026-05-06,41,15
S01132,P00651,2026-05-02,17,0
S01133,P00651,2026-05-26,17,0
S01134,P00652,2026-05-12,52,11
S01135,P00652,2026-05-03,18,3
S01136,P00653,2026-05-01,70,13
S01137,P00653,2026-05-24,28,4
S01138,P00654,2026-05-16,20,0
S01139,P00654,2026-05-11,49,3
S01140,P00655,2026-05-18,16,11
S01141,P00655,2026-05-24,28,9
S01142,P00656,2026-05-20,37,7
S01143,P00656,2026-05-12,63,10
S01144,P00657,2026-05-09,34,13
S01145,P00658,2026-05-11,48,7
S01146,P00659,2026-05-23,63,3
S01147,P00659,2026-05-15,23,5
S01148,P00660,2026-05-23,29,14
S01149,P00660,2026-05-15,59,9
S01150,P00661,2026-05-16,64,4
S01151,P00662,2026-05-25,33,9
S01152,P00662,2026-05-08,32,4
S01153,P00663,2026-05-16,42,5
S01154,P00664,2026-05-10,32,4
S01155,P00664,2026-05-25,28,13
S01156,P00665,2026-05-14,30,4
S01157,P00666,2026-05-15,43,13
S01158,P00666,2026-05-15,8,1
S01159,P00667,2026-05-17,58,2
S01160,P00667,2026-05-25,47,4
S01161,P00668,2026-05-07,53,2
S01162,P00669,2026-05-26,13,5
S01163,P00669,2026-05-21,29,0
S01164,P00670,2026-05-17,47,5
S01165,P00670,2026-05-12,45,14
S01166,P00671,2026-05-06,26,1
S01167,P00671,2026-05-22,32,4
S01168,P00672,2026-05-12,23,0
S01169,P00672,2026-05-03,41,0
S01170,P00672,2026-05-05,47,3
S01171,P00673,2026-05-11,34,13
S01172,P00673,2026-05-06,57,4
S01173,P00674,2026-05-09,15,7
S01174,P00674,2026-05-25,20,3
S01175,P00675,2026-05-22,58,14
S01176,P00675,2026-05-20,34,8
S01177,P00676,2026-05-01,27,12
S01178,P00676,2026-05-02,16,5
S01179,P00677,2026-05-20,46,1
S01180,P00677,2026-05-01,40,0
S01181,P00678,2026-05-21,24,13
S01182,P00678,2026-05-13,64,6
S01183,P00679,2026-05-26,32,6
S01184,P00679,2026-05-10,29,7
S01185,P00680,2026-05-20,62,15
S01186,P00681,2026-05-22,50,13
S01187,P00682,2026-05-17,17,9
S01188,P00682,2026-05-13,33,0
S01189,P00683,2026-05-19,32,5
S01190,P00683,2026-05-21,34,10
S01191,P00684,2026-05-20,59,0
S01192,P00684,2026-05-22,45,2
S01193,P00685,2026-05-05,61,2
S01194,P00685,2026-05-11,24,14
S01195,P00686,2026-05-20,14,8
S01196,P00686,2026-05-26,35,11
S01197,P00687,2026-05-08,60,5
S01198,P00687,2026-05-23,52,6
S01199,P00688,2026-05-26,48,9
S01200,P00688,2026-05-12,24,9
S01201,P00689,2026-05-20,59,3
S01202,P00690,2026-05-13,64,12
S01203,P00691,2026-05-18,65,14
S01204,P00691,2026-05-05,27,15
S01205,P00692,2026-05-14,51,14
S01206,P00692,2026-05-26,25,12
S01207,P00692,2026-05-01,60,0
S01208,P00693,2026-05-01,10,0
S01209,P00693,2026-05-22,72,12
S01210,P00694,2026-05-10,42,15
S01211,P00694,2026-05-19,35,1
S01212,P00695,2026-05-03,51,2
S01213,P00695,2026-05-02,27,3
S01214,P00696,2026-05-07,34,4
S01215,P00696,2026-05-16,47,5
S01216,P00697,2026-05-19,43,12
S01217,P00697,2026-05-15,41,13
S01218,P00698,2026-05-15,64,15
S01219,P00698,2026-05-23,13,4
S01220,P00699,2026-05-14,49,14
S01221,P00700,2026-05-25,18,1
S01222,P00700,2026-05-22,63,8
S01223,P00700,2026-05-05,11,0
S01224,P00701,2026-05-02,26,8
S01225,P00701,2026-05-10,55,13
S01226,P00702,2026-05-05,14,9
S01227,P00702,2026-05-16,30,15
S01228,P00703,2026-05-12,60,5
S01229,P00703,2026-05-25,54,12
S01230,P00704,2026-05-09,63,7
S01231,P00705,2026-05-20,39,5
S01232,P00705,2026-05-07,34,11
S01233,P00706,2026-05-14,23,11
S01234,P00707,2026-05-06,11,4
S01235,P00708,2026-05-24,38,0
S01236,P00708,2026-05-18,17,5
S01237,P00709,2026-05-26,65,15
S01238,P00710,2026-05-26,18,3
S01239,P00710,2026-05-05,33,1
S01240,P00711,2026-05-10,22,11
S01241,P00711,2026-05-22,33,12
S01242,P00712,2026-05-10,53,4
S01243,P00712,2026-05-16,51,9
S01244,P00713,2026-05-04,35,12
S01245,P00713,2026-05-24,39,7
S01246,P00714,2026-05-05,21,11
S01247,P00714,2026-05-15,28,1
S01248,P00715,2026-05-01,20,1
S01249,P00716,2026-05-05,28,14
S01250,P00716,2026-05-08,23,14
S01251,P00717,2026-05-01,21,1
S01252,P00717,2026-05-08,25,3
S01253,P00718,2026-05-02,39,4
S01254,P00718,2026-05-15,56,14
S01255,P00719,2026-05-04,44,12
S01256,P00719,2026-05-03,12,7
S01257,P00720,2026-05-04,46,9
S01258,P00720,2026-05-18,15,5
S01259,P00721,2026-05-21,34,13
S01260,P00721,2026-05-07,54,12
S01261,P00722,2026-05-03,39,2
S01262,P00723,2026-05-11,46,5
S01263,P00723,2026-05-09,58,10
S01264,P00724,2026-05-22,19,2
S01265,P00725,2026-05-03,53,13
S01266,P00726,2026-05-24,33,15
S01267,P00727,2026-05-15,26,8
S01268,P00727,2026-05-25,42,7
S01269,P00728,2026-05-05,32,15
S01270,P00728,2026-05-24,36,4
S01271,P00729,2026-05-24,16,10
S01272,P00729,2026-05-05,67,15
S01273,P00730,2026-05-14,20,4
S01274,P00730,2026-05-21,48,2
S01275,P00731,2026-05-17,23,12
S01276,P00732,2026-05-06,14,4
S01277,P00732,2026-05-23,39,11
S01278,P00733,2026-05-01,34,14
S01279,P00733,2026-05-05,38,0
S01280,P00734,2026-05-02,37,14
S01281,P00735,2026-05-13,59,0
S01282,P00735,2026-05-12,19,8
S01283,P00735,2026-05-19,64,12
S01284,P00736,2026-05-12,25,11
S01285,P00737,2026-05-04,66,12
S01286,P00738,2026-05-25,43,3
S01287,P00738,2026-05-13,65,11
S01288,P00739,2026-05-13,52,7
S01289,P00740,2026-05-05,56,6
S01290,P00741,2026-05-14,20,3
S01291,P00742,2026-05-01,28,11
S01292,P00742,2026-05-04,9,4
S01293,P00742,2026-05-19,28,9
S01294,P00743,2026-05-05,28,13
S01295,P00744,2026-05-03,26,11
S01296,P00744,2026-05-03,53,12
S01297,P00745,2026-05-01,56,9
S01298,P00745,2026-05-09,32,4
S01299,P00746,2026-05-25,24,2
S01300,P00746,2026-05-03,53,4
S01301,P00747,2026-05-12,45,9
S01302,P00747,2026-05-12,23,8
S01303,P00748,2026-05-06,46,4
S01304,P00748,2026-05-22,61,3
S01305,P00749,2026-05-21,27,4
S01306,P00750,2026-05-11,24,1
S01307,P00751,2026-05-14,59,12
S01308,P00751,2026-05-05,42,10
S01309,P00751,2026-05-21,53,5
S01310,P00752,2026-05-04,35,3
S01311,P00752,2026-05-10,18,1
S01312,P00753,2026-05-26,65,10
S01313,P00753,2026-05-05,25,8
S01314,P00754,2026-05-17,34,5
S01315,P00754,2026-05-14,19,12
S01316,P00755,2026-05-02,69,11
S01317,P00756,2026-05-15,37,6
S01318,P00757,2026-05-16,49,15
S01319,P00757,2026-05-01,31,11
S01320,P00758,2026-05-02,19,6
S01321,P00758,2026-05-18,26,5
S01322,P00759,2026-05-13,53,13
S01323,P00759,2026-05-24,20,15
S01324,P00760,2026-05-01,43,6
S01325,P00760,2026-05-01,43,13
S01326,P00761,2026-05-25,55,2
S01327,P00761,2026-05-26,58,13
S01328,P00762,2026-05-04,29,5
S01329,P00763,2026-05-20,54,12
S01330,P00763,2026-05-10,61,7
S01331,P00764,2026-05-04,54,7
S01332,P00764,2026-05-15,61,12
S01333,P00765,2026-05-11,20,1
S01334,P00765,2026-05-24,69,15
S01335,P00766,2026-05-14,35,5
S01336,P00766,2026-05-05,8,0
S01337,P00767,2026-05-26,45,1
S01338,P00768,2026-05-12,17,7
S01339,P00768,2026-05-20,52,9
S01340,P00769,2026-05-02,37,14
S01341,P00769,2026-05-01,20,5
S01342,P00770,2026-05-11,59,5
S01343,P00770,2026-05-12,12,2
S01344,P00771,2026-05-17,38,1
S01345,P00771,2026-05-12,48,7
S01346,P00772,2026-05-04,47,8
S01347,P00772,2026-05-22,62,12
S01348,P00773,2026-05-16,74,15
S01349,P00773,2026-05-16,14,3
S01350,P00774,2026-05-17,24,9
S01351,P00774,2026-05-01,34,9
S01352,P00775,2026-05-13,41,11
S01353,P00776,2026-05-11,58,15
S01354,P00777,2026-05-06,7,2
S01355,P00777,2026-05-02,14,3
S01356,P00778,2026-05-07,73,14
S01357,P00778,2026-05-12,66,13
S01358,P00779,2026-05-16,32,9
S01359,P00779,2026-05-14,27,0
S01360,P00780,2026-05-08,21,2
S01361,P00781,2026-05-03,45,5
S01362,P00781,2026-05-07,46,10
S01363,P00782,2026-05-20,52,4
S01364,P00783,2026-05-02,67,13
S01365,P00783,2026-05-11,29,2
S01366,P00784,2026-05-07,46,12
S01367,P00784,2026-05-26,25,4
S01368,P00785,2026-05-03,29,13
S01369,P00786,2026-05-02,34,10
S01370,P00787,2026-05-20,59,6
S01371,P00787,2026-05-01,21,4
S01372,P00788,2026-05-14,38,4
S01373,P00788,2026-05-09,23,4
S01374,P00789,2026-05-26,66,8
S01375,P00789,2026-05-22,61,15
S01376,P00790,2026-05-16,64,7
S01377,P00790,2026-05-15,64,6
S01378,P00791,2026-05-19,57,3
S01379,P00791,2026-05-25,29,7
S01380,P00792,2026-05-01,20,15
S01381,P00793,2026-05-09,19,1
S01382,P00794,2026-05-21,21,10
S01383,P00794,2026-05-21,55,8
S01384,P00795,2026-05-05,62,13
S01385,P00796,2026-05-26,47,6
S01386,P00796,2026-05-12,39,10
S01387,P00797,2026-05-06,10,0
S01388,P00797,2026-05-09,42,0
S01389,P00798,2026-05-15,14,7
S01390,P00798,2026-05-25,35,9
S01391,P00799,2026-05-09,64,10
S01392,P00800,2026-05-16,58,14
S01393,P00800,2026-05-03,21,1
S01394,P00801,2026-05-05,60,15
S01395,P00801,2026-05-01,36,5
S01396,P00802,2026-05-22,26,15
S01397,P00803,2026-05-02,22,0
S01398,P00803,2026-05-24,69,10
S01399,P00804,2026-05-16,20,1
S01400,P00805,2026-05-15,24,6
S01401,P00805,2026-05-07,8,3
S01402,P00806,2026-05-06,39,12
S01403,P00806,2026-05-13,67,8
S01404,P00807,2026-05-12,31,11
S01405,P00807,2026-05-13,8,3
S01406,P00808,2026-05-07,22,11
S01407,P00808,2026-05-13,31,11
S01408,P00809,2026-05-16,59,12
S01409,P00809,2026-05-04,34,9
S01410,P00810,2026-05-07,11,1
S01411,P00811,2026-05-02,13,0
S01412,P00811,2026-05-07,25,2
S01413,P00812,2026-05-19,60,10
S01414,P00812,2026-05-19,23,5
S01415,P00813,2026-05-01,49,14
S01416,P00813,2026-05-14,34,14
S01417,P00814,2026-05-20,61,10
S01418,P00815,2026-05-02,58,4
S01419,P00815,2026-05-23,18,5
S01420,P00816,2026-05-23,35,8
S01421,P00817,2026-05-07,52,5
S01422,P00817,2026-05-17,11,1
S01423,P00817,2026-05-10,59,14
S01424,P00818,2026-05-03,22,0
S01425,P00818,2026-05-18,64,14
S01426,P00819,2026-05-23,33,10
S01427,P00819,2026-05-19,35,12
S01428,P00820,2026-05-18,45,4
S01429,P00820,2026-05-20,23,3
S01430,P00820,2026-05-18,23,13
S01431,P00821,2026-05-08,30,11
S01432,P00822,2026-05-10,19,8
S01433,P00822,2026-05-13,19,11
S01434,P00823,2026-05-09,36,8
S01435,P00824,2026-05-10,59,12
S01436,P00824,2026-05-17,17,3
S01437,P00824,2026-05-01,43,8
S01438,P00825,2026-05-12,63,15
S01439,P00825,2026-05-02,45,5
S01440,P00826,2026-05-05,17,4
S01441,P00827,2026-05-03,60,15
S01442,P00827,2026-05-15,48,3
S01443,P00828,2026-05-14,34,0
S01444,P00828,2026-05-22,69,11
S01445,P00829,2026-05-02,62,6
S01446,P00829,2026-05-09,48,13
S01447,P00830,2026-05-17,62,10
S01448,P00831,2026-05-01,67,8
S01449,P00832,2026-05-10,40,3
S01450,P00832,2026-05-18,63,5
S01451,P00833,2026-05-18,56,14
S01452,P00834,2026-05-22,58,12
S01453,P00834,2026-05-22,21,4
S01454,P00835,2026-05-15,52,15
S01455,P00835,2026-05-25,23,1
S01456,P00836,2026-05-24,21,7
S01457,P00836,2026-05-06,46,14
S01458,P00836,2026-05-14,38,10
S01459,P00837,2026-05-08,64,12
S01460,P00837,2026-05-26,35,10
S01461,P00838,2026-05-22,32,3
S01462,P00839,2026-05-13,17,12
S01463,P00839,2026-05-20,20,2
S01464,P00839,2026-05-25,59,7
S01465,P00840,2026-05-18,21,15
S01466,P00840,2026-05-12,59,7
S01467,P00840,2026-05-13,32,3
S01468,P00841,2026-05-20,47,13
S01469,P00841,2026-05-04,60,15
S01470,P00842,2026-05-03,37,4
S01471,P00843,2026-05-24,68,9
S01472,P00844,2026-05-21,55,4
S01473,P00844,2026-05-11,37,13
S01474,P00845,2026-05-13,51,11
S01475,P00845,2026-05-05,20,14
S01476,P00846,2026-05-17,40,6
S01477,P00846,2026-05-08,65,9
S01478,P00847,2026-05-03,63,13
S01479,P00847,2026-05-03,53,12
S01480,P00847,2026-05-11,46,4
S01481,P00848,2026-05-17,62,9
S01482,P00849,2026-05-13,34,4
S01483,P00849,2026-05-14,47,4
S01484,P00850,2026-05-03,19,3
S01485,P00850,2026-05-08,53,4
S01486,P00851,2026-05-11,15,9
S01487,P00852,2026-05-18,10,4
S01488,P00853,2026-05-06,46,0
S01489,P00853,2026-05-05,35,3
S01490,P00854,2026-05-25,21,9
S01491,P00854,2026-05-11,19,4
S01492,P00855,2026-05-07,42,7
S01493,P00855,2026-05-03,30,8
S01494,P00856,2026-05-19,29,8
S01495,P00856,2026-05-14,23,0
S01496,P00857,2026-05-03,22,4
S01497,P00857,2026-05-23,24,5
S01498,P00858,2026-05-18,64,13
S01499,P00858,2026-05-12,47,2
S01500,P00859,2026-05-02,34,12
S01501,P00859,2026-05-04,63,12
S01502,P00860,2026-05-16,36,0
S01503,P00860,2026-05-14,31,6
S01504,P00861,2026-05-14,20,2
S01505,P00862,2026-05-12,55,0
S01506,P00862,2026-05-17,24,0
S01507,P00863,2026-05-26,55,12
S01508,P00863,2026-05-02,14,0
S01509,P00864,2026-05-04,37,6
S01510,P00865,2026-05-26,39,2
S01511,P00865,2026-05-04,30,12
S01512,P00866,2026-05-16,37,1
S01513,P00866,2026-05-13,63,13
S01514,P00867,2026-05-12,53,6
S01515,P00867,2026-05-18,26,4
S01516,P00868,2026-05-03,66,9
S01517,P00869,2026-05-01,16,6
S01518,P00869,2026-05-22,48,15
S01519,P00870,2026-05-20,50,0
S01520,P00870,2026-05-01,29,10
S01521,P00871,2026-05-20,59,5
S01522,P00871,2026-05-24,34,6
S01523,P00871,2026-05-26,50,3
S01524,P00872,2026-05-25,68,14
S01525,P00872,2026-05-14,22,15
S01526,P00873,2026-05-16,31,12
S01527,P00873,2026-05-24,44,14
S01528,P00874,2026-05-03,41,11
S01529,P00875,2026-05-19,16,2
S01530,P00876,2026-05-12,37,6
S01531,P00877,2026-05-18,20,14
S01532,P00877,2026-05-14,37,0
S01533,P00878,2026-05-18,44,4
S01534,P00879,2026-05-21,45,14
S01535,P00880,2026-05-23,30,8
S01536,P00880,2026-05-25,57,7
S01537,P00881,2026-05-18,28,6
S01538,P00882,2026-05-04,54,2
S01539,P00882,2026-05-15,65,12
S01540,P00883,2026-05-24,22,10
S01541,P00883,2026-05-10,15,9
S01542,P00884,2026-05-04,16,9
S01543,P00884,2026-05-04,22,3
S01544,P00885,2026-05-25,26,8
S01545,P00886,2026-05-26,43,14
S01546,P00887,2026-05-01,14,5
S01547,P00888,2026-05-05,33,10
S01548,P00888,2026-05-09,69,15
S01549,P00889,2026-05-22,28,8
S01550,P00889,2026-05-07,40,2
S01551,P00890,2026-05-26,36,12
S01552,P00890,2026-05-04,67,13
S01553,P00890,2026-05-14,52,13
S01554,P00891,2026-05-24,29,13
S01555,P00891,2026-05-11,26,4
S01556,P00892,2026-05-12,21,8
S01557,P00892,2026-05-19,70,13
S01558,P00893,2026-05-15,41,9
S01559,P00893,2026-05-05,59,12
S01560,P00894,2026-05-05,31,5
S01561,P00895,2026-05-06,64,9
S01562,P00895,2026-05-20,22,5
S01563,P00896,2026-05-17,21,2
S01564,P00896,2026-05-01,30,15
S01565,P00897,2026-05-26,31,6
S01566,P00897,2026-05-06,56,8
S01567,P00898,2026-05-26,12,5
S01568,P00899,2026-05-17,31,6
S01569,P00899,2026-05-11,63,4
S01570,P00900,2026-05-22,14,1
S01571,P00901,2026-05-05,32,6
S01572,P00902,2026-05-18,49,10
S01573,P00903,2026-05-20,66,8
S01574,P00903,2026-05-26,29,9
S01575,P00904,2026-05-11,61,13
S01576,P00905,2026-05-19,53,9
S01577,P00905,2026-05-21,62,13
S01578,P00906,2026-05-05,34,1
S01579,P00906,2026-05-12,60,7
S01580,P00907,2026-05-14,63,10
S01581,P00908,2026-05-11,40,6
S01582,P00908,2026-05-08,59,12
S01583,P00908,2026-05-21,62,4
S01584,P00909,2026-05-17,40,6
S01585,P00909,2026-05-24,53,1
S01586,P00910,2026-05-23,65,10
S01587,P00910,2026-05-16,37,3
S01588,P00911,2026-05-24,55,4
S01589,P00911,2026-05-09,43,6
S01590,P00912,2026-05-02,46,8
S01591,P00912,2026-05-09,53,6
S01592,P00913,2026-05-10,45,15
S01593,P00913,2026-05-05,15,4
S01594,P00914,2026-05-19,48,0
S01595,P00914,2026-05-13,32,6
S01596,P00915,2026-05-07,56,4
S01597,P00915,2026-05-12,43,11
S01598,P00916,2026-05-04,67,7
S01599,P00916,2026-05-08,42,10
S01600,P00917,2026-05-19,58,13
S01601,P00917,2026-05-05,46,8
S01602,P00918,2026-05-09,50,0
S01603,P00918,2026-05-20,12,0
S01604,P00919,2026-05-10,32,10
S01605,P00919,2026-05-15,24,4
S01606,P00920,2026-05-07,59,2
S01607,P00920,2026-05-09,36,2
S01608,P00921,2026-05-13,16,5
S01609,P00922,2026-05-01,27,7
S01610,P00922,2026-05-26,43,0
S01611,P00923,2026-05-20,26,9
S01612,P00924,2026-05-04,63,11
S01613,P00925,2026-05-06,50,2
S01614,P00925,2026-05-13,52,6
S01615,P00926,2026-05-16,62,7
S01616,P00926,2026-05-21,26,12
S01617,P00927,2026-05-22,39,9
S01618,P00927,2026-05-18,33,15
S01619,P00928,2026-05-23,30,7
S01620,P00928,2026-05-03,42,3
S01621,P00929,2026-05-03,42,6
S01622,P00930,2026-05-11,23,0
S01623,P00930,2026-05-02,52,2
S01624,P00931,2026-05-21,63,9
S01625,P00931,2026-05-01,9,1
S01626,P00932,2026-05-26,66,6
S01627,P00933,2026-05-26,35,12
S01628,P00933,2026-05-22,40,10
S01629,P00934,2026-05-20,21,7
S01630,P00934,2026-05-17,49,0
S01631,P00935,2026-05-05,15,5
S01632,P00935,2026-05-02,6,0
S01633,P00936,2026-05-14,59,14
S01634,P00936,2026-05-24,26,12
S01635,P00937,2026-05-11,61,4
S01636,P00937,2026-05-26,35,0
S01637,P00938,2026-05-04,43,6
S01638,P00938,2026-05-08,50,3
S01639,P00939,2026-05-07,33,14
S01640,P00939,2026-05-05,25,6
S01641,P00940,2026-05-24,16,1
S01642,P00940,2026-05-11,57,9
S01643,P00941,2026-05-02,54,8
S01644,P00942,2026-05-13,24,5
S01645,P00942,2026-05-12,36,10
S01646,P00943,2026-05-10,46,3
S01647,P00943,2026-05-17,64,5
S01648,P00944,2026-05-21,45,8
S01649,P00945,2026-05-23,51,1
S01650,P00945,2026-05-18,39,15
S01651,P00946,2026-05-10,68,11
S01652,P00946,2026-05-11,38,0
S01653,P00947,2026-05-12,14,2
S01654,P00947,2026-05-18,55,11
S01655,P00947,2026-05-15,35,8
S01656,P00948,2026-05-12,47,6
S01657,P00948,2026-05-12,47,6
S01658,P00949,2026-05-21,32,15
S01659,P00949,2026-05-21,63,14
S01660,P00950,2026-05-14,50,7
S01661,P00950,2026-05-07,53,5
S01662,P00951,2026-05-22,52,1
S01663,P00951,2026-05-04,63,10
S01664,P00952,2026-05-20,38,6
S01665,P00953,2026-05-09,49,3
S01666,P00953,2026-05-22,31,0
S01667,P00954,2026-05-24,72,15
S01668,P00954,2026-05-20,17,3
S01669,P00955,2026-05-22,48,11
S01670,P00955,2026-05-17,11,0
S01671,P00956,2026-05-26,22,14
S01672,P00956,2026-05-24,7,0
S01673,P00957,2026-05-24,18,4
S01674,P00958,2026-05-16,40,4
S01675,P00958,2026-05-07,57,8
S01676,P00959,2026-05-14,11,2
S01677,P00959,2026-05-07,64,11
S01678,P00960,2026-05-06,21,14
S01679,P00960,2026-05-06,36,3
S01680,P00961,2026-05-13,26,10
S01681,P00961,2026-05-11,67,8
S01682,P00962,2026-05-09,30,13
S01683,P00962,2026-05-26,21,13
S01684,P00963,2026-05-06,23,2
S01685,P00963,2026-05-12,72,14
S01686,P00964,2026-05-07,58,6
S01687,P00964,2026-05-20,65,5
S01688,P00965,2026-05-21,30,2
S01689,P00966,2026-05-01,46,1
S01690,P00966,2026-05-15,29,2
S01691,P00967,2026-05-03,55,15
S01692,P00968,2026-05-13,30,12
S01693,P00968,2026-05-07,40,13
S01694,P00969,2026-05-10,54,2
S01695,P00969,2026-05-10,21,4
S01696,P00970,2026-05-03,17,2
S01697,P00971,2026-05-02,73,13
S01698,P00971,2026-05-08,67,8
S01699,P00972,2026-05-07,33,14
S01700,P00972,2026-05-16,20,6
S01701,P00973,2026-05-25,73,14
S01702,P00974,2026-05-12,19,1
S01703,P00974,2026-05-21,13,0
S01704,P00975,2026-05-15,52,9
S01705,P00976,2026-05-26,15,1
S01706,P00976,2026-05-21,65,14
S01707,P00976,2026-05-17,60,8
S01708,P00977,2026-05-11,54,10
S01709,P00977,2026-05-14,21,10
S01710,P00978,2026-05-15,18,7
S01711,P00979,2026-05-06,15,9
S01712,P00979,2026-05-24,13,7
S01713,P00980,2026-05-05,58,14
S01714,P00980,2026-05-01,24,3
S01715,P00981,2026-05-10,21,8
S01716,P00982,2026-05-17,53,9
S01717,P00982,2026-05-11,27,11
S01718,P00983,2026-05-03,42,14
S01719,P00983,2026-05-09,70,15
S01720,P00984,2026-05-24,60,7
S01721,P00985,2026-05-26,13,5
S01722,P00985,2026-05-19,13,2
S01723,P00986,2026-05-15,35,8
S01724,P00987,2026-05-01,36,13
S01725,P00987,2026-05-09,75,15
S01726,P00988,2026-05-05,33,6
S01727,P00989,2026-05-08,41,15
S01728,P00989,2026-05-02,67,13
S01729,P00990,2026-05-16,39,3
S01730,P00991,2026-05-04,17,2
S01731,P00991,2026-05-24,50,6
S01732,P00992,2026-05-06,52,12
S01733,P00993,2026-05-21,54,0
S01734,P00994,2026-05-20,65,14
S01735,P00994,2026-05-01,54,14
S01736,P00995,2026-05-22,74,15
S01737,P00995,2026-05-17,24,9
S01738,P00995,2026-05-26,11,3
S01739,P00996,2026-05-03,42,15
S01740,P00996,2026-05-10,57,8
S01741,P00997,2026-05-09,66,15
S01742,P00997,2026-05-11,51,4
S01743,P00998,2026-05-22,46,1
S01744,P00998,2026-05-10,34,3
S01745,P00999,2026-05-02,24,10
S01746,P00999,2026-05-14,25,11
S01747,P01000,2026-05-13,60,6
S01748,P01000,2026-05-20,23,11
S01749,P01001,2026-05-16,28,11
S01750,P01001,2026-05-09,54,9
S01751,P01002,2026-05-07,29,15
S01752,P01003,2026-05-06,46,3
S01753,P01003,2026-05-22,43,1
S01754,P01004,2026-05-19,30,7
S01755,P01004,2026-05-08,19,6
S01756,P01005,2026-05-21,39,3
S01757,P01005,2026-05-23,11,5
S01758,P01005,2026-05-08,51,13
S01759,P01006,2026-05-15,33,6
S01760,P01006,2026-05-03,60,0
S01761,P01007,2026-05-24,67,9
S01762,P01007,2026-05-02,53,3
S01763,P01008,2026-05-03,36,14
S01764,P01008,2026-05-12,19,2
S01765,P01009,2026-05-13,19,1
S01766,P01009,2026-05-01,60,13
S01767,P01010,2026-05-24,22,1
S01768,P01011,2026-05-07,23,5
S01769,P01011,2026-05-26,23,11
S01770,P01012,2026-05-23,56,14
S01771,P01013,2026-05-11,41,14
S01772,P01014,2026-05-03,61,6
S01773,P01014,2026-05-06,26,7
S01774,P01015,2026-05-16,38,13
S01775,P01015,2026-05-13,21,9
S01776,P01016,2026-05-13,67,10
S01777,P01016,2026-05-20,67,11
S01778,P01017,2026-05-07,31,15
S01779,P01017,2026-05-20,24,3
S01780,P01018,2026-05-06,16,1
S01781,P01019,2026-05-20,36,13
S01782,P01019,2026-05-13,68,9
S01783,P01020,2026-05-15,28,13
S01784,P01021,2026-05-02,37,14
S01785,P01021,2026-05-20,55,13
S01786,P01022,2026-05-08,55,13
S01787,P01022,2026-05-10,16,3
S01788,P01023,2026-05-01,16,11
S01789,P01023,2026-05-20,19,8
S01790,P01024,2026-05-22,59,1
S01791,P01024,2026-05-02,45,4
S01792,P01025,2026-05-22,37,1
S01793,P01025,2026-05-02,58,2
S01794,P01026,2026-05-04,37,9
S01795,P01027,2026-05-11,35,8
S01796,P01027,2026-05-10,49,4
S01797,P01028,2026-05-14,15,1
S01798,P01028,2026-05-21,43,14
S01799,P01029,2026-05-06,35,7
S01800,P01029,2026-05-21,54,9
S01801,P01029,2026-05-06,24,7
S01802,P01030,2026-05-03,26,1
S01803,P01030,2026-05-04,23,10
S01804,P01031,2026-05-02,24,8
S01805,P01031,2026-05-11,23,13
S01806,P01032,2026-05-08,48,8
S01807,P01032,2026-05-19,67,11
S01808,P01033,2026-05-05,19,14
S01809,P01034,2026-05-14,17,9
S01810,P01035,2026-05-20,26,3
S01811,P01035,2026-05-04,52,14
S01812,P01036,2026-05-05,34,9
S01813,P01036,2026-05-24,43,6
S01814,P01037,2026-05-05,28,14
S01815,P01037,2026-05-23,7,0
S01816,P01038,2026-05-04,11,2
S01817,P01038,2026-05-21,47,10
S01818,P01039,2026-05-06,29,2
S01819,P01039,2026-05-23,31,11
S01820,P01040,2026-05-04,32,15
S01821,P01040,2026-05-02,30,0
S01822,P01041,2026-05-02,56,13
S01823,P01041,2026-05-18,60,5
S01824,P01042,2026-05-09,54,6
S01825,P01042,2026-05-16,68,14
S01826,P01043,2026-05-20,59,3
S01827,P01043,2026-05-10,44,12
S01828,P01044,2026-05-08,13,0
S01829,P01044,2026-05-13,55,12
S01830,P01045,2026-05-11,17,0
S01831,P01045,2026-05-12,57,5
S01832,P01046,2026-05-07,28,1
S01833,P01046,2026-05-16,56,11
S01834,P01047,2026-05-25,31,2
S01835,P01048,2026-05-07,38,1
S01836,P01049,2026-05-03,44,14
S01837,P01049,2026-05-10,63,7
S01838,P01050,2026-05-20,63,8
S01839,P01051,2026-05-22,39,7
S01840,P01051,2026-05-03,54,9
S01841,P01052,2026-05-15,61,8
S01842,P01052,2026-05-23,13,5
S01843,P01053,2026-05-15,59,3
S01844,P01054,2026-05-16,33,7
S01845,P01055,2026-05-25,36,5
S01846,P01055,2026-05-25,39,6
S01847,P01056,2026-05-18,33,1
S01848,P01056,2026-05-08,20,14
S01849,P01057,2026-05-01,21,15
S01850,P01058,2026-05-25,19,2
S01851,P01058,2026-05-21,50,14
S01852,P01059,2026-05-14,69,9
S01853,P01059,2026-05-16,8,3
S01854,P01060,2026-05-15,66,15
S01855,P01060,2026-05-14,60,4
S01856,P01061,2026-05-17,38,15
S01857,P01061,2026-05-25,37,15
S01858,P01062,2026-05-13,28,6
S01859,P01062,2026-05-23,24,11
S01860,P01063,2026-05-03,12,5
S01861,P01063,2026-05-06,42,13
S01862,P01064,2026-05-17,45,13
S01863,P01065,2026-05-01,21,3
S01864,P01065,2026-05-23,48,9
S01865,P01066,2026-05-03,70,13
S01866,P01066,2026-05-11,62,9
S01867,P01067,2026-05-21,23,11
S01868,P01068,2026-05-24,50,15
S01869,P01068,2026-05-19,23,0
S01870,P01069,2026-05-16,13,7
S01871,P01070,2026-05-03,65,10
S01872,P01070,2026-05-03,17,12
S01873,P01071,2026-05-05,18,11
S01874,P01071,2026-05-07,9,0
S01875,P01072,2026-05-19,53,5
S01876,P01072,2026-05-26,63,9
S01877,P01073,2026-05-19,44,11
S01878,P01073,2026-05-02,52,6
S01879,P01074,2026-05-13,22,1
S01880,P01074,2026-05-19,42,13
S01881,P01075,2026-05-18,15,9
S01882,P01076,2026-05-03,9,4
S01883,P01076,2026-05-14,57,5
S01884,P01077,2026-05-23,18,7
S01885,P01077,2026-05-17,69,14
S01886,P01078,2026-05-03,39,5
S01887,P01079,2026-05-07,66,10
S01888,P01080,2026-05-16,61,8
S01889,P01081,2026-05-20,30,9
S01890,P01082,2026-05-26,29,0
S01891,P01082,2026-05-07,12,6
S01892,P01083,2026-05-05,25,9
S01893,P01083,2026-05-14,33,14
S01894,P01084,2026-05-20,27,5
S01895,P01084,2026-05-22,24,9
S01896,P01085,2026-05-08,53,11
S01897,P01086,2026-05-12,48,8
S01898,P01086,2026-05-05,35,2
S01899,P01087,2026-05-07,44,0
S01900,P01087,2026-05-24,28,8
S01901,P01088,2026-05-14,43,0
S01902,P01088,2026-05-14,23,0
S01903,P01089,2026-05-21,32,3
S01904,P01090,2026-05-03,25,4
S01905,P01090,2026-05-22,51,5
S01906,P01091,2026-05-20,26,13
S01907,P01092,2026-05-02,52,0
S01908,P01092,2026-05-25,46,11
S01909,P01093,2026-05-07,64,13
S01910,P01093,2026-05-25,52,11
S01911,P01094,2026-05-20,54,5
S01912,P01095,2026-05-14,39,10
S01913,P01095,2026-05-18,57,5
S01914,P01096,2026-05-17,7,1
S01915,P01097,2026-05-26,47,14
S01916,P01098,2026-05-07,19,14
S01917,P01098,2026-05-22,41,4
S01918,P01099,2026-05-22,20,6
S01919,P01099,2026-05-12,11,6
S01920,P01100,2026-05-10,23,4
S01921,P01100,2026-05-19,16,0
S01922,P01101,2026-05-04,40,2
S01923,P01102,2026-05-25,22,4
S01924,P01102,2026-05-08,71,11
S01925,P01103,2026-05-07,59,5
S01926,P01103,2026-05-10,52,14
S01927,P01104,2026-05-17,33,10
S01928,P01105,2026-05-25,40,12
S01929,P01105,2026-05-10,13,7
S01930,P01106,2026-05-14,16,7
S01931,P01106,2026-05-24,13,2
S01932,P01107,2026-05-15,52,8
S01933,P01108,2026-05-03,31,6
S01934,P01109,2026-05-06,10,4
S01935,P01110,2026-05-10,42,12
S01936,P01110,2026-05-14,66,11
S01937,P01111,2026-05-10,51,5
S01938,P01111,2026-05-24,66,9
S01939,P01112,2026-05-15,46,8
S01940,P01112,2026-05-25,34,11
S01941,P01113,2026-05-11,20,9
S01942,P01113,2026-05-22,14,7
S01943,P01114,2026-05-26,14,9
S01944,P01115,2026-05-01,50,10
S01945,P01115,2026-05-22,62,4
S01946,P01116,2026-05-20,65,7
S01947,P01117,2026-05-13,25,10
S01948,P01117,2026-05-26,65,11
S01949,P01117,2026-05-11,45,4
S01950,P01118,2026-05-19,61,8
S01951,P01118,2026-05-04,26,7
S01952,P01119,2026-05-05,40,7
S01953,P01120,2026-05-08,42,14
S01954,P01120,2026-05-03,22,3
S01955,P01121,2026-05-19,58,7
S01956,P01121,2026-05-09,30,10
S01957,P01122,2026-05-22,45,5
S01958,P01122,2026-05-06,58,15
S01959,P01123,2026-05-08,60,0
S01960,P01123,2026-05-21,60,2
S01961,P01124,2026-05-10,5,0
S01962,P01124,2026-05-11,67,15
S01963,P01125,2026-05-03,38,10
S01964,P01125,2026-05-19,49,5
S01965,P01126,2026-05-03,21,11
S01966,P01126,2026-05-23,51,9
S01967,P01127,2026-05-26,21,4
S01968,P01127,2026-05-25,24,2
S01969,P01127,2026-05-02,63,13
S01970,P01128,2026-05-17,36,7
S01971,P01128,2026-05-04,25,11
S01972,P01129,2026-05-04,6,0
S01973,P01130,2026-05-22,21,12
S01974,P01130,2026-05-08,29,15
S01975,P01131,2026-05-07,59,3
S01976,P01132,2026-05-24,32,14
S01977,P01132,2026-05-18,28,8
S01978,P01133,2026-05-18,46,3
S01979,P01134,2026-05-09,57,13
S01980,P01134,2026-05-17,59,9
S01981,P01135,2026-05-02,11,5
S01982,P01135,2026-05-20,57,2
S01983,P01136,2026-05-19,8,2
S01984,P01137,2026-05-13,17,10
S01985,P01137,2026-05-05,26,10
S01986,P01138,2026-05-26,18,6
S01987,P01138,2026-05-15,59,11
S01988,P01139,2026-05-19,49,2
S01989,P01140,2026-05-02,58,1
S01990,P01141,2026-05-07,18,3
S01991,P01141,2026-05-01,21,11
S01992,P01142,2026-05-13,48,8
S01993,P01142,2026-05-19,21,15
S01994,P01143,2026-05-14,23,14
S01995,P01144,2026-05-17,38,1
S01996,P01144,2026-05-16,62,5
S01997,P01145,2026-05-22,33,15
S01998,P01145,2026-05-01,15,10
S01999,P01146,2026-05-18,71,13
S02000,P01146,2026-05-12,55,5
S02001,P01147,2026-05-02,44,3
S02002,P01147,2026-05-11,63,14
S02003,P01148,2026-05-16,23,10
S02004,P01148,2026-05-16,57,5
S02005,P01149,2026-05-10,32,15
S02006,P01149,2026-05-19,43,9
S02007,P01150,2026-05-15,42,15
S02008,P01151,2026-05-24,58,13
S02009,P01151,2026-05-06,22,8
S02010,P01152,2026-05-20,48,7
S02011,P01153,2026-05-25,34,3
S02012,P01153,2026-05-26,25,6
S02013,P01154,2026-05-21,22,4
S02014,P01155,2026-05-23,16,5
S02015,P01155,2026-05-16,24,2
S02016,P01156,2026-05-22,27,8
S02017,P01156,2026-05-22,16,3
S02018,P01157,2026-05-10,32,5
S02019,P01158,2026-05-20,27,13
S02020,P01158,2026-05-14,47,6
S02021,P01159,2026-05-11,18,10
S02022,P01160,2026-05-08,16,10
S02023,P01160,2026-05-03,74,15
S02024,P01161,2026-05-07,58,7
S02025,P01162,2026-05-14,65,15
S02026,P01163,2026-05-19,10,1
S02027,P01163,2026-05-20,27,11
S02028,P01164,2026-05-10,22,8
S02029,P01165,2026-05-04,49,11
S02030,P01166,2026-05-03,67,11
S02031,P01166,2026-05-03,60,7
S02032,P01167,2026-05-07,28,12
S02033,P01168,2026-05-21,24,9
S02034,P01168,2026-05-25,52,4
S02035,P01169,2026-05-22,53,13
S02036,P01169,2026-05-19,17,11
S02037,P01169,2026-05-02,11,0
S02038,P01170,2026-05-26,66,7
S02039,P01171,2026-05-19,23,15
S02040,P01172,2026-05-02,52,3
S02041,P01172,2026-05-06,38,15
S02042,P01173,2026-05-14,13,1
S02043,P01173,2026-05-20,70,15
S02044,P01174,2026-05-08,61,8
S02045,P01174,2026-05-06,44,12
S02046,P01175,2026-05-06,59,11
S02047,P01176,2026-05-24,24,15
S02048,P01176,2026-05-16,32,6
S02049,P01177,2026-05-21,20,7
S02050,P01177,2026-05-11,59,5
S02051,P01178,2026-05-05,33,6
S02052,P01178,2026-05-12,17,0
S02053,P01179,2026-05-15,36,8
S02054,P01180,2026-05-11,33,15
S02055,P01180,2026-05-07,15,6
S02056,P01181,2026-05-20,9,1
S02057,P01181,2026-05-21,34,11
S02058,P01182,2026-05-25,36,11
S02059,P01183,2026-05-12,35,4
S02060,P01184,2026-05-18,62,15
S02061,P01185,2026-05-14,34,4
S02062,P01185,2026-05-26,59,15
S02063,P01186,2026-05-10,49,7
S02064,P01186,2026-05-09,32,12
S02065,P01187,2026-05-24,22,8
S02066,P01187,2026-05-11,25,0
S02067,P01187,2026-05-13,22,2
S02068,P01188,2026-05-10,43,10
S02069,P01188,2026-05-03,18,8
S02070,P01189,2026-05-13,19,6
S02071,P01189,2026-05-21,41,4
S02072,P01190,2026-05-17,60,10
S02073,P01190,2026-05-19,45,11
S02074,P01191,2026-05-14,23,2
S02075,P01191,2026-05-26,39,15
S02076,P01192,2026-05-03,26,15
S02077,P01192,2026-05-16,50,1
S02078,P01192,2026-05-04,46,10
S02079,P01193,2026-05-07,15,3
S02080,P01193,2026-05-22,63,11
S02081,P01194,2026-05-06,30,9
S02082,P01195,2026-05-14,64,12
S02083,P01195,2026-05-15,56,10
S02084,P01196,2026-05-21,60,10
S02085,P01196,2026-05-17,71,15
S02086,P01196,2026-05-04,67,13
S02087,P01197,2026-05-04,35,8
S02088,P01197,2026-05-21,61,11
S02089,P01198,2026-05-16,53,7
S02090,P01198,2026-05-15,21,9
S02091,P01199,2026-05-09,67,7
S02092,P01199,2026-05-05,58,6
S02093,P01200,2026-05-01,34,8
S09001,P00005,2026-05-16,4,30
S09002,P00006,2026-05-16,3,25
S09003,P00001,2026-05-16,6,40
