order_id,product_id,quantity,sales_amount
O00001,P00836,1,638.76
O00001,P00844,1,183.11
O00001,P00086,3,501.57
O00002,P00539,1,353.93
O00002,P00067,2,1694.70
O00003,P00599,1,555.27
O00004,P00522,1,384.46
O00005,P01019,2,86.18
O00005,P00343,2,113.32
O00005,P00917,1,143.25
O00006,P00863,1,487.61
O00006,P00992,1,819.36
O00006,P00717,1,549.22
O00007,P00031,1,602.12
O00008,P00703,3,2178.93
O00008,P00448,2,392.40
O00009,P00151,1,840.01
O00009,P00333,3,201.03
O00010,P00180,2,490.68
O00011,P00681,1,788.77
O00011,P00856,1,282.23
O00012,P00406,2,950.38
O00012,P00276,2,1253.92
O00012,P01014,3,2408.43
O00013,P00073,2,1476.64
O00013,P00350,1,335.67
O00014,P01144,2,884.78
O00014,P00445,1,692.26
O00015,P01092,3,202.59
O00015,P00092,3,2633.13
O00015,P01124,1,333.12
O00016,P00659,1,588.14
O00017,P00633,1,27.15
O00018,P00407,2,220.60
O00018,P00753,1,728.42
O00019,P00639,3,2426.73
O00019,P00704,2,307.40
O00019,P00992,3,2458.08
O00020,P00456,1,246.52
O00021,P00226,1,27.80
O00021,P01138,2,135.58
O00022,P00045,2,1030.98
O00022,P00019,1,462.01
O00022,P00864,3,1912.14
O00023,P00218,2,48.52
O00023,P00423,1,33.73
O00024,P00868,3,453.51
O00025,P00752,1,521.98
O00026,P00047,1,744.65
O00026,P00328,2,1027.54
O00026,P00011,3,181.26
O00027,P00153,2,1343.44
O00028,P00307,2,1085.74
O00029,P01141,1,595.50
O00029,P00323,3,819.69
O00029,P00937,1,750.39
O00030,P00649,2,288.92
O00030,P01085,2,316.34
O00031,P00409,2,375.78
O00031,P00052,2,1183.08
O00032,P00936,3,1404.69
O00032,P00722,3,861.99
O00032,P00574,1,21.91
O00034,P00656,3,2680.47
O00034,P01107,1,180.16
O00035,P01122,1,570.27
O00035,P00637,2,1008.02
O00035,P00642,3,821.40
O00036,P00196,2,736.44
O00036,P00583,1,704.19
O00036,P00512,2,434.50
O00037,P00892,2,411.10
O00038,P00732,3,108.84
O00038,P00351,1,705.33
O00038,P00293,3,1975.59
O00039,P00319,3,2163.27
O00039,P01045,2,1418.60
O00039,P00738,1,95.56
O00040,P00960,3,2376.27
O00040,P00960,3,2376.27
O00041,P00203,2,494.98
O00041,P00109,2,810.48
O00041,P00287,3,2170.20
O00042,P00234,2,469.20
O00043,P00840,2,1697.30
O00043,P00978,3,2552.52
O00043,P00433,3,1378.38
O00044,P00292,1,74.99
O00044,P00029,3,554.70
O00045,P00801,1,62.85
O00045,P01137,1,620.38
O00045,P00425,3,1699.05
O00046,P01064,1,853.79
O00046,P00353,1,590.67
O00047,P00592,2,1540.74
O00047,P00235,2,1224.40
O00047,P00251,3,1725.96
O00048,P00034,2,1098.66
O00048,P00835,2,1329.20
O00049,P00744,2,1002.68
O00049,P00605,3,2356.05
O00050,P00267,1,136.59
O00051,P01097,3,672.96
O00051,P00744,1,501.34
O00052,P00203,1,247.49
O00052,P00078,2,983.54
O00053,P01001,1,693.77
O00053,P00285,3,1885.17
O00054,P00231,2,481.40
O00054,P01048,1,597.73
O00055,P01117,3,576.78
O00055,P00797,1,96.19
O00056,P01026,1,867.77
O00056,P01058,3,1462.41
O00056,P00594,1,707.25
O00057,P00773,3,1830.18
O00058,P00317,2,919.08
O00059,P00508,3,1893.09
O00059,P00575,2,960.62
O00060,P00876,3,2167.80
O00060,P00462,1,254.43
O00061,P00114,2,446.14
O00061,P01126,1,759.39
O00062,P00984,2,1569.86
O00062,P00773,1,610.06
O00062,P00072,2,582.82
O00063,P00410,1,568.55
O00064,P00172,2,1056.22
O00065,P00215,2,572.22
O00065,P00929,2,1023.24
O00065,P00285,3,1885.17
O00066,P00668,1,530.29
O00067,P00321,3,1384.11
O00068,P00353,1,590.67
O00069,P00766,3,915.03
O00070,P01054,2,1464.26
O00070,P00098,1,152.73
O00071,P00181,2,373.04
O00072,P01074,3,480.90
O00072,P00885,1,413.06
O00073,P01020,1,66.69
O00074,P01018,1,744.91
O00075,P00619,2,587.52
O00076,P00294,2,1171.24
O00076,P00719,3,1276.11
O00076,P00733,3,834.60
O00077,P00536,1,671.82
O00077,P00581,2,1531.78
O00078,P00583,2,1408.38
O00078,P00188,1,611.30
O00079,P00197,1,105.82
O00079,P01196,1,193.34
O00080,P00381,3,959.31
O00080,P00484,1,560.58
O00081,P00434,3,508.41
O00081,P00581,3,2297.67
O00081,P01186,1,603.64
O00082,P00684,3,2193.48
O00082,P00563,3,1799.55
O00083,P00717,1,549.22
O00084,P00968,2,1142.56
O00084,P00526,2,455.74
O00084,P00241,3,847.05
O00085,P01011,2,182.94
O00085,P00939,3,1570.29
O00085,P00887,1,338.82
O00086,P00902,1,547.49
O00086,P00392,1,389.05
O00087,P00001,3,41.10
O00088,P00630,2,283.34
O00088,P00048,3,547.95
O00088,P01036,2,383.14
O00089,P00202,2,544.24
O00089,P00406,3,1425.57
O00089,P00083,2,959.32
O00090,P00830,3,1897.02
O00090,P00532,1,276.75
O00091,P00586,3,99.51
O00091,P00152,2,845.66
O00091,P00001,1,13.70
O00092,P01002,1,276.93
O00092,P00225,1,779.02
O00092,P00707,3,322.08
O00093,P00303,3,2024.91
O00093,P00276,1,626.96
O00093,P00205,3,843.30
O00094,P01147,1,117.26
O00095,P00973,3,2442.33
O00095,P00281,3,2684.52
O00096,P00942,2,1749.28
O00097,P00296,1,325.37
O00097,P00733,2,556.40
O00098,P01049,3,394.44
O00098,P00894,2,545.20
O00099,P00970,2,1050.74
O00099,P00198,1,506.16
O00100,P00480,1,581.27
O00100,P00091,1,283.31
O00100,P00226,2,55.60
O00101,P00179,3,378.12
O00102,P00086,1,167.19
O00103,P00456,3,739.56
O00104,P00677,3,1395.96
O00104,P00469,1,340.10
O00105,P01197,3,1257.72
O00105,P00675,2,1572.52
O00106,P01193,1,329.93
O00107,P00456,2,493.04
O00107,P00424,2,1312.56
O00108,P00059,2,1675.32
O00108,P00752,3,1565.94
O00108,P00326,2,1056.80
O00109,P00478,3,289.65
O00109,P00064,2,768.28
O00109,P00489,3,2241.99
O00110,P00152,2,845.66
O00111,P00733,1,278.20
O00112,P00456,2,493.04
O00112,P00463,2,642.98
O00112,P00318,3,2493.03
O00113,P00453,2,115.20
O00113,P00693,1,211.16
O00113,P01089,3,2647.02
O00114,P01031,2,1120.74
O00114,P00587,1,322.87
O00114,P00130,2,1442.98
O00115,P00851,1,622.50
O00116,P00260,3,2348.40
O00116,P00195,3,653.10
O00117,P00513,1,683.67
O00118,P01173,1,722.10
O00118,P00143,1,94.07
O00118,P01123,3,2480.73
O00119,P00104,1,817.20
O00120,P00940,3,683.16
O00120,P00561,2,1252.28
O00120,P01099,3,1956.36
O00121,P00967,3,2347.08
O00121,P00616,2,957.60
O00122,P00081,3,1586.46
O00123,P00337,1,888.12
O00123,P00664,1,168.32
O00123,P00932,1,175.85
O00124,P00209,1,178.05
O00124,P00517,2,295.50
O00124,P00255,1,150.21
O00125,P01150,1,661.15
O00125,P00034,1,549.33
O00126,P00277,1,320.54
O00127,P00857,2,124.50
O00127,P00529,2,1173.10
O00127,P00083,2,959.32
O00128,P00745,2,955.12
O00128,P00226,1,27.80
O00129,P00034,1,549.33
O00129,P01088,2,644.44
O00130,P00392,3,1167.15
O00130,P00861,2,521.80
O00130,P00945,1,529.62
O00131,P00908,1,718.11
O00131,P01059,2,1454.54
O00131,P01001,3,2081.31
O00132,P00232,2,1138.74
O00133,P00443,2,322.20
O00133,P00358,3,2578.17
O00134,P00268,2,886.48
O00134,P00702,1,279.00
O00134,P00369,1,263.64
O00135,P00099,3,1461.72
O00136,P00652,2,54.46
O00136,P00885,2,826.12
O00137,P00614,1,478.96
O00138,P00995,2,332.84
O00138,P00052,3,1774.62
O00138,P00097,2,1461.60
O00139,P00075,1,736.17
O00139,P00084,1,395.67
O00139,P00976,2,1533.34
O00140,P00308,1,336.43
O00141,P00191,3,1284.30
O00142,P01013,2,1669.38
O00142,P00363,3,1837.80
O00142,P00706,3,1853.73
O00143,P00696,2,415.80
O00143,P00807,2,361.40
O00143,P00176,2,322.24
O00144,P00764,1,567.32
O00145,P01141,1,595.50
O00145,P00840,1,848.65
O00145,P00812,1,601.88
O00146,P00048,1,182.65
O00146,P00120,3,1899.84
O00146,P01036,3,574.71
O00147,P00639,1,808.91
O00147,P00762,3,261.36
O00147,P00044,1,890.99
O00148,P01178,3,707.70
O00148,P00951,2,873.84
O00149,P00700,1,635.96
O00150,P00425,3,1699.05
O00150,P00409,3,563.67
O00150,P00003,1,559.27
O00151,P00533,2,1551.38
O00151,P00921,1,286.68
O00151,P00610,3,1515.24
O00152,P00901,1,602.49
O00152,P00650,1,523.70
O00152,P00938,1,714.58
O00153,P00362,2,606.84
O00153,P00106,2,1728.76
O00154,P01158,3,1981.32
O00155,P00853,3,203.79
O00155,P00936,2,936.46
O00155,P01177,2,192.18
O00156,P00579,2,1347.54
O00157,P00365,2,1404.94
O00157,P00201,2,1638.56
O00157,P00701,3,1483.83
O00158,P00696,3,623.70
O00159,P00603,1,194.13
O00159,P00103,3,1721.82
O00160,P00029,2,369.80
O00160,P01167,3,1956.66
O00161,P00876,3,2167.80
O00161,P01057,3,2054.07
O00162,P01056,3,1003.80
O00162,P00935,2,564.22
O00163,P00122,1,184.16
O00163,P00825,1,412.62
O00164,P00228,2,109.90
O00164,P00611,1,674.52
O00165,P00141,2,139.00
O00166,P00125,2,1210.18
O00167,P00959,2,177.58
O00168,P00414,3,656.25
O00168,P00061,2,826.96
O00169,P00230,2,1336.22
O00169,P01143,1,824.56
O00169,P00866,2,899.02
O00170,P00294,2,1171.24
O00170,P00838,1,207.32
O00170,P00398,2,1535.20
O00171,P00594,1,707.25
O00172,P00419,1,298.46
O00173,P00370,1,87.18
O00173,P00283,1,880.53
O00174,P00846,3,911.31
O00174,P00625,2,448.72
O00174,P00042,1,549.70
O00175,P00942,3,2623.92
O00175,P00002,3,2568.15
O00175,P00547,2,419.70
O00176,P00610,1,505.08
O00177,P00366,1,56.12
O00177,P00317,1,459.54
O00178,P00783,2,800.20
O00179,P00298,2,450.08
O00180,P00550,1,248.47
O00181,P00901,3,1807.47
O00182,P00618,3,329.22
O00182,P01127,3,345.54
O00182,P00830,1,632.34
O00183,P00091,2,566.62
O00183,P01058,1,487.47
O00184,P01052,3,561.36
O00185,P00308,1,336.43
O00185,P00646,1,894.69
O00185,P00314,2,1380.16
O00186,P00440,3,985.29
O00186,P00961,1,572.63
O00187,P01087,1,154.38
O00187,P00839,3,2436.24
O00188,P00436,1,204.22
O00189,P00608,3,1197.42
O00189,P00070,1,429.16
O00189,P00754,2,1430.24
O00190,P01046,3,878.25
O00191,P00717,3,1647.66
O00192,P00040,2,956.18
O00192,P00769,1,475.79
O00192,P00966,3,702.57
O00193,P00966,3,702.57
O00193,P00223,2,747.08
O00194,P00216,2,118.94
O00194,P00767,1,816.09
O00194,P00306,1,853.06
O00195,P00725,2,1325.54
O00196,P00368,2,846.68
O00197,P00113,2,767.98
O00197,P00337,3,2664.36
O00198,P01165,3,1924.23
O00199,P00101,3,2387.85
O00200,P00567,2,1166.36
O00200,P00024,1,377.66
O00200,P00431,3,906.15
O00201,P00575,1,480.31
O00202,P00858,1,611.11
O00202,P00686,3,1392.75
O00202,P00983,1,171.70
O00203,P00731,2,440.74
O00203,P00553,2,684.18
O00203,P00640,3,459.03
O00204,P00159,1,560.20
O00205,P00997,2,1659.32
O00205,P00913,1,57.12
O00206,P00326,3,1585.20
O00206,P00166,2,495.68
O00206,P00640,1,153.01
O00207,P00962,1,294.50
O00207,P01068,1,879.70
O00208,P00102,2,621.22
O00208,P00373,3,1282.62
O00209,P00762,1,87.12
O00210,P00796,3,2689.98
O00210,P00157,2,599.24
O00211,P01003,1,747.32
O00212,P00879,2,422.48
O00212,P00733,3,834.60
O00212,P00800,1,841.23
O00213,P00610,2,1010.16
O00213,P00287,2,1446.80
O00213,P00082,3,2687.58
O00214,P01049,3,394.44
O00214,P00484,2,1121.16
O00214,P00617,3,1510.17
O00215,P00046,1,361.41
O00215,P00938,2,1429.16
O00216,P00884,2,226.24
O00216,P00350,2,671.34
O00216,P00608,3,1197.42
O00217,P00812,3,1805.64
O00217,P01090,1,238.99
O00217,P00469,1,340.10
O00218,P00755,1,245.08
O00218,P00272,1,76.30
O00218,P00781,3,1599.06
O00219,P00794,1,62.28
O00219,P00582,3,1970.55
O00220,P00142,2,1174.26
O00221,P00306,2,1706.12
O00221,P00741,2,1628.08
O00222,P00791,1,701.14
O00223,P01127,2,230.36
O00223,P00574,2,43.82
O00224,P00405,1,431.68
O00224,P00116,2,1445.10
O00225,P00203,1,247.49
O00226,P01024,3,1357.53
O00226,P00496,2,1488.24
O00227,P00649,2,288.92
O00227,P00121,1,434.24
O00227,P00987,2,1117.42
O00228,P00222,1,841.50
O00229,P00615,2,396.90
O00229,P00697,3,2384.37
O00230,P00451,3,224.13
O00230,P01071,2,1538.98
O00230,P00514,3,590.28
O00231,P00204,1,716.05
O00232,P01151,1,760.79
O00232,P00185,2,637.82
O00232,P00505,2,90.76
O00233,P00177,3,1595.64
O00233,P00564,3,271.56
O00233,P00233,3,2585.76
O00234,P00992,3,2458.08
O00234,P00927,3,1630.32
O00235,P01135,3,1260.06
O00235,P00037,1,81.91
O00235,P00880,2,1799.72
O00236,P00854,2,102.48
O00236,P00863,2,975.22
O00237,P00607,3,2592.75
O00238,P00267,1,136.59
O00239,P01028,3,1910.52
O00240,P01086,1,825.35
O00240,P00501,2,1587.50
O00240,P01093,1,72.43
O00241,P00463,3,964.47
O00241,P01179,1,496.02
O00241,P00810,2,1196.26
O00242,P00784,1,444.26
O00243,P00037,3,245.73
O00243,P00814,3,1721.25
O00243,P00208,2,353.12
O00244,P00477,1,810.66
O00244,P00996,3,2116.41
O00244,P00252,1,41.15
O00245,P00880,3,2699.58
O00245,P01008,3,2263.41
O00246,P00096,1,391.51
O00246,P00871,2,562.10
O00246,P00241,2,564.70
O00247,P01079,3,543.24
O00247,P01191,2,1198.68
O00248,P00582,2,1313.70
O00248,P01103,1,633.32
O00248,P00358,1,859.39
O00249,P00868,3,453.51
O00250,P00801,3,188.55
O00250,P01157,1,772.44
O00251,P00831,2,993.10
O00251,P00722,1,287.33
O00252,P01076,3,1067.94
O00252,P01032,3,1090.62
O00253,P00352,3,892.20
O00253,P00504,3,511.83
O00254,P01020,2,133.38
O00255,P00880,2,1799.72
O00255,P00422,3,1397.88
O00256,P01086,1,825.35
O00256,P01000,3,2629.35
O00256,P00803,3,1624.23
O00257,P00643,2,996.12
O00257,P00872,1,604.50
O00257,P00981,3,2427.51
O00258,P00195,3,653.10
O00259,P00435,1,746.72
O00260,P00235,2,1224.40
O00261,P00248,3,1608.84
O00261,P01197,1,419.24
O00262,P00662,1,846.03
O00263,P00745,3,1432.68
O00263,P00363,3,1837.80
O00263,P01034,2,1176.98
O00264,P00433,3,1378.38
O00264,P00536,3,2015.46
O00265,P01057,3,2054.07
O00265,P00121,3,1302.72
O00265,P00705,3,187.89
O00266,P00548,2,1517.12
O00266,P00170,3,1984.80
O00266,P00595,3,925.02
O00267,P00333,1,67.01
O00268,P00060,2,97.72
O00268,P00072,1,291.41
O00268,P01115,1,109.16
O00269,P00937,2,1500.78
O00269,P00703,2,1452.62
O00270,P00565,2,960.72
O00271,P00103,2,1147.88
O00272,P01118,1,707.98
O00272,P00665,3,999.81
O00273,P01079,3,543.24
O00273,P00235,3,1836.60
O00274,P00513,2,1367.34
O00274,P00649,2,288.92
O00275,P00508,1,631.03
O00275,P00274,2,98.08
O00276,P00564,2,181.04
O00277,P00425,1,566.35
O00277,P00199,1,47.59
O00278,P00658,1,390.64
O00278,P00876,2,1445.20
O00278,P00493,2,1370.00
O00279,P00010,1,888.85
O00279,P00340,3,2386.35
O00280,P00874,1,208.82
O00280,P00214,2,1544.08
O00281,P00653,1,837.51
O00282,P00068,3,2476.56
O00282,P00468,2,702.72
O00283,P00652,3,81.69
O00283,P00125,1,605.09
O00284,P01028,2,1273.68
O00284,P00544,3,1734.36
O00285,P00266,1,796.58
O00286,P00927,2,1086.88
O00286,P00753,3,2185.26
O00286,P00336,1,361.25
O00287,P00166,2,495.68
O00288,P01143,1,824.56
O00288,P00625,1,224.36
O00288,P00335,1,255.65
O00289,P00159,2,1120.40
O00290,P00186,1,613.65
O00290,P00600,2,1652.40
O00291,P00054,3,2470.98
O00292,P00187,3,2468.10
O00293,P00554,2,111.78
O00293,P00539,3,1061.79
O00293,P00389,3,1636.50
O00294,P00038,1,708.28
O00294,P01173,3,2166.30
O00294,P00563,3,1799.55
O00295,P00619,3,881.28
O00295,P00720,3,2512.17
O00296,P00025,2,1339.42
O00297,P00005,1,28.50
O00298,P00199,3,142.77
O00299,P00587,1,322.87
O00299,P00642,1,273.80
O00299,P00082,2,1791.72
O00300,P00532,3,830.25
O00300,P01033,2,732.12
O00300,P00332,1,621.36
O00301,P00537,1,647.98
O00301,P01175,3,1584.27
O00301,P01107,1,180.16
O00302,P01134,3,2045.52
O00303,P01043,1,269.88
O00303,P00917,2,286.50
O00303,P01063,1,602.64
O00304,P00574,2,43.82
O00304,P00696,3,623.70
O00305,P00250,1,155.33
O00305,P01001,1,693.77
O00305,P00469,3,1020.30
O00306,P01161,3,977.55
O00307,P00818,2,1114.58
O00308,P00548,3,2275.68
O00308,P00307,3,1628.61
O00308,P00612,2,117.30
O00309,P00291,3,2096.49
O00309,P00214,3,2316.12
O00309,P00468,2,702.72
O00310,P00179,2,252.08
O00310,P00591,2,1513.34
O00311,P00203,1,247.49
O00312,P00641,3,965.91
O00312,P01158,1,660.44
O00313,P00555,1,745.23
O00313,P00017,2,381.66
O00313,P00029,2,369.80
O00314,P00890,3,1823.28
O00314,P00629,3,1064.40
O00314,P00300,2,1095.76
O00315,P00913,1,57.12
O00315,P00311,2,448.90
O00315,P00611,3,2023.56
O00316,P00564,2,181.04
O00316,P00971,1,69.46
O00316,P00243,1,618.81
O00317,P00201,3,2457.84
O00317,P00533,1,775.69
O00317,P00151,2,1680.02
O00318,P00762,3,261.36
O00319,P00903,3,295.47
O00320,P00984,3,2354.79
O00320,P01183,3,966.69
O00320,P00663,3,1093.35
O00321,P00352,2,594.80
O00321,P00568,3,901.08
O00322,P00075,1,736.17
O00322,P00703,2,1452.62
O00322,P00930,2,1086.68
O00323,P00329,3,1661.28
O00323,P00255,1,150.21
O00323,P00683,3,392.94
O00324,P00645,1,738.55
O00325,P00511,3,2671.56
O00325,P00074,1,286.45
O00325,P00045,1,515.49
O00326,P00237,3,2417.16
O00326,P00583,1,704.19
O00327,P01027,3,686.31
O00327,P00279,1,660.29
O00327,P00774,2,1775.88
O00328,P00423,3,101.19
O00328,P01144,3,1327.17
O00328,P00999,3,1270.44
O00329,P00987,3,1676.13
O00329,P00264,1,267.63
O00330,P00242,3,661.89
O00330,P00443,2,322.20
O00331,P00424,2,1312.56
O00331,P00526,1,227.87
O00332,P00394,2,1174.74
O00332,P00117,1,861.62
O00333,P00137,1,634.43
O00333,P01170,2,1262.54
O00333,P00920,1,460.38
O00334,P00644,2,1366.30
O00334,P00443,1,161.10
O00335,P00765,2,62.04
O00335,P00798,2,1750.02
O00335,P00725,3,1988.31
O00336,P00329,3,1661.28
O00336,P01198,2,403.40
O00337,P00289,1,690.27
O00338,P00102,1,310.61
O00339,P00268,1,443.24
O00339,P00283,3,2641.59
O00339,P00949,2,1176.74
O00340,P00557,2,103.00
O00340,P00605,3,2356.05
O00340,P01147,1,117.26
O00341,P01154,2,705.40
O00341,P00606,1,886.09
O00341,P00958,3,2570.61
O00342,P00314,2,1380.16
O00342,P00794,1,62.28
O00343,P00941,2,308.40
O00343,P00075,2,1472.34
O00344,P00345,1,772.87
O00344,P00503,3,878.85
O00345,P01131,2,615.82
O00345,P00166,1,247.84
O00346,P00887,1,338.82
O00346,P00161,1,45.08
O00347,P00509,2,1349.76
O00347,P00594,3,2121.75
O00348,P00984,2,1569.86
O00348,P00193,1,322.18
O00349,P00033,2,1184.56
O00349,P00194,3,1756.14
O00350,P00238,3,385.32
O00350,P00250,2,310.66
O00351,P00671,1,255.00
O00351,P00235,1,612.20
O00351,P01028,1,636.84
O00352,P00520,1,842.43
O00352,P00061,3,1240.44
O00353,P01178,3,707.70
O00353,P00188,2,1222.60
O00354,P00016,1,457.80
O00354,P00460,2,702.02
O00354,P01010,3,777.39
O00355,P00894,1,272.60
O00355,P00762,2,174.24
O00355,P00268,2,886.48
O00356,P00394,2,1174.74
O00357,P01151,2,1521.58
O00357,P00199,2,95.18
O00357,P00876,3,2167.80
O00358,P00660,3,1951.44
O00358,P00713,3,368.94
O00358,P00195,1,217.70
O00359,P00711,1,849.91
O00359,P00576,3,2124.69
O00360,P00452,1,220.56
O00360,P00272,2,152.60
O00361,P00731,1,220.37
O00361,P00225,1,779.02
O00362,P01165,3,1924.23
O00363,P00295,2,949.42
O00364,P00134,2,1754.40
O00365,P00522,1,384.46
O00365,P00184,1,706.21
O00366,P01061,1,566.29
O00366,P00264,3,802.89
O00366,P00002,2,1712.10
O00367,P01186,3,1810.92
O00367,P01178,1,235.90
O00367,P01043,1,269.88
O00368,P00676,1,194.36
O00368,P01072,2,580.78
O00369,P01010,1,259.13
O00369,P00201,2,1638.56
O00370,P00207,1,514.18
O00370,P01184,1,561.61
O00371,P00194,3,1756.14
O00371,P00860,3,1134.78
O00372,P00243,2,1237.62
O00372,P00543,2,351.88
O00373,P00197,3,317.46
O00374,P00946,3,189.57
O00374,P01150,1,661.15
O00375,P00972,1,674.69
O00375,P00641,3,965.91
O00375,P00142,1,587.13
O00376,P00703,2,1452.62
O00376,P00820,2,782.22
O00376,P00390,1,460.02
O00377,P00488,1,368.00
O00377,P00341,3,369.75
O00377,P00574,1,21.91
O00378,P00108,3,1916.01
O00379,P00883,3,413.40
O00379,P00945,3,1588.86
O00379,P00895,2,529.54
O00380,P00215,3,858.33
O00380,P00252,1,41.15
O00380,P00137,3,1903.29
O00381,P00967,2,1564.72
O00381,P00391,1,423.34
O00381,P01175,3,1584.27
O00382,P00224,1,215.41
O00382,P01196,1,193.34
O00383,P00662,1,846.03
O00383,P01158,1,660.44
O00384,P00668,2,1060.58
O00385,P00780,3,2173.92
O00385,P00975,2,695.30
O00386,P00691,1,137.62
O00387,P00013,1,253.18
O00387,P00430,3,1917.54
O00388,P00763,1,141.65
O00388,P00002,1,856.05
O00389,P01146,2,1305.16
O00389,P00333,3,201.03
O00390,P00512,2,434.50
O00391,P00159,3,1680.60
O00392,P00132,3,1449.33
O00392,P00491,2,825.74
O00393,P01198,3,605.10
O00394,P00335,2,511.30
O00395,P01179,2,992.04
O00395,P00553,1,342.09
O00395,P00512,3,651.75
O00396,P00642,2,547.60
O00396,P00943,2,324.32
O00396,P00446,3,1597.02
O00397,P00967,1,782.36
O00397,P00576,3,2124.69
O00397,P00891,2,947.50
O00398,P00214,2,1544.08
O00399,P01078,2,1417.52
O00399,P00358,2,1718.78
O00400,P00615,2,396.90
O00401,P00729,1,580.58
O00401,P00852,3,232.80
O00402,P00764,3,1701.96
O00402,P00229,3,952.77
O00403,P01074,3,480.90
O00404,P00150,3,2108.67
O00405,P00398,3,2302.80
O00406,P00644,3,2049.45
O00407,P00945,2,1059.24
O00408,P00148,3,2366.82
O00408,P00305,1,809.40
O00409,P01019,1,43.09
O00409,P00463,2,642.98
O00410,P00276,3,1880.88
O00410,P00810,2,1196.26
O00410,P00833,1,572.02
O00411,P00567,1,583.18
O00411,P00225,2,1558.04
O00412,P00486,2,1458.76
O00412,P00785,3,2344.47
O00412,P00444,1,800.81
O00413,P00559,2,1579.16
O00413,P00763,2,283.30
O00413,P00238,2,256.88
O00414,P00983,3,515.10
O00414,P01013,2,1669.38
O00414,P00121,2,868.48
O00415,P00087,3,600.78
O00415,P00262,2,741.88
O00415,P01030,1,29.57
O00416,P00886,1,112.38
O00416,P00902,1,547.49
O00416,P00841,1,382.58
O00417,P00286,1,324.41
O00417,P00736,1,272.01
O00418,P00893,1,493.26
O00419,P00797,2,192.38
O00420,P00619,2,587.52
O00421,P00722,2,574.66
O00421,P00039,2,1025.68
O00421,P00363,1,612.60
O00422,P00759,3,906.51
O00422,P00316,3,1489.71
O00423,P00237,2,1611.44
O00424,P00362,3,910.26
O00424,P01188,1,648.82
O00425,P01045,1,709.30
O00426,P00082,2,1791.72
O00426,P00800,1,841.23
O00427,P01192,3,520.41
O00428,P00058,1,217.93
O00428,P01069,1,815.74
O00429,P01120,1,443.39
O00429,P00881,2,1563.02
O00429,P00140,2,84.08
O00430,P00923,2,723.34
O00430,P00805,2,1688.02
O00431,P00814,3,1721.25
O00432,P00710,3,1295.91
O00433,P00497,2,1479.76
O00434,P00892,1,205.55
O00434,P01043,1,269.88
O00434,P00419,2,596.92
O00435,P00507,2,1571.68
O00436,P01121,2,1288.86
O00436,P00929,1,511.62
O00436,P00571,2,382.26
O00437,P00267,1,136.59
O00437,P00489,3,2241.99
O00437,P00706,2,1235.82
O00438,P00927,3,1630.32
O00439,P01160,2,884.90
O00439,P00570,3,840.84
O00440,P00622,1,767.73
O00440,P00650,1,523.70
O00440,P00992,1,819.36
O00441,P00422,1,465.96
O00441,P00960,2,1584.18
O00442,P00980,3,715.23
O00442,P01109,3,1026.15
O00443,P00697,2,1589.58
O00444,P00672,1,149.87
O00445,P00119,3,1852.89
O00446,P01017,1,97.94
O00447,P00283,1,880.53
O00448,P01150,2,1322.30
O00448,P00518,3,1875.00
O00448,P00736,1,272.01
O00449,P00712,1,747.78
O00449,P00994,1,400.65
O00449,P00537,1,647.98
O00450,P01066,2,1225.46
O00451,P00019,3,1386.03
O00452,P00242,3,661.89
O00453,P00369,2,527.28
O00453,P00952,1,665.23
O00454,P01032,1,363.54
O00455,P00870,3,1193.79
O00455,P00312,2,1487.96
O00456,P00162,3,1130.34
O00456,P00929,3,1534.86
O00456,P00461,3,538.77
O00457,P00970,3,1576.11
O00457,P01074,2,320.60
O00457,P01040,1,529.65
O00458,P01065,3,144.99
O00458,P00456,1,246.52
O00459,P01027,3,686.31
O00459,P00706,1,617.91
O00459,P00881,2,1563.02
O00460,P01151,1,760.79
O00461,P00308,2,672.86
O00461,P00362,1,303.42
O00462,P01010,1,259.13
O00462,P00607,1,864.25
O00463,P00557,3,154.50
O00463,P00355,1,451.24
O00463,P00313,2,1460.38
O00464,P00659,1,588.14
O00465,P00551,2,374.06
O00465,P00910,2,1429.28
O00466,P00753,2,1456.84
O00467,P00196,3,1104.66
O00468,P01042,2,642.14
O00469,P01039,3,2025.60
O00470,P00585,1,410.43
O00470,P00353,3,1772.01
O00471,P00963,1,732.00
O00471,P00487,1,163.96
O00471,P00869,2,1695.84
O00472,P01134,2,1363.68
O00472,P00213,1,846.02
O00472,P00913,1,57.12
O00473,P01179,3,1488.06
O00473,P00751,1,336.12
O00474,P00181,3,559.56
O00474,P00099,2,974.48
O00474,P00268,2,886.48
O00475,P00202,2,544.24
O00476,P00250,2,310.66
O00477,P00253,3,388.05
O00477,P00918,1,512.07
O00477,P00412,2,1182.50
O00478,P00626,3,2298.27
O00478,P00728,2,136.14
O00479,P00253,3,388.05
O00479,P00760,2,577.50
O00479,P00555,1,745.23
O00480,P01179,2,992.04
O00481,P01153,3,2636.19
O00481,P00649,2,288.92
O00481,P00283,1,880.53
O00482,P00728,2,136.14
O00482,P00780,1,724.64
O00483,P00816,2,1226.20
O00483,P00096,3,1174.53
O00483,P00670,1,879.96
O00484,P00876,2,1445.20
O00484,P00070,2,858.32
O00484,P00028,3,833.49
O00485,P00901,2,1204.98
O00485,P00700,3,1907.88
O00486,P01198,2,403.40
O00487,P00548,1,758.56
O00487,P00110,3,1556.31
O00488,P00394,1,587.37
O00488,P00704,2,307.40
O00489,P00398,3,2302.80
O00490,P00496,1,744.12
O00490,P01003,3,2241.96
O00491,P00741,3,2442.12
O00491,P00789,3,687.90
O00491,P00724,3,749.49
O00492,P00460,2,702.02
O00492,P00081,2,1057.64
O00492,P00689,1,563.66
O00493,P00551,1,187.03
O00493,P00434,2,338.94
O00493,P00735,3,370.26
O00494,P00552,2,522.74
O00494,P00758,1,509.37
O00495,P00686,3,1392.75
O00495,P00988,1,267.58
O00496,P01074,3,480.90
O00496,P00583,3,2112.57
O00496,P00264,2,535.26
O00497,P00492,1,106.56
O00498,P00321,1,461.37
O00498,P00931,3,192.42
O00498,P00163,3,2181.24
O00499,P00333,1,67.01
O00500,P00021,2,328.90
O00500,P00018,2,777.86
O00501,P00429,3,203.22
O00501,P00117,1,861.62
O00501,P00775,1,746.36
O00502,P00218,3,72.78
O00503,P00977,1,273.21
O00503,P00732,2,72.56
O00503,P00337,2,1776.24
O00504,P00956,3,2566.86
O00504,P00395,2,1015.56
O00505,P00952,2,1330.46
O00505,P01105,3,1580.94
O00505,P00495,3,678.84
O00506,P00684,2,1462.32
O00507,P00524,2,504.24
O00507,P00916,3,1869.78
O00508,P00672,2,299.74
O00508,P00655,2,546.46
O00508,P01125,2,1253.44
O00509,P00998,2,505.08
O00510,P01152,2,1182.12
O00511,P00022,3,1286.40
O00512,P00061,2,826.96
O00512,P00333,2,134.02
O00512,P00899,3,2509.65
O00513,P00195,1,217.70
O00514,P01112,3,2274.27
O00514,P00245,1,847.60
O00515,P00475,2,1563.22
O00515,P00277,1,320.54
O00516,P00821,2,754.22
O00516,P00099,2,974.48
O00516,P00431,1,302.05
O00517,P00170,1,661.60
O00518,P00800,2,1682.46
O00518,P01042,2,642.14
O00519,P00037,2,163.82
O00520,P00723,1,566.69
O00520,P00532,3,830.25
O00520,P00349,3,1995.42
O00521,P01010,1,259.13
O00522,P00118,3,1904.88
O00522,P00098,3,458.19
O00523,P00799,3,518.13
O00523,P00125,2,1210.18
O00524,P01051,2,1404.74
O00525,P00514,3,590.28
O00525,P00429,1,67.74
O00526,P00938,2,1429.16
O00526,P00662,2,1692.06
O00527,P01131,3,923.73
O00528,P00387,1,228.96
O00529,P01148,3,1357.20
O00529,P00941,1,154.20
O00530,P00670,1,879.96
O00530,P00116,3,2167.65
O00531,P01081,3,2688.99
O00531,P00161,1,45.08
O00532,P00599,2,1110.54
O00532,P00572,3,343.02
O00533,P00938,1,714.58
O00533,P00282,1,74.56
O00534,P00483,2,1618.12
O00534,P01198,2,403.40
O00534,P00749,1,743.44
O00535,P00145,2,818.92
O00536,P00147,3,2295.75
O00536,P01000,3,2629.35
O00537,P00922,1,538.09
O00538,P00218,2,48.52
O00538,P00396,3,2570.91
O00539,P00279,3,1980.87
O00539,P00278,3,2134.26
O00539,P01070,1,415.85
O00540,P00698,1,69.92
O00540,P00932,2,351.70
O00541,P00788,3,353.73
O00542,P00718,3,1012.95
O00543,P00314,2,1380.16
O00544,P00211,1,37.03
O00544,P00980,2,476.82
O00545,P00383,3,668.40
O00545,P01099,2,1304.24
O00546,P00176,1,161.12
O00547,P00561,1,626.14
O00547,P00400,1,207.30
O00547,P00321,2,922.74
O00548,P00395,2,1015.56
O00549,P00314,3,2070.24
O00549,P00639,3,2426.73
O00549,P00856,1,282.23
O00550,P00356,3,2637.30
O00551,P00729,2,1161.16
O00552,P00148,2,1577.88
O00552,P00634,3,1585.92
O00553,P01131,3,923.73
O00553,P00752,1,521.98
O00553,P01166,3,1990.53
O00554,P01142,1,800.08
O00555,P00480,1,581.27
O00555,P00899,2,1673.10
O00556,P00120,3,1899.84
O00556,P00236,3,1152.42
O00557,P01194,3,417.06
O00557,P00315,2,830.34
O00558,P01092,1,67.53
O00559,P01135,3,1260.06
O00559,P00433,3,1378.38
O00560,P00939,3,1570.29
O00560,P00248,2,1072.56
O00561,P00479,1,365.10
O00561,P00393,1,425.87
O00562,P01194,2,278.04
O00562,P01014,1,802.81
O00562,P00916,1,623.26
O00563,P00540,3,184.65
O00563,P00112,3,204.18
O00564,P01129,1,114.53
O00564,P00829,1,456.92
O00565,P00049,1,796.22
O00565,P00780,2,1449.28
O00565,P01134,3,2045.52
O00566,P00027,1,183.32
O00566,P00554,2,111.78
O00566,P00186,2,1227.30
O00567,P00195,1,217.70
O00568,P00741,2,1628.08
O00568,P00686,2,928.50
O00568,P00569,3,1986.81
O00569,P00592,1,770.37
O00569,P00300,1,547.88
O00569,P00406,2,950.38
O00570,P01048,1,597.73
O00570,P00949,1,588.37
O00570,P00258,3,2253.81
O00571,P00619,1,293.76
O00571,P01079,2,362.16
O00571,P00560,3,490.59
O00572,P00089,3,2257.29
O00572,P00034,2,1098.66
O00572,P00034,3,1647.99
O00573,P00693,1,211.16
O00573,P00021,3,493.35
O00573,P00421,2,1228.74
O00574,P01022,2,95.30
O00575,P00898,1,617.71
O00575,P00274,1,49.04
O00575,P00128,1,45.08
O00576,P00130,2,1442.98
O00577,P00011,2,120.84
O00577,P00070,2,858.32
O00578,P00747,1,146.50
O00578,P01043,1,269.88
O00579,P00266,2,1593.16
O00580,P01106,3,605.04
O00580,P00799,1,172.71
O00580,P01099,1,652.12
O00581,P00134,2,1754.40
O00582,P01030,2,59.14
O00582,P00130,3,2164.47
O00583,P00101,1,795.95
O00584,P00468,2,702.72
O00584,P00260,3,2348.40
O00585,P00992,1,819.36
O00586,P00131,3,1286.91
O00586,P00548,2,1517.12
O00587,P00486,2,1458.76
O00587,P00269,2,565.12
O00587,P00491,3,1238.61
O00588,P00823,2,1639.52
O00589,P00692,3,2176.80
O00590,P00258,2,1502.54
O00590,P00198,3,1518.48
O00590,P00445,3,2076.78
O00591,P00384,1,635.91
O00592,P00361,1,62.01
O00592,P00324,3,931.65
O00593,P00763,2,283.30
O00594,P01185,1,676.21
O00594,P00278,3,2134.26
O00594,P00190,1,24.47
O00595,P00835,1,664.60
O00596,P01107,3,540.48
O00596,P00803,2,1082.82
O00597,P00767,3,2448.27
O00598,P00817,1,282.20
O00598,P00664,3,504.96
O00598,P00242,1,220.63
O00599,P00575,1,480.31
O00599,P00465,2,1598.60
O00599,P00635,2,805.20
O00600,P00947,1,110.44
O00600,P01068,2,1759.40
O00600,P01183,2,644.46
O00601,P00404,2,1338.70
O00602,P00064,3,1152.42
O00602,P00244,2,604.26
O00603,P00170,3,1984.80
O00604,P01125,3,1880.16
O00605,P00688,2,475.58
O00605,P00646,3,2684.07
O00606,P00209,2,356.10
O00607,P00926,3,901.29
O00607,P00690,1,106.72
O00607,P00577,1,546.39
O00608,P00296,2,650.74
O00608,P00237,2,1611.44
O00608,P01174,3,2137.53
O00609,P00369,2,527.28
O00610,P01057,3,2054.07
O00610,P00656,2,1786.98
O00610,P00637,1,504.01
O00611,P00952,3,1995.69
O00611,P00104,2,1634.40
O00612,P00401,3,366.81
O00612,P00049,3,2388.66
O00613,P00447,1,710.36
O00613,P00445,1,692.26
O00613,P00673,3,1526.01
O00614,P00205,1,281.10
O00614,P00641,2,643.94
O00614,P00504,3,511.83
O00615,P00677,1,465.32
O00615,P01105,2,1053.96
O00616,P01109,3,1026.15
O00616,P00878,3,349.29
O00616,P00561,1,626.14
O00617,P00529,1,586.55
O00617,P00193,3,966.54
O00617,P00656,1,893.49
O00618,P00566,2,1750.74
O00618,P00100,3,1770.30
O00618,P01121,2,1288.86
O00619,P01166,2,1327.02
O00619,P00944,3,2103.39
O00619,P00429,1,67.74
O00620,P01129,1,114.53
O00620,P00710,1,431.97
O00621,P01057,2,1369.38
O00621,P00690,2,213.44
O00622,P01130,3,753.21
O00622,P00106,3,2593.14
O00622,P00663,1,364.45
O00623,P00391,2,846.68
O00623,P00557,2,103.00
O00623,P00875,1,140.10
O00624,P00213,3,2538.06
O00625,P00032,2,283.64
O00625,P00418,1,895.76
O00626,P00205,2,562.20
O00626,P00084,1,395.67
O00626,P00780,1,724.64
O00627,P00848,2,964.48
O00627,P00903,2,196.98
O00628,P00257,1,293.81
O00628,P00483,1,809.06
O00628,P00095,1,142.21
O00629,P00603,2,388.26
O00629,P00778,1,381.75
O00630,P00968,3,1713.84
O00630,P01117,3,576.78
O00630,P00013,3,759.54
O00631,P00018,3,1166.79
O00631,P00023,3,236.79
O00631,P01188,3,1946.46
O00632,P00654,1,447.74
O00632,P00871,1,281.05
O00633,P00428,3,1718.01
O00634,P01127,1,115.18
O00634,P00408,3,879.78
O00635,P00191,3,1284.30
O00635,P00491,3,1238.61
O00636,P00484,1,560.58
O00636,P00139,2,1647.70
O00636,P00649,1,144.46
O00637,P00381,3,959.31
O00637,P00955,3,1636.83
O00638,P00329,3,1661.28
O00639,P00862,1,133.68
O00639,P00851,3,1867.50
O00640,P00736,1,272.01
O00640,P00791,2,1402.28
O00640,P00069,3,2143.95
O00641,P00814,3,1721.25
O00642,P01049,2,262.96
O00642,P01065,1,48.33
O00642,P00092,2,1755.42
O00643,P00315,3,1245.51
O00644,P00839,2,1624.16
O00644,P00332,1,621.36
O00644,P00244,1,302.13
O00645,P00738,2,191.12
O00645,P00289,1,690.27
O00646,P00337,1,888.12
O00646,P00440,2,656.86
O00647,P01112,2,1516.18
O00647,P00831,2,993.10
O00648,P00082,2,1791.72
O00648,P01062,3,1903.53
O00649,P00171,2,1092.08
O00650,P00989,3,1134.96
O00650,P00439,2,318.14
O00651,P00448,1,196.20
O00651,P00938,1,714.58
O00652,P01099,3,1956.36
O00652,P00262,1,370.94
O00653,P01055,2,575.06
O00654,P01044,1,263.81
O00655,P00802,1,36.54
O00655,P00376,1,204.66
O00656,P00989,2,756.64
O00656,P01119,1,616.58
O00656,P00120,3,1899.84
O00657,P00667,2,1135.08
O00658,P00298,2,450.08
O00659,P00450,1,830.40
O00659,P01040,2,1059.30
O00660,P01068,1,879.70
O00660,P00255,3,450.63
O00660,P00656,2,1786.98
O00661,P00325,1,711.91
O00661,P00406,1,475.19
O00662,P01075,2,1645.20
O00662,P00741,1,814.04
O00663,P00490,1,648.08
O00663,P01133,1,840.47
O00664,P00849,1,537.58
O00664,P00664,2,336.64
O00664,P00370,1,87.18
O00665,P01077,3,1647.12
O00666,P01089,1,882.34
O00666,P00070,3,1287.48
O00667,P01193,1,329.93
O00667,P00945,1,529.62
O00667,P00138,2,1795.98
O00668,P00800,2,1682.46
O00668,P00572,2,228.68
O00669,P00874,1,208.82
O00670,P00786,3,1565.28
O00671,P00181,3,559.56
O00671,P01039,3,2025.60
O00672,P00723,1,566.69
O00672,P00401,3,366.81
O00672,P00150,3,2108.67
O00673,P00428,2,1145.34
O00673,P00252,2,82.30
O00673,P01004,1,322.91
O00674,P00868,2,302.34
O00674,P01161,1,325.85
O00674,P00754,3,2145.36
O00675,P00470,2,352.62
O00675,P00148,1,788.94
O00675,P00404,2,1338.70
O00676,P00289,3,2070.81
O00677,P00672,3,449.61
O00677,P00600,3,2478.60
O00677,P00507,2,1571.68
O00678,P00924,1,702.94
O00678,P01092,3,202.59
O00678,P00440,2,656.86
O00679,P01013,3,2504.07
O00680,P01046,2,585.50
O00680,P00749,3,2230.32
O00681,P00738,1,95.56
O00682,P00307,3,1628.61
O00683,P00638,3,869.64
O00683,P00340,3,2386.35
O00684,P00781,2,1066.04
O00685,P00770,2,499.96
O00685,P00462,2,508.86
O00686,P00759,2,604.34
O00687,P00907,2,74.96
O00687,P01137,3,1861.14
O00687,P00406,3,1425.57
O00688,P00702,1,279.00
O00689,P01185,2,1352.42
O00689,P00200,2,1482.32
O00690,P00210,2,276.38
O00690,P00349,3,1995.42
O00691,P00811,2,1385.20
O00692,P00615,3,595.35
O00692,P00768,3,2399.49
O00693,P00442,1,380.32
O00694,P00295,3,1424.13
O00694,P00678,3,2595.57
O00694,P00242,2,441.26
O00695,P00211,1,37.03
O00695,P00874,1,208.82
O00695,P00826,3,167.82
O00696,P00332,1,621.36
O00696,P00007,2,303.56
O00696,P00390,3,1380.06
O00697,P00995,1,166.42
O00697,P00023,3,236.79
O00698,P00402,1,308.88
O00699,P00153,3,2015.16
O00700,P00183,2,1392.72
O00700,P00688,1,237.79
O00701,P00001,1,13.70
O00701,P00366,1,56.12
O00701,P00078,2,983.54
O00702,P00696,2,415.80
O00703,P00408,3,879.78
O00703,P00424,1,656.28
O00703,P00163,1,727.08
O00704,P00829,1,456.92
O00704,P00657,1,598.18
O00705,P00363,2,1225.20
O00705,P00931,2,128.28
O00706,P00395,3,1523.34
O00707,P00200,1,741.16
O00708,P00781,2,1066.04
O00708,P00267,3,409.77
O00708,P01135,3,1260.06
O00709,P00750,2,77.38
O00709,P00854,3,153.72
O00709,P00256,1,879.01
O00710,P00467,1,839.95
O00711,P00426,3,1505.19
O00712,P00792,3,717.18
O00712,P01085,1,158.17
O00713,P00452,1,220.56
O00713,P00284,3,1689.72
O00714,P00879,3,633.72
O00715,P00474,3,113.19
O00716,P00217,1,831.02
O00716,P01039,2,1350.40
O00716,P00219,2,1263.88
O00717,P00530,2,1552.48
O00718,P00799,2,345.42
O00718,P00448,2,392.40
O00719,P00149,3,691.14
O00719,P00270,3,2602.38
O00720,P00716,3,1876.23
O00721,P00097,2,1461.60
O00722,P00393,2,851.74
O00722,P00722,3,861.99
O00722,P01110,1,746.49
O00723,P00971,2,138.92
O00723,P00776,2,102.66
O00724,P00619,2,587.52
O00725,P00402,2,617.76
O00725,P00547,1,209.85
O00725,P00039,3,1538.52
O00726,P00115,2,373.02
O00727,P00145,3,1228.38
O00727,P01155,3,2156.64
O00727,P00816,1,613.10
O00728,P01071,2,1538.98
O00729,P00555,1,745.23
O00729,P00360,2,1156.84
O00730,P00649,1,144.46
O00731,P00602,3,1485.00
O00732,P00055,3,997.59
O00732,P00036,2,971.34
O00733,P01157,3,2317.32
O00733,P00327,1,436.69
O00734,P00760,2,577.50
O00735,P00207,1,514.18
O00736,P00220,2,1648.00
O00736,P00393,2,851.74
O00736,P00736,1,272.01
O00737,P01064,2,1707.58
O00738,P01020,2,133.38
O00739,P00359,1,232.74
O00740,P00839,2,1624.16
O00740,P00596,3,2564.28
O00740,P00585,1,410.43
O00741,P00624,1,482.16
O00741,P00153,3,2015.16
O00741,P00505,3,136.14
O00742,P00738,2,191.12
O00742,P00944,1,701.13
O00742,P00461,1,179.59
O00743,P00557,2,103.00
O00744,P00677,2,930.64
O00744,P00888,3,1390.35
O00745,P01080,2,1144.14
O00745,P00076,2,1613.28
O00746,P00807,1,180.70
O00746,P00943,1,162.16
O00746,P01115,3,327.48
O00747,P00098,3,458.19
O00747,P01032,3,1090.62
O00748,P00064,3,1152.42
O00749,P00990,3,1926.18
O00749,P00026,1,738.44
O00750,P00540,1,61.55
O00750,P01147,2,234.52
O00750,P01185,2,1352.42
O00751,P00608,3,1197.42
O00752,P00608,2,798.28
O00752,P00609,1,875.53
O00753,P01186,1,603.64
O00753,P00699,3,653.61
O00754,P00744,3,1504.02
O00755,P00636,3,1981.32
O00755,P01048,3,1793.19
O00755,P00490,3,1944.24
O00756,P00158,2,1753.14
O00757,P00702,2,558.00
O00757,P00134,2,1754.40
O00757,P00408,1,293.26
O00758,P00824,3,2044.77
O00758,P00968,1,571.28
O00758,P00123,2,1410.90
O00759,P00127,2,1612.76
O00759,P00764,1,567.32
O00759,P00011,2,120.84
O00760,P00233,1,861.92
O00760,P00749,2,1486.88
O00760,P00573,2,1378.54
O00761,P00851,3,1867.50
O00762,P00765,1,31.02
O00762,P00428,1,572.67
O00762,P00574,3,65.73
O00763,P00117,2,1723.24
O00764,P00540,3,184.65
O00764,P00913,3,171.36
O00765,P00191,2,856.20
O00766,P00010,3,2666.55
O00767,P00336,2,722.50
O00767,P00293,1,658.53
O00768,P00082,3,2687.58
O00768,P00302,1,23.21
O00768,P01159,3,963.00
O00769,P01136,1,893.86
O00770,P00821,1,377.11
O00770,P00330,2,1359.16
O00771,P01195,1,820.55
O00771,P00385,2,903.48
O00772,P00286,1,324.41
O00772,P00133,2,1611.54
O00773,P00683,2,261.96
O00773,P00224,2,430.82
O00773,P00771,3,2210.91
O00774,P01049,1,131.48
O00774,P01073,2,1070.88
O00775,P00643,2,996.12
O00775,P00974,1,632.44
O00775,P00624,1,482.16
O00776,P00026,3,2215.32
O00776,P00211,3,111.09
O00776,P00737,2,965.26
O00777,P00272,1,76.30
O00777,P00945,1,529.62
O00777,P00985,3,2441.16
O00778,P00355,1,451.24
O00778,P00593,2,1506.12
O00779,P00051,3,2148.96
O00779,P00044,3,2672.97
O00779,P00210,3,414.57
O00780,P01043,3,809.64
O00780,P00171,3,1638.12
O00781,P00360,1,578.42
O00781,P01096,3,578.28
O00782,P01082,1,360.87
O00783,P01130,2,502.14
O00783,P00692,2,1451.20
O00784,P00084,2,791.34
O00784,P00850,2,393.24
O00785,P00257,2,587.62
O00785,P00071,1,34.78
O00786,P00710,1,431.97
O00786,P00341,1,123.25
O00786,P00863,3,1462.83
O00787,P00538,3,186.30
O00788,P00669,2,1162.96
O00788,P00800,1,841.23
O00789,P01108,3,1666.68
O00789,P00450,3,2491.20
O00790,P00623,2,60.48
O00790,P00934,2,1229.28
O00791,P00338,3,850.23
O00792,P00861,3,782.70
O00792,P00884,2,226.24
O00793,P00569,3,1986.81
O00793,P01119,1,616.58
O00794,P00437,3,1905.30
O00794,P00333,1,67.01
O00795,P00175,1,515.08
O00795,P00065,1,144.61
O00795,P00567,2,1166.36
O00796,P00381,1,319.77
O00796,P00403,1,279.14
O00796,P00714,1,679.75
O00797,P00455,3,1051.29
O00797,P00543,2,351.88
O00797,P00869,1,847.92
O00798,P00421,2,1228.74
O00798,P00945,1,529.62
O00798,P00830,3,1897.02
O00799,P00954,2,1665.94
O00799,P00574,3,65.73
O00800,P00143,1,94.07
O00801,P01105,2,1053.96
O00801,P00393,3,1277.61
O00802,P00303,2,1349.94
O00803,P00089,1,752.43
O00804,P00467,3,2519.85
O00804,P00366,3,168.36
O00805,P00951,2,873.84
O00805,P00347,2,61.88
O00806,P00474,3,113.19
O00806,P00563,2,1199.70
O00806,P00225,1,779.02
O00807,P00087,3,600.78
O00808,P00223,3,1120.62
O00809,P00651,3,1201.98
O00809,P00476,1,183.33
O00809,P00456,3,739.56
O00810,P01061,1,566.29
O00810,P00563,3,1799.55
O00811,P00321,3,1384.11
O00812,P00987,2,1117.42
O00813,P00384,1,635.91
O00813,P00300,2,1095.76
O00813,P00024,1,377.66
O00814,P00858,1,611.11
O00815,P00645,1,738.55
O00815,P00775,2,1492.72
O00816,P00231,3,722.10
O00816,P00365,3,2107.41
O00817,P01057,3,2054.07
O00817,P00439,2,318.14
O00817,P00171,1,546.04
O00818,P00842,3,2209.92
O00818,P00364,1,879.07
O00818,P01147,3,351.78
O00819,P00978,2,1701.68
O00819,P00720,1,837.39
O00820,P00949,3,1765.11
O00820,P00476,2,366.66
O00821,P00529,3,1759.65
O00821,P01183,2,644.46
O00821,P00632,3,1128.66
O00822,P00988,2,535.16
O00822,P01085,3,474.51
O00823,P00450,2,1660.80
O00823,P00136,2,800.94
O00824,P00308,1,336.43
O00824,P00724,2,499.66
O00825,P00389,1,545.50
O00825,P00275,2,1082.20
O00825,P00561,3,1878.42
O00826,P00394,2,1174.74
O00826,P00244,3,906.39
O00826,P00090,1,277.09
O00827,P01150,3,1983.45
O00828,P00035,3,94.41
O00828,P00304,1,315.03
O00829,P00468,1,351.36
O00829,P01100,2,1756.80
O00830,P00027,1,183.32
O00830,P00514,3,590.28
O00831,P00353,2,1181.34
O00831,P00367,1,823.19
O00832,P00111,2,816.44
O00832,P00309,1,878.63
O00832,P00612,2,117.30
O00833,P00887,1,338.82
O00833,P00777,2,584.78
O00833,P00290,2,1009.80
O00834,P01114,3,420.42
O00834,P00487,2,327.92
O00834,P00909,1,628.51
O00835,P00162,1,376.78
O00836,P01163,2,424.16
O00836,P00716,2,1250.82
O00836,P00224,2,430.82
O00837,P00359,2,465.48
O00838,P01044,1,263.81
O00838,P00366,1,56.12
O00838,P00465,1,799.30
O00839,P01084,2,843.70
O00839,P00558,1,584.79
O00839,P00202,3,816.36
O00840,P01135,2,840.04
O00840,P00949,1,588.37
O00841,P00910,1,714.64
O00841,P00306,2,1706.12
O00842,P00877,1,83.83
O00843,P00782,2,240.58
O00844,P01036,2,383.14
O00844,P00276,2,1253.92
O00844,P00599,2,1110.54
O00845,P01152,1,591.06
O00846,P00016,1,457.80
O00846,P00395,1,507.78
O00846,P00408,2,586.52
O00847,P01028,1,636.84
O00847,P00758,2,1018.74
O00848,P00753,2,1456.84
O00849,P00484,2,1121.16
O00849,P01010,3,777.39
O00850,P00582,3,1970.55
O00850,P00550,3,745.41
O00851,P00082,1,895.86
O00852,P01156,3,159.33
O00853,P00900,1,525.18
O00853,P00090,3,831.27
O00854,P00711,3,2549.73
O00854,P00910,1,714.64
O00854,P00684,1,731.16
O00855,P00143,2,188.14
O00855,P00247,1,100.87
O00855,P00689,1,563.66
O00856,P00567,1,583.18
O00856,P00996,2,1410.94
O00856,P01193,3,989.79
O00857,P00318,2,1662.02
O00857,P00735,2,246.84
O00857,P01001,1,693.77
O00858,P00822,3,2437.26
O00859,P00175,3,1545.24
O00860,P00650,3,1571.10
O00860,P00898,1,617.71
O00861,P00349,2,1330.28
O00862,P00829,2,913.84
O00862,P00660,3,1951.44
O00863,P00210,3,414.57
O00864,P00222,1,841.50
O00864,P00328,2,1027.54
O00865,P00887,2,677.64
O00865,P01117,2,384.52
O00866,P00660,3,1951.44
O00866,P00531,2,387.20
O00866,P00212,2,141.50
O00867,P00612,2,117.30
O00867,P00589,2,147.62
O00867,P00407,1,110.30
O00868,P00391,1,423.34
O00869,P00589,2,147.62
O00869,P00239,3,899.34
O00870,P00832,1,591.59
O00871,P01198,3,605.10
O00872,P00112,1,68.06
O00873,P00768,3,2399.49
O00873,P00047,1,744.65
O00873,P00595,1,308.34
O00874,P01052,1,187.12
O00874,P01059,1,727.27
O00875,P00714,3,2039.25
O00875,P00968,2,1142.56
O00876,P00517,2,295.50
O00876,P01136,3,2681.58
O00876,P00388,3,2689.89
O00877,P00539,3,1061.79
O00877,P00892,3,616.65
O00878,P00486,1,729.38
O00878,P01042,3,963.21
O00878,P00683,1,130.98
O00879,P00550,1,248.47
O00879,P00987,1,558.71
O00880,P00307,1,542.87
O00880,P00124,3,2423.79
O00881,P01198,2,403.40
O00882,P00602,2,990.00
O00882,P00789,3,687.90
O00882,P00745,2,955.12
O00883,P01147,1,117.26
O00884,P00767,2,1632.18
O00885,P00323,2,546.46
O00885,P00774,2,1775.88
O00885,P00786,3,1565.28
O00886,P01007,3,1118.19
O00886,P00445,3,2076.78
O00886,P00053,1,639.93
O00887,P00227,1,176.72
O00888,P00021,2,328.90
O00888,P00150,3,2108.67
O00888,P00431,2,604.10
O00889,P00858,2,1222.22
O00890,P00572,1,114.34
O00890,P00942,1,874.64
O00891,P00927,1,543.44
O00891,P01046,3,878.25
O00891,P00881,2,1563.02
O00892,P00832,1,591.59
O00892,P00536,3,2015.46
O00892,P00344,3,1785.51
O00893,P01074,2,320.60
O00893,P00983,2,343.40
O00893,P00688,1,237.79
O00894,P00545,1,725.41
O00894,P00904,2,1374.34
O00894,P00060,3,146.58
O00895,P00593,3,2259.18
O00896,P00948,1,380.49
O00896,P00877,1,83.83
O00896,P00484,2,1121.16
O00897,P00567,3,1749.54
O00897,P00830,2,1264.68
O00897,P00609,2,1751.06
O00898,P00413,2,110.90
O00898,P00351,2,1410.66
O00898,P00853,2,135.86
O00899,P00604,2,834.34
O00899,P00515,1,301.11
O00899,P00068,2,1651.04
O00900,P00351,1,705.33
O00900,P00737,1,482.63
O00901,P00665,2,666.54
O00901,P00582,3,1970.55
O00901,P00793,1,712.32
O00902,P00559,1,789.58
O00902,P00131,2,857.94
O00903,P01131,1,307.91
O00904,P01062,3,1903.53
O00904,P00081,3,1586.46
O00904,P00699,3,653.61
O00905,P00562,2,163.42
O00906,P00940,2,455.44
O00907,P00402,2,617.76
O00907,P00274,3,147.12
O00908,P00141,1,69.50
O00909,P01137,3,1861.14
O00909,P00974,3,1897.32
O00909,P00597,1,701.17
O00910,P00919,3,1131.18
O00910,P01065,3,144.99
O00910,P00588,2,860.64
O00911,P00458,1,669.20
O00911,P00631,2,364.02
O00912,P01148,1,452.40
O00912,P00398,2,1535.20
O00913,P00921,3,860.04
O00913,P00217,3,2493.06
O00914,P00030,1,644.22
O00915,P01106,3,605.04
O00915,P01135,2,840.04
O00916,P00716,2,1250.82
O00916,P00490,3,1944.24
O00916,P00659,1,588.14
O00917,P00031,3,1806.36
O00918,P01107,1,180.16
O00918,P00963,2,1464.00
O00919,P00708,1,164.44
O00919,P00013,3,759.54
O00919,P00902,3,1642.47
O00920,P00473,1,812.04
O00921,P00688,2,475.58
O00921,P00779,3,1193.64
O00922,P00842,2,1473.28
O00922,P00048,1,182.65
O00922,P00312,1,743.98
O00923,P00596,2,1709.52
O00923,P00437,1,635.10
O00923,P00625,2,448.72
O00924,P00602,1,495.00
O00924,P00054,3,2470.98
O00924,P00350,2,671.34
O00925,P01111,3,2314.80
O00925,P00962,1,294.50
O00925,P00636,1,660.44
O00926,P00210,3,414.57
O00926,P00951,3,1310.76
O00926,P00405,3,1295.04
O00927,P00106,2,1728.76
O00928,P00749,3,2230.32
O00928,P00674,2,389.86
O00929,P01167,1,652.22
O00930,P00971,1,69.46
O00930,P00637,1,504.01
O00931,P00909,1,628.51
O00932,P00941,1,154.20
O00933,P01135,1,420.02
O00933,P00205,2,562.20
O00934,P00455,1,350.43
O00934,P00738,3,286.68
O00935,P00397,3,2650.80
O00936,P01136,2,1787.72
O00937,P00456,3,739.56
O00937,P00990,1,642.06
O00938,P00064,1,384.14
O00938,P00788,3,353.73
O00939,P00330,2,1359.16
O00939,P00176,1,161.12
O00940,P00880,2,1799.72
O00940,P00317,3,1378.62
O00941,P00114,3,669.21
O00941,P00330,1,679.58
O00942,P00136,3,1201.41
O00942,P00728,1,68.07
O00943,P00826,3,167.82
O00943,P00849,1,537.58
O00944,P00427,1,258.55
O00944,P00126,2,69.82
O00945,P01068,2,1759.40
O00945,P00634,1,528.64
O00946,P00686,1,464.25
O00946,P01074,3,480.90
O00946,P00120,3,1899.84
O00947,P00377,1,274.80
O00947,P00014,2,460.24
O00948,P00693,2,422.32
O00948,P00063,3,584.70
O00949,P00918,3,1536.21
O00949,P00697,3,2384.37
O00950,P00089,3,2257.29
O00950,P00713,2,245.96
O00951,P00304,2,630.06
O00952,P00500,1,801.69
O00952,P00700,3,1907.88
O00953,P00636,3,1981.32
O00954,P00667,3,1702.62
O00954,P01127,3,345.54
O00954,P01074,2,320.60
O00955,P00894,1,272.60
O00955,P00177,2,1063.76
O00955,P00244,2,604.26
O00956,P00359,1,232.74
O00956,P00841,3,1147.74
O00957,P00685,2,479.90
O00957,P00699,2,435.74
O00957,P00842,3,2209.92
O00958,P00403,1,279.14
O00958,P00965,3,2217.06
O00959,P00977,3,819.63
O00960,P00136,1,400.47
O00960,P00734,3,2285.16
O00961,P00327,2,873.38
O00961,P00507,1,785.84
O00962,P00219,3,1895.82
O00962,P00675,1,786.26
O00962,P00925,3,1459.68
O00963,P00593,3,2259.18
O00963,P01144,2,884.78
O00964,P00753,2,1456.84
O00964,P00133,2,1611.54
O00964,P00698,1,69.92
O00965,P00787,2,1535.82
O00965,P00119,2,1235.26
O00966,P00171,1,546.04
O00967,P00295,1,474.71
O00967,P00674,3,584.79
O00967,P00155,2,1584.98
O00968,P00151,3,2520.03
O00968,P00258,3,2253.81
O00968,P00592,1,770.37
O00969,P00508,2,1262.06
O00969,P00946,2,126.38
O00969,P00447,1,710.36
O00970,P00261,3,309.99
O00971,P00794,2,124.56
O00971,P00100,1,590.10
O00971,P00576,2,1416.46
O00972,P00727,3,602.43
O00972,P00065,1,144.61
O00972,P00067,2,1694.70
O00973,P00762,1,87.12
O00973,P00515,2,602.22
O00973,P00883,1,137.80
O00974,P01144,1,442.39
O00975,P00281,3,2684.52
O00975,P01076,3,1067.94
O00976,P00650,3,1571.10
O00977,P00998,3,757.62
O00977,P00561,2,1252.28
O00978,P01161,3,977.55
O00978,P00351,2,1410.66
O00979,P00571,3,573.39
O00979,P00317,1,459.54
O00980,P00789,1,229.30
O00980,P01163,1,212.08
O00980,P01049,2,262.96
O00981,P00645,2,1477.10
O00981,P00654,3,1343.22
O00982,P00818,1,557.29
O00982,P00926,2,600.86
O00982,P00983,2,343.40
O00983,P01166,3,1990.53
O00984,P00101,1,795.95
O00985,P00633,3,81.45
O00985,P00264,2,535.26
O00986,P00997,3,2488.98
O00986,P00207,2,1028.36
O00987,P01168,3,2638.83
O00988,P00350,3,1007.01
O00988,P00235,1,612.20
O00989,P00366,3,168.36
O00989,P01132,2,242.44
O00989,P00886,2,224.76
O00990,P01131,2,615.82
O00991,P00838,1,207.32
O00991,P00145,2,818.92
O00992,P00255,2,300.42
O00992,P01191,3,1798.02
O00993,P00292,2,149.98
O00993,P00386,1,85.29
O00994,P01130,3,753.21
O00995,P00914,1,94.29
O00995,P00039,2,1025.68
O00996,P00414,3,656.25
O00997,P00105,2,816.14
O00997,P00968,1,571.28
O00997,P00668,2,1060.58
O00998,P00297,2,638.26
O00998,P00385,1,451.74
O00998,P00019,2,924.02
O00999,P00060,2,97.72
O00999,P00966,3,702.57
O00999,P00607,2,1728.50
O01000,P00672,2,299.74
O01001,P00129,1,63.33
O01002,P00950,3,2371.68
O01002,P00058,2,435.86
O01002,P00743,1,249.98
O01003,P00814,2,1147.50
O01003,P00993,1,702.51
O01004,P00157,3,898.86
O01005,P00699,3,653.61
O01006,P00878,2,232.86
O01006,P01117,1,192.26
O01007,P00801,1,62.85
O01008,P00563,1,599.85
O01009,P00536,3,2015.46
O01009,P00612,2,117.30
O01010,P00813,2,826.84
O01010,P00962,1,294.50
O01010,P00331,1,812.33
O01011,P00798,1,875.01
O01011,P00730,3,157.56
O01011,P00755,2,490.16
O01012,P01199,3,1703.43
O01012,P00502,3,2114.88
O01013,P00585,3,1231.29
O01014,P01063,2,1205.28
O01015,P00887,1,338.82
O01016,P00539,3,1061.79
O01017,P00853,2,135.86
O01017,P00423,2,67.46
O01018,P00172,1,528.11
O01018,P00242,2,441.26
O01019,P00469,2,680.20
O01020,P00421,1,614.37
O01020,P00949,1,588.37
O01021,P00970,2,1050.74
O01021,P00869,1,847.92
O01021,P00994,2,801.30
O01022,P00250,3,465.99
O01022,P00818,3,1671.87
O01022,P00366,2,112.24
O01023,P00062,1,499.95
O01024,P00160,2,1501.04
O01024,P00871,2,562.10
O01024,P00432,3,2636.34
O01025,P00016,1,457.80
O01025,P00061,2,826.96
O01026,P01043,3,809.64
O01026,P00015,1,166.97
O01026,P00683,1,130.98
O01027,P00913,2,114.24
O01027,P00793,1,712.32
O01027,P00332,3,1864.08
O01028,P00143,1,94.07
O01028,P00289,3,2070.81
O01029,P00397,1,883.60
O01029,P01076,3,1067.94
O01030,P01113,1,218.21
O01030,P00054,3,2470.98
O01031,P00086,2,334.38
O01032,P00182,1,803.56
O01033,P00617,3,1510.17
O01034,P00107,2,1222.32
O01035,P00003,3,1677.81
O01035,P01028,2,1273.68
O01036,P00557,1,51.50
O01036,P01152,1,591.06
O01037,P00977,3,819.63
O01037,P00207,3,1542.54
O01038,P00928,2,1003.70
O01039,P00926,2,600.86
O01040,P00822,1,812.42
O01041,P01059,1,727.27
O01041,P00153,1,671.72
O01042,P00719,1,425.37
O01042,P01099,2,1304.24
O01042,P00391,3,1270.02
O01043,P00789,1,229.30
O01043,P00330,3,2038.74
O01043,P00873,3,2357.28
O01044,P00275,1,541.10
O01045,P00842,2,1473.28
O01045,P00759,1,302.17
O01045,P00913,1,57.12
O01046,P00489,2,1494.66
O01046,P00518,1,625.00
O01046,P00801,1,62.85
O01047,P00009,1,689.00
O01047,P00598,3,1900.74
O01048,P00849,2,1075.16
O01048,P00949,2,1176.74
O01048,P00847,3,1622.94
O01049,P01047,1,303.49
O01049,P00230,2,1336.22
O01049,P00734,1,761.72
O01050,P00389,2,1091.00
O01051,P00723,2,1133.38
O01051,P00801,1,62.85
O01051,P00295,3,1424.13
O01052,P01035,1,434.34
O01053,P00160,2,1501.04
O01053,P00282,1,74.56
O01054,P00689,2,1127.32
O01054,P00192,1,482.03
O01054,P00645,2,1477.10
O01055,P00683,1,130.98
O01056,P01001,1,693.77
O01057,P01106,1,201.68
O01057,P00657,2,1196.36
O01057,P00771,3,2210.91
O01058,P00676,3,583.08
O01059,P00830,2,1264.68
O01060,P00441,1,60.15
O01060,P00012,1,882.48
O01060,P00768,3,2399.49
O01061,P01167,1,652.22
O01062,P00853,1,67.93
O01063,P00074,3,859.35
O01063,P00959,2,177.58
O01064,P01016,3,2137.56
O01064,P00534,2,1707.20
O01065,P00553,3,1026.27
O01065,P00368,2,846.68
O01066,P00998,2,505.08
O01066,P00370,1,87.18
O01066,P00719,2,850.74
O01067,P01144,1,442.39
O01067,P00622,1,767.73
O01068,P00396,2,1713.94
O01068,P00332,2,1242.72
O01069,P00023,2,157.86
O01070,P01018,3,2234.73
O01071,P00788,2,235.82
O01071,P00609,2,1751.06
O01071,P00587,3,968.61
O01072,P00291,3,2096.49
O01072,P00634,2,1057.28
O01072,P01057,2,1369.38
O01073,P00577,3,1639.17
O01073,P00272,1,76.30
O01074,P01152,1,591.06
O01074,P00793,2,1424.64
O01075,P00242,1,220.63
O01076,P00118,3,1904.88
O01076,P00282,1,74.56
O01076,P01106,1,201.68
O01077,P00452,2,441.12
O01077,P00125,2,1210.18
O01078,P00225,2,1558.04
O01079,P00887,3,1016.46
O01079,P01179,3,1488.06
O01080,P00787,3,2303.73
O01080,P00634,1,528.64
O01080,P00431,3,906.15
O01081,P00561,3,1878.42
O01081,P00112,1,68.06
O01082,P01153,1,878.73
O01083,P00892,2,411.10
O01083,P00153,3,2015.16
O01084,P00032,1,141.82
O01084,P00076,1,806.64
O01085,P00688,3,713.37
O01085,P00727,2,401.62
O01085,P00954,1,832.97
O01086,P00654,1,447.74
O01086,P00358,2,1718.78
O01086,P00395,3,1523.34
O01087,P00723,2,1133.38
O01088,P00812,3,1805.64
O01088,P00083,3,1438.98
O01088,P00330,2,1359.16
O01089,P00872,2,1209.00
O01090,P00322,1,651.33
O01090,P00826,3,167.82
O01090,P01126,2,1518.78
O01091,P00298,1,225.04
O01091,P00289,3,2070.81
O01092,P00832,2,1183.18
O01092,P00941,3,462.60
O01092,P00536,2,1343.64
O01093,P00643,2,996.12
O01094,P00835,2,1329.20
O01094,P00344,1,595.17
O01095,P00233,1,861.92
O01095,P00866,3,1348.53
O01095,P00846,3,911.31
O01096,P00075,2,1472.34
O01096,P00335,1,255.65
O01096,P00415,2,1292.24
O01097,P00502,1,704.96
O01097,P00241,3,847.05
O01097,P00916,2,1246.52
O01098,P00080,3,1124.04
O01098,P01188,1,648.82
O01099,P01187,3,2287.29
O01099,P00580,1,220.98
O01100,P00376,2,409.32
O01100,P00063,2,389.80
O01100,P00814,2,1147.50
O01101,P01194,3,417.06
O01102,P00840,1,848.65
O01103,P00830,3,1897.02
O01104,P00008,1,526.63
O01105,P01180,2,1249.54
O01105,P00397,3,2650.80
O01106,P00116,3,2167.65
O01106,P00884,3,339.36
O01107,P01147,1,117.26
O01107,P01126,3,2278.17
O01107,P00676,1,194.36
O01108,P00612,1,58.65
O01108,P00159,3,1680.60
O01109,P00554,2,111.78
O01110,P00629,1,354.80
O01110,P00060,2,97.72
O01110,P01106,3,605.04
O01111,P00147,1,765.25
O01112,P01173,1,722.10
O01113,P00893,3,1479.78
O01114,P00965,1,739.02
O01114,P00676,1,194.36
O01114,P00671,2,510.00
O01115,P00496,3,2232.36
O01115,P01054,2,1464.26
O01116,P00787,1,767.91
O01116,P00988,1,267.58
O01116,P00699,1,217.87
O01117,P01169,2,917.74
O01117,P00889,2,636.28
O01117,P00656,3,2680.47
O01118,P00923,1,361.67
O01119,P00191,2,856.20
O01119,P00635,2,805.20
O01119,P01068,3,2639.10
O01120,P00853,2,135.86
O01120,P00008,3,1579.89
O01120,P00575,2,960.62
O01121,P00842,3,2209.92
O01122,P00744,1,501.34
O01122,P00966,3,702.57
O01122,P00544,2,1156.24
O01123,P00915,3,2191.86
O01123,P00199,2,95.18
O01124,P00837,3,2377.86
O01124,P00102,1,310.61
O01125,P00047,1,744.65
O01125,P00175,1,515.08
O01126,P00600,3,2478.60
O01126,P00467,2,1679.90
O01127,P00624,1,482.16
O01127,P00185,3,956.73
O01128,P00889,1,318.14
O01129,P00170,2,1323.20
O01129,P00738,3,286.68
O01130,P00812,3,1805.64
O01130,P00651,3,1201.98
O01130,P00129,1,63.33
O01131,P00563,2,1199.70
O01132,P01108,1,555.56
O01132,P00748,3,706.74
O01132,P00882,2,903.24
O01133,P00910,2,1429.28
O01134,P00135,2,96.20
O01135,P00884,3,339.36
O01135,P00752,3,1565.94
O01135,P00714,2,1359.50
O01136,P00527,2,793.08
O01136,P00097,2,1461.60
O01136,P01052,3,561.36
O01137,P00540,3,184.65
O01137,P00668,3,1590.87
O01138,P00483,2,1618.12
O01138,P00129,2,126.66
O01138,P01153,1,878.73
O01139,P00497,3,2219.64
O01139,P00004,1,785.97
O01140,P00448,3,588.60
O01140,P00541,2,1464.82
O01140,P00405,3,1295.04
O01141,P00472,2,1681.58
O01141,P00092,2,1755.42
O01142,P00412,3,1773.75
O01142,P00391,3,1270.02
O01142,P00212,3,212.25
O01143,P00762,2,174.24
O01143,P00571,3,573.39
O01144,P01059,3,2181.81
O01144,P00852,3,232.80
O01144,P00722,2,574.66
O01145,P00167,3,2188.35
O01146,P00828,3,62.37
O01146,P00603,1,194.13
O01147,P00913,1,57.12
O01147,P00065,3,433.83
O01147,P00076,3,2419.92
O01148,P00348,2,215.74
O01148,P01178,1,235.90
O01148,P00721,2,1643.22
O01149,P00736,1,272.01
O01150,P01169,3,1376.61
O01150,P00413,1,55.45
O01151,P00299,1,442.53
O01151,P00846,1,303.77
O01151,P00444,2,1601.62
O01152,P00169,2,1074.74
O01152,P00382,3,577.05
O01152,P00557,2,103.00
O01153,P00057,3,2603.46
O01153,P00582,3,1970.55
O01154,P01158,2,1320.88
O01154,P01198,2,403.40
O01155,P01077,3,1647.12
O01155,P00916,1,623.26
O01156,P00131,3,1286.91
O01156,P01085,2,316.34
O01156,P00976,3,2300.01
O01157,P00220,3,2472.00
O01157,P00283,2,1761.06
O01157,P00060,1,48.86
O01158,P00254,2,339.10
O01158,P00351,2,1410.66
O01159,P00808,3,1358.04
O01159,P00925,2,973.12
O01160,P00320,3,1210.74
O01160,P00771,1,736.97
O01160,P00092,3,2633.13
O01161,P00304,1,315.03
O01162,P00409,3,563.67
O01162,P00008,3,1579.89
O01163,P00842,3,2209.92
O01163,P00047,2,1489.30
O01164,P00753,1,728.42
O01164,P00608,1,399.14
O01164,P00233,3,2585.76
O01165,P00116,1,722.55
O01166,P00241,2,564.70
O01166,P00998,2,505.08
O01166,P00177,1,531.88
O01167,P00096,1,391.51
O01168,P00019,3,1386.03
O01168,P00718,3,1012.95
O01169,P00118,2,1269.92
O01169,P00517,2,295.50
O01170,P00038,1,708.28
O01170,P00981,2,1618.34
O01170,P00322,3,1953.99
O01171,P01069,2,1631.48
O01172,P00323,2,546.46
O01172,P00848,1,482.24
O01173,P00282,3,223.68
O01173,P00779,3,1193.64
O01173,P00810,3,1794.39
O01174,P00320,2,807.16
O01174,P00677,1,465.32
O01175,P00064,2,768.28
O01176,P00812,1,601.88
O01176,P00168,3,2309.19
O01177,P00822,2,1624.84
O01178,P00419,1,298.46
O01179,P01196,2,386.68
O01179,P00785,1,781.49
O01180,P00107,3,1833.48
O01180,P00376,2,409.32
O01181,P00722,1,287.33
O01182,P00016,3,1373.40
O01182,P00164,3,2392.65
O01182,P01071,1,769.49
O01183,P00159,1,560.20
O01183,P01183,3,966.69
O01184,P00655,3,819.69
O01184,P01097,3,672.96
O01184,P00931,2,128.28
O01185,P00175,3,1545.24
O01186,P00311,1,224.45
O01186,P01175,2,1056.18
O01187,P00120,1,633.28
O01188,P00531,3,580.80
O01188,P00271,3,640.95
O01189,P00827,1,173.86
O01190,P01134,1,681.84
O01191,P00249,1,232.09
O01192,P00723,3,1700.07
O01192,P00636,3,1981.32
O01192,P00325,2,1423.82
O01193,P00284,1,563.24
O01193,P00773,3,1830.18
O01193,P00254,3,508.65
O01194,P00338,1,283.41
O01194,P00655,3,819.69
O01194,P00788,2,235.82
O01195,P01176,1,369.99
O01195,P00054,1,823.66
O01196,P00127,1,806.38
O01196,P00714,3,2039.25
O01197,P01130,1,251.07
O01198,P00729,1,580.58
O01199,P00736,3,816.03
O01199,P00428,2,1145.34
O01199,P00159,1,560.20
O01200,P00369,3,790.92
O01200,P01182,1,438.99
O01201,P00740,3,2689.50
O01201,P01035,3,1303.02
O01201,P00338,1,283.41
O01202,P00354,1,617.43
O01203,P00250,2,310.66
O01203,P01078,1,708.76
O01203,P00315,3,1245.51
O01204,P00313,2,1460.38
O01204,P00116,1,722.55
O01205,P00639,3,2426.73
O01205,P00281,1,894.84
O01205,P01092,3,202.59
O01206,P00689,3,1690.98
O01207,P00978,3,2552.52
O01207,P00528,3,941.52
O01208,P00914,3,282.87
O01208,P00251,1,575.32
O01208,P00831,2,993.10
O01209,P00647,3,599.97
O01209,P00343,2,113.32
O01209,P00509,2,1349.76
O01210,P00300,1,547.88
O01211,P00581,2,1531.78
O01211,P01022,1,47.65
O01211,P00233,3,2585.76
O01212,P00282,3,223.68
O01213,P00902,3,1642.47
O01214,P01105,1,526.98
O01214,P00012,2,1764.96
O01214,P00869,2,1695.84
O01215,P01142,2,1600.16
O01216,P00167,1,729.45
O01217,P01057,1,684.69
O01217,P00637,3,1512.03
O01217,P01122,1,570.27
O01218,P00884,3,339.36
O01218,P00163,2,1454.16
O01218,P00360,1,578.42
O01219,P00395,1,507.78
O01220,P00185,1,318.91
O01220,P00030,2,1288.44
O01220,P00353,3,1772.01
O01221,P01073,3,1606.32
O01221,P00328,2,1027.54
O01222,P00613,2,761.32
O01222,P00594,1,707.25
O01223,P00166,3,743.52
O01223,P00346,2,317.46
O01224,P00818,1,557.29
O01224,P00129,3,189.99
O01225,P00942,1,874.64
O01225,P00589,1,73.81
O01226,P00179,3,378.12
O01226,P00263,2,1573.18
O01226,P00845,1,296.27
O01227,P00515,1,301.11
O01227,P01198,1,201.70
O01228,P00268,1,443.24
O01228,P00708,2,328.88
O01229,P00599,2,1110.54
O01230,P00141,2,139.00
O01230,P00276,3,1880.88
O01230,P00289,3,2070.81
O01231,P00895,2,529.54
O01231,P00169,3,1612.11
O01232,P00428,3,1718.01
O01233,P00606,1,886.09
O01233,P00572,3,343.02
O01233,P00832,3,1774.77
O01234,P00799,1,172.71
O01234,P00706,1,617.91
O01234,P00197,2,211.64
O01235,P00902,2,1094.98
O01235,P00317,1,459.54
O01236,P00307,3,1628.61
O01236,P00019,2,924.02
O01236,P00055,1,332.53
O01237,P00105,3,1224.21
O01238,P00876,1,722.60
O01238,P00349,1,665.14
O01239,P00555,3,2235.69
O01239,P01037,2,468.58
O01239,P00842,1,736.64
O01240,P00387,1,228.96
O01241,P00240,1,331.28
O01241,P00851,3,1867.50
O01241,P00418,3,2687.28
O01242,P00543,2,351.88
O01242,P00296,2,650.74
O01243,P00794,2,124.56
O01243,P01103,2,1266.64
O01244,P00166,2,495.68
O01244,P00938,2,1429.16
O01245,P00748,3,706.74
O01245,P01058,1,487.47
O01245,P00989,2,756.64
O01246,P01190,2,209.82
O01246,P00447,1,710.36
O01246,P00515,3,903.33
O01247,P00038,1,708.28
O01248,P00160,2,1501.04
O01248,P00840,1,848.65
O01248,P00427,1,258.55
O01249,P00875,1,140.10
O01249,P00524,2,504.24
O01250,P00405,1,431.68
O01250,P00208,2,353.12
O01250,P00859,3,1670.43
O01251,P00647,3,599.97
O01252,P00545,2,1450.82
O01252,P01093,3,217.29
O01253,P00581,1,765.89
O01253,P00621,1,479.65
O01253,P00861,2,521.80
O01254,P00205,1,281.10
O01254,P00910,1,714.64
O01255,P00921,1,286.68
O01255,P00971,3,208.38
O01256,P00413,3,166.35
O01256,P00139,3,2471.55
O01256,P00891,2,947.50
O01257,P00612,2,117.30
O01257,P00514,3,590.28
O01257,P00543,2,351.88
O01258,P00395,2,1015.56
O01258,P00309,2,1757.26
O01258,P01162,2,1320.46
O01259,P00640,1,153.01
O01259,P00117,1,861.62
O01259,P00826,2,111.88
O01260,P00941,3,462.60
O01260,P00939,3,1570.29
O01261,P01194,1,139.02
O01261,P00028,1,277.83
O01262,P00208,3,529.68
O01262,P00758,2,1018.74
O01263,P00719,1,425.37
O01264,P00074,3,859.35
O01264,P01121,1,644.43
O01264,P00683,1,130.98
O01265,P00520,1,842.43
O01265,P00718,2,675.30
O01265,P00428,2,1145.34
O01266,P00435,2,1493.44
O01267,P00787,3,2303.73
O01267,P00786,3,1565.28
O01268,P00270,3,2602.38
O01269,P00513,2,1367.34
O01269,P00520,3,2527.29
O01270,P00148,3,2366.82
O01270,P00395,3,1523.34
O01270,P00817,3,846.60
O01271,P01173,3,2166.30
O01272,P00513,1,683.67
O01272,P00951,2,873.84
O01272,P00843,1,636.22
O01273,P00891,3,1421.25
O01274,P00779,1,397.88
O01274,P00305,1,809.40
O01274,P00695,1,861.50
O01275,P00711,1,849.91
O01275,P00769,2,951.58
O01276,P00628,2,1533.92
O01276,P00864,3,1912.14
O01276,P00927,3,1630.32
O01277,P00188,1,611.30
O01278,P00595,2,616.68
O01278,P00493,1,685.00
O01279,P00951,1,436.92
O01279,P00153,1,671.72
O01280,P01115,2,218.32
O01280,P00651,2,801.32
O01281,P00011,1,60.42
O01282,P01060,3,2572.47
O01282,P01106,1,201.68
O01282,P00140,2,84.08
O01283,P00526,3,683.61
O01283,P00798,2,1750.02
O01284,P00069,3,2143.95
O01285,P00001,3,41.10
O01285,P00247,3,302.61
O01286,P00902,3,1642.47
O01286,P01033,1,366.06
O01286,P00442,2,760.64
O01287,P00797,3,288.57
O01288,P00612,3,175.95
O01288,P00006,2,64.40
O01289,P00030,2,1288.44
O01290,P00230,1,668.11
O01290,P01064,1,853.79
O01290,P01032,1,363.54
O01291,P00861,3,782.70
O01291,P01077,2,1098.08
O01292,P00616,3,1436.40
O01292,P00920,2,920.76
O01292,P00572,1,114.34
O01293,P00037,1,81.91
O01293,P00691,1,137.62
O01293,P00952,3,1995.69
O01294,P01033,2,732.12
O01294,P00892,1,205.55
O01294,P00670,1,879.96
O01295,P00980,1,238.41
O01295,P00375,1,161.23
O01295,P00376,1,204.66
O01296,P00941,1,154.20
O01296,P00485,2,528.58
O01296,P00611,3,2023.56
O01297,P00576,2,1416.46
O01297,P00082,3,2687.58
O01297,P00841,2,765.16
O01298,P00614,2,957.92
O01298,P01055,3,862.59
O01299,P00832,1,591.59
O01299,P00468,3,1054.08
O01299,P01069,1,815.74
O01300,P01064,2,1707.58
O01301,P00562,3,245.13
O01301,P00121,2,868.48
O01301,P00812,1,601.88
O01302,P00468,3,1054.08
O01303,P00665,2,666.54
O01303,P00201,2,1638.56
O01303,P00622,2,1535.46
O01304,P00883,3,413.40
O01304,P00444,2,1601.62
O01305,P00582,3,1970.55
O01305,P00954,1,832.97
O01305,P00210,3,414.57
O01306,P00740,3,2689.50
O01306,P00410,3,1705.65
O01307,P00757,1,155.68
O01307,P00919,3,1131.18
O01308,P00126,2,69.82
O01309,P00031,2,1204.24
O01309,P00318,1,831.01
O01309,P00417,3,1063.77
O01310,P00563,1,599.85
O01310,P00488,3,1104.00
O01311,P01020,3,200.07
O01311,P00750,3,116.07
O01311,P00076,3,2419.92
O01312,P00794,3,186.84
O01312,P00919,2,754.12
O01312,P00702,3,837.00
O01313,P00675,3,2358.78
O01314,P00596,1,854.76
O01314,P01137,1,620.38
O01315,P01066,1,612.73
O01316,P00175,2,1030.16
O01317,P01076,2,711.96
O01317,P00995,3,499.26
O01318,P00545,1,725.41
O01318,P00878,1,116.43
O01319,P00804,3,1948.98
O01319,P00106,1,864.38
O01319,P00312,1,743.98
O01320,P00753,3,2185.26
O01320,P01099,1,652.12
O01321,P00833,2,1144.04
O01321,P00303,1,674.97
O01322,P00575,1,480.31
O01322,P00750,2,77.38
O01322,P00866,3,1348.53
O01323,P00665,3,999.81
O01323,P01051,3,2107.11
O01323,P01034,2,1176.98
O01324,P00982,1,190.18
O01325,P00953,3,1209.96
O01325,P00340,2,1590.90
O01326,P01005,3,871.17
O01326,P00499,2,185.04
O01326,P00816,3,1839.30
O01327,P01123,3,2480.73
O01327,P00336,1,361.25
O01328,P00311,1,224.45
O01329,P00941,2,308.40
O01329,P01011,3,274.41
O01330,P00549,3,2565.93
O01330,P00869,1,847.92
O01331,P00202,2,544.24
O01331,P00157,3,898.86
O01332,P00226,2,55.60
O01332,P01040,1,529.65
O01332,P00139,3,2471.55
O01333,P00723,1,566.69
O01333,P00306,1,853.06
O01333,P00552,1,261.37
O01334,P00861,3,782.70
O01334,P00914,2,188.58
O01334,P01043,3,809.64
O01335,P00966,2,468.38
O01335,P00604,2,834.34
O01335,P00180,3,736.02
O01336,P00855,2,812.26
O01337,P00826,2,111.88
O01337,P00526,1,227.87
O01338,P00018,1,388.93
O01339,P00949,3,1765.11
O01339,P00970,2,1050.74
O01340,P00408,3,879.78
O01340,P00413,3,166.35
O01341,P00739,2,374.30
O01342,P00371,3,1260.33
O01342,P00285,3,1885.17
O01342,P00929,3,1534.86
O01343,P01130,2,502.14
O01344,P00804,1,649.66
O01345,P00729,3,1741.74
O01345,P00889,2,636.28
O01345,P00236,3,1152.42
O01346,P00244,2,604.26
O01346,P00454,3,525.06
O01347,P00560,2,327.06
O01347,P00945,2,1059.24
O01348,P00847,1,540.98
O01349,P01188,2,1297.64
O01350,P01169,2,917.74
O01350,P01174,3,2137.53
O01350,P00834,2,475.04
O01351,P00830,3,1897.02
O01351,P00683,1,130.98
O01351,P01018,1,744.91
O01352,P00452,1,220.56
O01352,P01045,2,1418.60
O01353,P00536,2,1343.64
O01354,P01177,1,96.09
O01354,P00345,1,772.87
O01354,P00482,3,942.75
O01355,P00643,2,996.12
O01355,P00023,3,236.79
O01355,P00874,3,626.46
O01356,P00097,1,730.80
O01356,P00578,2,734.20
O01357,P00845,3,888.81
O01357,P01036,1,191.57
O01358,P00387,1,228.96
O01359,P00786,2,1043.52
O01359,P00458,3,2007.60
O01359,P00449,1,38.56
O01360,P01118,3,2123.94
O01360,P01129,3,343.59
O01361,P00136,1,400.47
O01362,P00285,1,628.39
O01362,P00059,3,2512.98
O01362,P00059,2,1675.32
O01363,P00280,3,1447.32
O01364,P01100,2,1756.80
O01365,P00152,2,845.66
O01365,P00893,3,1479.78
O01366,P00375,2,322.46
O01367,P00139,2,1647.70
O01368,P01178,2,471.80
O01368,P00850,1,196.62
O01369,P00864,2,1274.76
O01369,P00605,1,785.35
O01370,P00490,2,1296.16
O01370,P00976,2,1533.34
O01370,P00090,2,554.18
O01371,P00564,2,181.04
O01371,P00261,2,206.66
O01372,P00529,2,1173.10
O01372,P00518,1,625.00
O01373,P00557,2,103.00
O01374,P00047,3,2233.95
O01374,P00983,2,343.40
O01375,P01165,1,641.41
O01375,P00201,1,819.28
O01375,P00404,1,669.35
O01376,P00451,2,149.42
O01376,P00811,3,2077.80
O01376,P00477,2,1621.32
O01377,P01028,2,1273.68
O01377,P00172,3,1584.33
O01377,P00969,1,495.65
O01378,P00727,3,602.43
O01378,P00370,3,261.54
O01378,P00928,2,1003.70
O01379,P00747,3,439.50
O01379,P00804,2,1299.32
O01380,P00803,3,1624.23
O01381,P00154,3,1240.50
O01382,P00501,2,1587.50
O01383,P00552,3,784.11
O01384,P00290,1,504.90
O01384,P00095,3,426.63
O01385,P01126,3,2278.17
O01386,P00657,1,598.18
O01386,P00927,3,1630.32
O01387,P00311,3,673.35
O01387,P00822,3,2437.26
O01387,P00812,1,601.88
O01388,P00504,3,511.83
O01388,P01200,2,1007.62
O01388,P00199,2,95.18
O01389,P00632,3,1128.66
O01390,P00785,2,1562.98
O01390,P00632,2,752.44
O01390,P00279,1,660.29
O01391,P00727,1,200.81
O01392,P00385,3,1355.22
O01392,P00843,1,636.22
O01392,P01165,1,641.41
O01393,P00058,2,435.86
O01393,P00383,2,445.60
O01393,P00092,1,877.71
O01394,P00517,3,443.25
O01394,P00495,1,226.28
O01395,P00157,1,299.62
O01396,P00793,3,2136.96
O01396,P00718,2,675.30
O01397,P00297,3,957.39
O01397,P00743,1,249.98
O01398,P00655,1,273.23
O01398,P00306,1,853.06
O01398,P00923,2,723.34
O01399,P00149,1,230.38
O01400,P00355,3,1353.72
O01401,P00252,1,41.15
O01401,P00095,1,142.21
O01402,P00745,1,477.56
O01402,P00046,2,722.82
O01402,P00214,2,1544.08
O01403,P00093,1,466.74
O01404,P00188,1,611.30
O01404,P00815,2,1222.06
O01404,P00637,2,1008.02
O01405,P00025,3,2009.13
O01406,P00221,3,63.96
O01406,P00829,3,1370.76
O01406,P01109,3,1026.15
O01407,P01182,2,877.98
O01407,P00351,1,705.33
O01408,P00597,1,701.17
O01408,P01188,2,1297.64
O01408,P00505,1,45.38
O01409,P01116,2,835.38
O01409,P00416,2,1162.42
O01409,P00489,1,747.33
O01410,P01153,2,1757.46
O01410,P00857,1,62.25
O01410,P01135,1,420.02
O01411,P00443,2,322.20
O01411,P00631,3,546.03
O01412,P00915,3,2191.86
O01412,P00179,2,252.08
O01413,P00526,3,683.61
O01413,P00060,2,97.72
O01414,P00887,1,338.82
O01414,P00035,2,62.94
O01415,P00688,1,237.79
O01416,P00352,1,297.40
O01416,P00446,3,1597.02
O01417,P01130,3,753.21
O01417,P00837,2,1585.24
O01418,P00285,2,1256.78
O01418,P00754,1,715.12
O01418,P00368,3,1270.02
O01419,P00628,2,1533.92
O01419,P00736,2,544.02
O01419,P01037,1,234.29
O01420,P00906,2,935.92
O01420,P00266,1,796.58
O01421,P00230,1,668.11
O01421,P01149,1,208.21
O01422,P00845,3,888.81
O01422,P00460,1,351.01
O01423,P00664,3,504.96
O01423,P00101,1,795.95
O01424,P00400,3,621.90
O01424,P00445,1,692.26
O01424,P01019,2,86.18
O01425,P01137,1,620.38
O01425,P00929,3,1534.86
O01425,P00750,2,77.38
O01426,P00526,2,455.74
O01426,P00707,3,322.08
O01426,P00577,1,546.39
O01427,P00687,2,575.58
O01427,P01047,1,303.49
O01427,P00606,2,1772.18
O01428,P00131,2,857.94
O01429,P00614,2,957.92
O01429,P01019,1,43.09
O01429,P00316,2,993.14
O01430,P00719,2,850.74
O01431,P00189,3,2109.12
O01431,P01092,2,135.06
O01431,P00283,2,1761.06
O01432,P01099,1,652.12
O01432,P00495,1,226.28
O01433,P01196,3,580.02
O01433,P00244,1,302.13
O01434,P00859,1,556.81
O01434,P00960,2,1584.18
O01434,P00237,3,2417.16
O01435,P00075,2,1472.34
O01435,P00003,1,559.27
O01435,P00256,1,879.01
O01436,P00187,3,2468.10
O01437,P01170,3,1893.81
O01437,P00668,1,530.29
O01437,P00709,1,88.84
O01438,P00345,1,772.87
O01438,P01169,2,917.74
O01438,P00642,1,273.80
O01439,P01048,1,597.73
O01439,P00291,2,1397.66
O01440,P00485,2,528.58
O01440,P00012,3,2647.44
O01440,P00783,3,1200.30
O01441,P00818,2,1114.58
O01442,P01049,3,394.44
O01442,P00144,2,759.46
O01442,P01022,3,142.95
O01443,P00225,1,779.02
O01444,P00016,3,1373.40
O01444,P01166,3,1990.53
O01445,P00384,1,635.91
O01445,P01102,2,1138.30
O01446,P00662,3,2538.09
O01446,P00312,3,2231.94
O01446,P00529,2,1173.10
O01447,P00907,3,112.44
O01447,P00910,3,2143.92
O01448,P00953,2,806.64
O01448,P00719,3,1276.11
O01449,P00831,2,993.10
O01449,P00484,1,560.58
O01449,P00939,3,1570.29
O01450,P00252,1,41.15
O01451,P00482,2,628.50
O01451,P00464,1,802.16
O01451,P00883,1,137.80
O01452,P00196,1,368.22
O01453,P00256,1,879.01
O01453,P00824,3,2044.77
O01453,P00181,3,559.56
O01454,P00809,2,65.92
O01454,P00086,2,334.38
O01455,P00600,1,826.20
O01455,P00657,1,598.18
O01456,P01029,3,1620.33
O01457,P00920,2,920.76
O01457,P00045,1,515.49
O01458,P00120,2,1266.56
O01458,P00799,2,345.42
O01458,P00323,3,819.69
O01459,P00246,1,593.84
O01460,P00490,3,1944.24
O01461,P00730,1,52.52
O01461,P01020,3,200.07
O01461,P00013,1,253.18
O01462,P00588,3,1290.96
O01462,P00385,2,903.48
O01462,P00292,3,224.97
O01463,P01028,2,1273.68
O01463,P00658,1,390.64
O01464,P00063,3,584.70
O01464,P01177,3,288.27
O01465,P00090,1,277.09
O01465,P00307,3,1628.61
O01466,P00132,1,483.11
O01467,P01197,1,419.24
O01467,P00393,1,425.87
O01467,P00822,2,1624.84
O01468,P00453,1,57.60
O01468,P00658,3,1171.92
O01469,P01156,2,106.22
O01469,P00460,2,702.02
O01470,P00408,3,879.78
O01471,P00952,3,1995.69
O01471,P01147,1,117.26
O01472,P00248,3,1608.84
O01472,P01047,3,910.47
O01473,P01106,1,201.68
O01473,P01064,1,853.79
O01473,P00061,1,413.48
O01474,P00028,2,555.66
O01474,P00480,2,1162.54
O01475,P00725,1,662.77
O01475,P01114,1,140.14
O01476,P00415,2,1292.24
O01477,P00697,3,2384.37
O01477,P00744,1,501.34
O01477,P01056,2,669.20
O01478,P00863,3,1462.83
O01478,P00144,1,379.73
O01479,P00198,3,1518.48
O01480,P00027,3,549.96
O01480,P01158,2,1320.88
O01480,P00533,2,1551.38
O01481,P00771,2,1473.94
O01481,P00166,3,743.52
O01482,P00665,2,666.54
O01482,P00227,3,530.16
O01482,P00017,1,190.83
O01483,P00828,1,20.79
O01483,P00164,3,2392.65
O01483,P00770,1,249.98
O01484,P00375,1,161.23
O01484,P00935,1,282.11
O01484,P00282,1,74.56
O01485,P01091,1,391.92
O01486,P01129,1,114.53
O01486,P00896,1,125.37
O01486,P00560,2,327.06
O01487,P00911,3,2129.31
O01487,P00165,1,627.87
O01488,P00160,2,1501.04
O01489,P00654,2,895.48
O01490,P00993,2,1405.02
O01490,P00549,1,855.31
O01491,P01025,3,1263.18
O01491,P00289,3,2070.81
O01491,P00170,1,661.60
O01492,P00483,3,2427.18
O01493,P00393,1,425.87
O01493,P00952,1,665.23
O01493,P00341,1,123.25
O01494,P00665,2,666.54
O01495,P00998,3,757.62
O01495,P00407,1,110.30
O01496,P00037,1,81.91
O01497,P00816,1,613.10
O01497,P00374,2,871.06
O01497,P00502,3,2114.88
O01498,P00736,1,272.01
O01499,P00221,3,63.96
O01499,P00342,2,1632.22
O01499,P00013,3,759.54
O01500,P00653,2,1675.02
O01501,P00417,3,1063.77
O01501,P01156,1,53.11
O01502,P00300,1,547.88
O01502,P00649,3,433.38
O01502,P01164,2,551.46
O01503,P01199,2,1135.62
O01503,P00627,3,2466.21
O01504,P00261,1,103.33
O01505,P00266,1,796.58
O01505,P00601,1,437.41
O01506,P00669,3,1744.44
O01507,P00799,2,345.42
O01507,P00831,3,1489.65
O01508,P00125,3,1815.27
O01508,P00927,3,1630.32
O01508,P00566,1,875.37
O01509,P00967,3,2347.08
O01509,P00697,2,1589.58
O01510,P00066,3,1593.96
O01510,P00113,1,383.99
O01510,P00318,2,1662.02
O01511,P00179,1,126.04
O01511,P00828,3,62.37
O01512,P01105,1,526.98
O01512,P00314,1,690.08
O01512,P00999,3,1270.44
O01513,P01165,2,1282.82
O01513,P00940,1,227.72
O01513,P00026,2,1476.88
O01514,P00508,1,631.03
O01514,P00767,2,1632.18
O01515,P00950,2,1581.12
O01515,P00270,1,867.46
O01516,P01151,3,2282.37
O01516,P00580,1,220.98
O01516,P00913,3,171.36
O01517,P01122,2,1140.54
O01517,P00299,1,442.53
O01518,P00540,1,61.55
O01518,P00043,2,607.04
O01518,P00688,3,713.37
O01519,P01157,2,1544.88
O01520,P00995,2,332.84
O01520,P00070,1,429.16
O01520,P01127,2,230.36
O01521,P00655,3,819.69
O01521,P00184,3,2118.63
O01521,P01053,3,287.55
O01522,P00639,2,1617.82
O01522,P00278,2,1422.84
O01522,P00468,3,1054.08
O01523,P00140,1,42.04
O01524,P01041,3,1838.28
O01524,P00954,3,2498.91
O01525,P00131,3,1286.91
O01526,P00997,2,1659.32
O01526,P00844,2,366.22
O01526,P00798,1,875.01
O01527,P00406,2,950.38
O01527,P00962,2,589.00
O01527,P00731,2,440.74
O01528,P00400,2,414.60
O01528,P00113,1,383.99
O01528,P00383,2,445.60
O01529,P00682,2,931.46
O01530,P01003,3,2241.96
O01530,P00787,1,767.91
O01530,P01174,3,2137.53
O01531,P00617,2,1006.78
O01531,P00230,2,1336.22
O01532,P01033,1,366.06
O01532,P00155,3,2377.47
O01533,P00223,3,1120.62
O01533,P00213,1,846.02
O01533,P00508,1,631.03
O01534,P00698,1,69.92
O01534,P01031,1,560.37
O01534,P01151,3,2282.37
O01535,P00192,3,1446.09
O01536,P00708,1,164.44
O01536,P00814,1,573.75
O01537,P00669,3,1744.44
O01537,P00660,2,1300.96
O01538,P00855,2,812.26
O01538,P00055,1,332.53
O01539,P00528,3,941.52
O01540,P00899,2,1673.10
O01541,P01081,3,2688.99
O01541,P00892,1,205.55
O01542,P00198,3,1518.48
O01543,P00378,2,551.14
O01544,P00454,2,350.04
O01544,P01069,3,2447.22
O01545,P00626,2,1532.18
O01546,P01052,2,374.24
O01546,P00712,1,747.78
O01546,P00294,2,1171.24
O01547,P01049,3,394.44
O01547,P00395,2,1015.56
O01547,P00176,2,322.24
O01548,P00624,2,964.32
O01548,P01138,2,135.58
O01549,P00641,2,643.94
O01550,P01086,2,1650.70
O01550,P00112,1,68.06
O01551,P00476,1,183.33
O01551,P00967,3,2347.08
O01551,P00687,1,287.79
O01552,P00764,3,1701.96
O01553,P00898,3,1853.13
O01553,P00333,3,201.03
O01553,P00909,3,1885.53
O01554,P00311,1,224.45
O01555,P00863,2,975.22
O01556,P00809,2,65.92
O01556,P00487,2,327.92
O01557,P00023,2,157.86
O01557,P00429,3,203.22
O01558,P01032,3,1090.62
O01558,P01164,2,551.46
O01559,P00484,2,1121.16
O01559,P00668,2,1060.58
O01560,P00238,1,128.44
O01561,P00385,2,903.48
O01562,P00281,2,1789.68
O01562,P00054,2,1647.32
O01562,P00359,2,465.48
O01563,P00624,3,1446.48
O01563,P00906,1,467.96
O01563,P01028,2,1273.68
O01564,P00096,3,1174.53
O01565,P00199,1,47.59
O01565,P01067,1,863.02
O01565,P00652,2,54.46
O01566,P00151,3,2520.03
O01567,P00387,2,457.92
O01567,P00087,1,200.26
O01567,P01021,2,1742.08
O01568,P00473,3,2436.12
O01568,P00575,3,1440.93
O01569,P01143,2,1649.12
O01569,P00720,2,1674.78
O01570,P00161,2,90.16
O01570,P00845,1,296.27
O01571,P00165,1,627.87
O01571,P00784,2,888.52
O01571,P00408,2,586.52
O01572,P01092,3,202.59
O01573,P00085,2,935.46
O01573,P00324,2,621.10
O01574,P00553,2,684.18
O01574,P01009,3,1421.10
O01574,P00089,2,1504.86
O01575,P00193,1,322.18
O01575,P00371,3,1260.33
O01575,P01190,1,104.91
O01576,P00779,2,795.76
O01576,P00108,3,1916.01
O01577,P00244,2,604.26
O01577,P00761,3,1092.18
O01577,P01000,3,2629.35
O01578,P00154,1,413.50
O01578,P00622,3,2303.19
O01578,P01056,2,669.20
O01579,P00869,2,1695.84
O01579,P00640,3,459.03
O01580,P00538,2,124.20
O01580,P00363,1,612.60
O01580,P00913,3,171.36
O01581,P00198,1,506.16
O01581,P00469,3,1020.30
O01581,P00573,2,1378.54
O01582,P01043,1,269.88
O01582,P00802,2,73.08
O01582,P01146,1,652.58
O01583,P00370,1,87.18
O01584,P00139,3,2471.55
O01585,P00211,3,111.09
O01585,P00724,2,499.66
O01585,P00666,1,303.26
O01586,P00077,1,200.14
O01586,P00555,2,1490.46
O01587,P00112,1,68.06
O01587,P00258,2,1502.54
O01588,P00088,3,696.75
O01588,P00593,2,1506.12
O01588,P00656,3,2680.47
O01589,P00616,2,957.60
O01589,P00197,2,211.64
O01589,P00959,3,266.37
O01590,P00499,3,277.56
O01590,P00922,3,1614.27
O01591,P00110,1,518.77
O01592,P00665,1,333.27
O01593,P00298,1,225.04
O01593,P01073,2,1070.88
O01593,P00005,1,28.50
O01594,P01037,3,702.87
O01594,P00608,2,798.28
O01594,P00136,3,1201.41
O01595,P00564,2,181.04
O01595,P01045,1,709.30
O01596,P00251,2,1150.64
O01597,P00805,2,1688.02
O01597,P00253,1,129.35
O01597,P00961,2,1145.26
O01598,P01049,1,131.48
O01599,P00310,2,1541.98
O01599,P00037,1,81.91
O01599,P00725,3,1988.31
O01600,P01109,3,1026.15
O01600,P00724,1,249.83
O01600,P01189,2,163.74
O01601,P00680,2,1654.80
O01601,P00130,3,2164.47
O01602,P00636,3,1981.32
O01602,P00229,1,317.59
O01603,P00672,1,149.87
O01604,P00192,3,1446.09
O01604,P00409,3,563.67
O01605,P00321,3,1384.11
O01605,P00325,2,1423.82
O01605,P01164,2,551.46
O01606,P00469,2,680.20
O01606,P00617,3,1510.17
O01607,P00268,2,886.48
O01607,P00044,1,890.99
O01608,P00032,2,283.64
O01608,P00388,1,896.63
O01609,P00881,1,781.51
O01609,P00963,3,2196.00
O01609,P01049,2,262.96
O01610,P00013,3,759.54
O01611,P00163,2,1454.16
O01612,P00164,2,1595.10
O01613,P00177,3,1595.64
O01613,P00896,2,250.74
O01614,P00172,3,1584.33
O01614,P00206,3,1736.58
O01615,P00958,3,2570.61
O01615,P01159,3,963.00
O01616,P00742,2,1453.72
O01616,P00301,1,39.98
O01617,P00614,1,478.96
O01618,P00936,3,1404.69
O01618,P00918,3,1536.21
O01618,P01106,3,605.04
O01619,P00830,1,632.34
O01620,P01042,2,642.14
O01621,P00348,3,323.61
O01622,P00529,1,586.55
O01622,P01156,3,159.33
O01622,P00652,1,27.23
O01623,P01010,1,259.13
O01623,P00568,2,600.72
O01623,P01027,1,228.77
O01624,P00214,2,1544.08
O01624,P01094,2,1263.48
O01625,P01127,2,230.36
O01625,P00307,3,1628.61
O01626,P00411,1,565.49
O01626,P00789,3,687.90
O01626,P01011,2,182.94
O01627,P00813,2,826.84
O01627,P00953,2,806.64
O01627,P00035,2,62.94
O01628,P01181,3,627.93
O01628,P00137,3,1903.29
O01629,P00412,3,1773.75
O01629,P00734,2,1523.44
O01629,P01020,1,66.69
O01630,P00858,2,1222.22
O01631,P00931,3,192.42
O01632,P00787,3,2303.73
O01632,P00615,2,396.90
O01632,P00659,1,588.14
O01633,P00881,3,2344.53
O01633,P00923,2,723.34
O01634,P00739,2,374.30
O01635,P00826,2,111.88
O01635,P00678,3,2595.57
O01636,P00888,1,463.45
O01637,P00487,2,327.92
O01638,P00710,3,1295.91
O01638,P00011,1,60.42
O01638,P00503,1,292.95
O01639,P00925,3,1459.68
O01639,P00358,1,859.39
O01640,P00237,2,1611.44
O01640,P00305,3,2428.20
O01641,P01079,3,543.24
O01642,P00750,3,116.07
O01642,P01103,1,633.32
O01643,P00469,2,680.20
O01643,P00566,3,2626.11
O01643,P01147,2,234.52
O01644,P00236,3,1152.42
O01644,P00097,1,730.80
O01645,P01187,1,762.43
O01645,P00787,1,767.91
O01646,P00714,2,1359.50
O01647,P00017,3,572.49
O01648,P00211,1,37.03
O01648,P00262,3,1112.82
O01649,P00460,2,702.02
O01650,P00656,3,2680.47
O01650,P00877,2,167.66
O01650,P00617,1,503.39
O01651,P00044,3,2672.97
O01651,P00585,3,1231.29
O01651,P00367,2,1646.38
O01652,P00867,2,598.56
O01652,P00481,1,294.25
O01652,P01069,1,815.74
O01653,P00508,3,1893.09
O01654,P00182,1,803.56
O01655,P00152,3,1268.49
O01655,P00582,2,1313.70
O01655,P01165,1,641.41
O01656,P00900,2,1050.36
O01656,P00062,1,499.95
O01657,P00633,3,81.45
O01657,P00040,3,1434.27
O01658,P00289,1,690.27
O01658,P00341,1,123.25
O01659,P01190,3,314.73
O01659,P00538,1,62.10
O01659,P00370,2,174.36
O01660,P00021,2,328.90
O01661,P00017,1,190.83
O01662,P00776,3,153.99
O01662,P00079,1,866.65
O01663,P00059,1,837.66
O01663,P00571,3,573.39
O01664,P00886,3,337.14
O01664,P00141,2,139.00
O01665,P00331,2,1624.66
O01666,P00438,1,473.63
O01667,P00076,1,806.64
O01667,P00196,1,368.22
O01667,P00497,1,739.88
O01668,P00144,3,1139.19
O01669,P00075,1,736.17
O01669,P00631,1,182.01
O01670,P00820,1,391.11
O01671,P01120,2,886.78
O01671,P00452,2,441.12
O01671,P00262,2,741.88
O01672,P00395,1,507.78
O01673,P00843,3,1908.66
O01673,P00817,2,564.40
O01673,P00637,2,1008.02
O01674,P00974,3,1897.32
O01674,P01200,3,1511.43
O01674,P01138,3,203.37
O01675,P00703,3,2178.93
O01676,P00320,1,403.58
O01676,P01122,2,1140.54
O01676,P00995,1,166.42
O01677,P00354,3,1852.29
O01678,P00040,2,956.18
O01678,P00903,1,98.49
O01678,P01179,1,496.02
O01679,P00470,1,176.31
O01680,P01117,3,576.78
O01680,P00121,2,868.48
O01681,P00623,2,60.48
O01681,P00338,3,850.23
O01682,P00411,1,565.49
O01682,P00769,3,1427.37
O01683,P00391,1,423.34
O01683,P00449,1,38.56
O01684,P01156,2,106.22
O01684,P00124,3,2423.79
O01684,P00344,2,1190.34
O01685,P00865,3,1714.26
O01686,P00887,1,338.82
O01687,P00469,3,1020.30
O01687,P00722,2,574.66
O01687,P00835,3,1993.80
O01688,P00587,2,645.74
O01688,P01128,1,449.19
O01688,P00890,3,1823.28
O01689,P00546,2,1607.40
O01690,P00278,2,1422.84
O01690,P01117,1,192.26
O01691,P01074,1,160.30
O01691,P01014,3,2408.43
O01691,P00874,2,417.64
O01692,P00667,3,1702.62
O01692,P00812,2,1203.76
O01692,P00555,2,1490.46
O01693,P00064,3,1152.42
O01693,P00298,2,450.08
O01693,P00292,3,224.97
O01694,P00162,3,1130.34
O01694,P00903,3,295.47
O01695,P00108,3,1916.01
O01695,P00793,1,712.32
O01696,P00558,2,1169.58
O01696,P00086,2,334.38
O01696,P00938,3,2143.74
O01697,P00991,3,1119.06
O01697,P00987,3,1676.13
O01697,P00081,1,528.82
O01698,P00805,1,844.01
O01699,P00419,1,298.46
O01700,P01008,2,1508.94
O01700,P00235,3,1836.60
O01701,P00120,3,1899.84
O01701,P00046,2,722.82
O01702,P00924,1,702.94
O01703,P00881,3,2344.53
O01704,P00966,3,702.57
O01705,P00681,2,1577.54
O01706,P00962,1,294.50
O01706,P00969,1,495.65
O01706,P00987,1,558.71
O01707,P00110,1,518.77
O01707,P00485,1,264.29
O01707,P00626,3,2298.27
O01708,P00918,3,1536.21
O01708,P00015,3,500.91
O01708,P00240,2,662.56
O01709,P00669,1,581.48
O01709,P00862,1,133.68
O01709,P01126,3,2278.17
O01710,P00970,3,1576.11
O01710,P00773,1,610.06
O01710,P00278,3,2134.26
O01711,P00426,3,1505.19
O01711,P01115,2,218.32
O01711,P00828,1,20.79
O01712,P00409,1,187.89
O01712,P00834,2,475.04
O01713,P00537,3,1943.94
O01713,P00437,1,635.10
O01714,P00290,1,504.90
O01715,P00505,1,45.38
O01715,P01115,3,327.48
O01716,P00272,3,228.90
O01716,P01178,3,707.70
O01716,P00576,2,1416.46
O01717,P00317,3,1378.62
O01718,P01129,3,343.59
O01718,P00633,3,81.45
O01718,P00370,2,174.36
O01719,P00286,1,324.41
O01719,P01081,3,2688.99
O01720,P00343,1,56.66
O01720,P00384,3,1907.73
O01721,P00282,3,223.68
O01722,P00669,1,581.48
O01723,P01084,3,1265.55
O01723,P00095,2,284.42
O01723,P00117,3,2584.86
O01724,P01172,2,1112.82
O01724,P00886,1,112.38
O01724,P01068,2,1759.40
O01725,P00973,3,2442.33
O01726,P00103,1,573.94
O01727,P01168,3,2638.83
O01727,P00108,2,1277.34
O01728,P00806,3,2399.76
O01729,P00938,2,1429.16
O01729,P00998,3,757.62
O01730,P00691,1,137.62
O01730,P00339,3,1646.88
O01730,P00679,3,2392.11
O01731,P01184,2,1123.22
O01731,P00322,1,651.33
O01731,P00257,1,293.81
O01732,P00667,3,1702.62
O01733,P01032,1,363.54
O01734,P00975,2,695.30
O01735,P00902,2,1094.98
O01735,P00228,2,109.90
O01736,P00811,2,1385.20
O01737,P00232,3,1708.11
O01738,P00963,3,2196.00
O01738,P00523,3,1508.10
O01739,P00104,2,1634.40
O01740,P00281,3,2684.52
O01740,P00455,1,350.43
O01741,P00218,3,72.78
O01741,P00419,1,298.46
O01741,P00001,2,27.40
O01742,P00594,1,707.25
O01743,P00387,1,228.96
O01743,P01067,2,1726.04
O01743,P00642,2,547.60
O01744,P00572,2,228.68
O01744,P00608,1,399.14
O01744,P00962,1,294.50
O01745,P00420,3,1321.59
O01746,P01108,1,555.56
O01746,P00791,2,1402.28
O01746,P00705,3,187.89
O01747,P00181,2,373.04
O01748,P00015,1,166.97
O01748,P00559,3,2368.74
O01748,P00887,3,1016.46
O01749,P00405,2,863.36
O01750,P00180,2,490.68
O01751,P00760,1,288.75
O01752,P00091,2,566.62
O01753,P00825,2,825.24
O01753,P01009,1,473.70
O01754,P00482,3,942.75
O01755,P00136,3,1201.41
O01756,P00305,2,1618.80
O01757,P00983,2,343.40
O01757,P00468,1,351.36
O01757,P00894,1,272.60
O01758,P01085,3,474.51
O01758,P00503,3,878.85
O01758,P00225,2,1558.04
O01759,P00469,2,680.20
O01759,P00859,3,1670.43
O01759,P00334,1,313.90
O01760,P00842,1,736.64
O01761,P01150,1,661.15
O01761,P00659,3,1764.42
O01761,P00113,3,1151.97
O01762,P00469,2,680.20
O01762,P00565,1,480.36
O01762,P01058,2,974.94
O01763,P00977,2,546.42
O01763,P00379,2,635.72
O01763,P00601,2,874.82
O01764,P00568,1,300.36
O01764,P00473,1,812.04
O01765,P00531,1,193.60
O01765,P00553,2,684.18
O01765,P00830,1,632.34
O01766,P00423,3,101.19
O01767,P00229,2,635.18
O01767,P00342,1,816.11
O01767,P00429,2,135.48
O01768,P01005,1,290.39
O01769,P00587,3,968.61
O01769,P00939,2,1046.86
O01769,P00692,2,1451.20
O01770,P00428,1,572.67
O01771,P00817,1,282.20
O01771,P00449,2,77.12
O01771,P00834,3,712.56
O01772,P00253,1,129.35
O01773,P00649,1,144.46
O01773,P00075,1,736.17
O01773,P01116,3,1253.07
O01774,P00560,2,327.06
O01774,P00786,2,1043.52
O01775,P00808,1,452.68
O01776,P00244,3,906.39
O01777,P00207,1,514.18
O01778,P00387,1,228.96
O01778,P00489,1,747.33
O01778,P00119,1,617.63
O01779,P00740,1,896.50
O01780,P00183,2,1392.72
O01780,P00780,2,1449.28
O01780,P00504,1,170.61
O01781,P00612,3,175.95
O01781,P00921,1,286.68
O01781,P00981,2,1618.34
O01782,P00098,3,458.19
O01782,P00325,2,1423.82
O01783,P01163,3,636.24
O01783,P00087,3,600.78
O01784,P00578,2,734.20
O01784,P00283,1,880.53
O01784,P00830,3,1897.02
O01785,P00415,1,646.12
O01785,P00874,2,417.64
O01785,P01091,2,783.84
O01786,P00840,1,848.65
O01786,P00857,1,62.25
O01786,P00687,2,575.58
O01787,P00475,1,781.61
O01788,P00105,1,408.07
O01789,P00869,1,847.92
O01790,P00138,2,1795.98
O01790,P01024,2,905.02
O01791,P00976,1,766.67
O01792,P01011,2,182.94
O01792,P00748,2,471.16
O01792,P00980,2,476.82
O01793,P00284,3,1689.72
O01793,P00751,3,1008.36
O01793,P00250,1,155.33
O01794,P00329,3,1661.28
O01794,P00805,3,2532.03
O01795,P00276,1,626.96
O01795,P00995,1,166.42
O01796,P01125,1,626.72
O01797,P01117,1,192.26
O01797,P00201,1,819.28
O01798,P00491,3,1238.61
O01799,P00003,2,1118.54
O01800,P00172,1,528.11
O01800,P00691,1,137.62
O01801,P00607,1,864.25
O01801,P00671,3,765.00
O01801,P00509,1,674.88
O01802,P00491,2,825.74
O01802,P00485,1,264.29
O01802,P00698,1,69.92
O01803,P00281,1,894.84
O01804,P00640,3,459.03
O01805,P00504,3,511.83
O01805,P00785,2,1562.98
O01805,P01099,1,652.12
O01806,P00689,2,1127.32
O01807,P00483,2,1618.12
O01808,P00933,3,244.83
O01808,P00084,3,1187.01
O01809,P00987,2,1117.42
O01810,P00952,2,1330.46
O01810,P01197,3,1257.72
O01810,P00078,1,491.77
O01811,P00439,3,477.21
O01811,P00699,2,435.74
O01811,P00523,3,1508.10
O01812,P00714,1,679.75
O01813,P00496,3,2232.36
O01813,P00675,2,1572.52
O01813,P00552,1,261.37
O01814,P00785,3,2344.47
O01814,P00596,2,1709.52
O01814,P00298,2,450.08
O01815,P00871,1,281.05
O01816,P00671,3,765.00
O01816,P00998,1,252.54
O01817,P00675,2,1572.52
O01817,P00575,3,1440.93
O01818,P00366,1,56.12
O01818,P00441,2,120.30
O01818,P00061,2,826.96
O01819,P00209,3,534.15
O01819,P00419,1,298.46
O01819,P00745,1,477.56
O01820,P00174,1,741.80
O01821,P00714,2,1359.50
O01821,P01112,2,1516.18
O01822,P00269,2,565.12
O01823,P00516,2,1260.80
O01823,P00141,3,208.50
O01824,P00558,3,1754.37
O01825,P00541,1,732.41
O01826,P00022,2,857.60
O01826,P00375,3,483.69
O01827,P00455,3,1051.29
O01828,P00939,1,523.43
O01828,P00961,1,572.63
O01828,P00730,1,52.52
O01829,P00973,3,2442.33
O01829,P00185,1,318.91
O01829,P00082,3,2687.58
O01830,P00828,1,20.79
O01830,P00630,1,141.67
O01830,P00091,3,849.93
O01831,P00886,3,337.14
O01832,P00065,2,289.22
O01833,P00809,1,32.96
O01834,P00019,2,924.02
O01835,P00269,1,282.56
O01836,P01174,2,1425.02
O01836,P01154,3,1058.10
O01837,P00603,3,582.39
O01838,P00967,3,2347.08
O01838,P00882,1,451.62
O01839,P00278,3,2134.26
O01839,P00307,3,1628.61
O01840,P00905,3,731.58
O01840,P00386,3,255.87
O01840,P00306,2,1706.12
O01841,P00787,2,1535.82
O01841,P00968,1,571.28
O01841,P01023,2,1768.12
O01842,P00201,1,819.28
O01842,P00871,2,562.10
O01843,P00817,3,846.60
O01844,P00320,3,1210.74
O01845,P00473,3,2436.12
O01845,P00695,2,1723.00
O01845,P00363,1,612.60
O01846,P00896,3,376.11
O01846,P00577,3,1639.17
O01847,P00860,2,756.52
O01847,P00152,3,1268.49
O01848,P00722,1,287.33
O01848,P00586,2,66.34
O01848,P00169,2,1074.74
O01849,P00734,2,1523.44
O01849,P00621,2,959.30
O01849,P00374,2,871.06
O01850,P00699,1,217.87
O01851,P00187,3,2468.10
O01851,P00665,2,666.54
O01852,P00094,1,365.38
O01852,P00827,3,521.58
O01853,P01157,2,1544.88
O01854,P00406,3,1425.57
O01854,P00639,1,808.91
O01854,P01184,3,1684.83
O01855,P00401,3,366.81
O01855,P00840,1,848.65
O01856,P00136,2,800.94
O01857,P00872,1,604.50
O01858,P00545,3,2176.23
O01858,P00095,1,142.21
O01859,P00200,1,741.16
O01860,P00932,3,527.55
O01861,P00409,1,187.89
O01861,P01129,3,343.59
O01861,P00696,1,207.90
O01862,P01138,1,67.79
O01862,P00881,2,1563.02
O01863,P00770,2,499.96
O01863,P00746,1,701.94
O01863,P00049,3,2388.66
O01864,P00198,1,506.16
O01865,P00923,2,723.34
O01866,P00463,3,964.47
O01866,P00790,3,2679.81
O01866,P00933,3,244.83
O01867,P00382,1,192.35
O01867,P00340,1,795.45
O01868,P00340,2,1590.90
O01868,P00621,2,959.30
O01868,P00300,3,1643.64
O01869,P00327,2,873.38
O01869,P00160,2,1501.04
O01869,P00015,1,166.97
O01870,P00763,2,283.30
O01870,P00759,2,604.34
O01870,P00475,1,781.61
O01871,P01185,3,2028.63
O01871,P00379,3,953.58
O01871,P00320,1,403.58
O01872,P00066,1,531.32
O01872,P00504,2,341.22
O01873,P00492,2,213.12
O01874,P00555,2,1490.46
O01874,P00118,2,1269.92
O01874,P00988,2,535.16
O01875,P00121,3,1302.72
O01876,P01164,1,275.73
O01876,P00374,3,1306.59
O01876,P00195,2,435.40
O01877,P00104,3,2451.60
O01878,P00487,2,327.92
O01878,P00639,3,2426.73
O01878,P00307,1,542.87
O01879,P01022,3,142.95
O01880,P00128,2,90.16
O01881,P00133,3,2417.31
O01882,P00788,3,353.73
O01882,P00144,1,379.73
O01883,P00685,3,719.85
O01884,P00914,1,94.29
O01885,P00542,2,1220.40
O01885,P00376,2,409.32
O01886,P01050,2,1087.06
O01887,P00275,2,1082.20
O01888,P01088,2,644.44
O01888,P00275,1,541.10
O01888,P00394,1,587.37
O01889,P00192,2,964.06
O01889,P01048,3,1793.19
O01890,P00684,1,731.16
O01891,P00300,2,1095.76
O01891,P00309,3,2635.89
O01892,P00268,1,443.24
O01893,P00517,1,147.75
O01893,P01120,3,1330.17
O01894,P00194,3,1756.14
O01894,P00418,3,2687.28
O01895,P01014,3,2408.43
O01895,P00016,3,1373.40
O01895,P01081,2,1792.66
O01896,P01099,3,1956.36
O01896,P00325,2,1423.82
O01896,P00741,2,1628.08
O01897,P00513,3,2051.01
O01897,P00059,1,837.66
O01897,P00308,2,672.86
O01898,P00880,3,2699.58
O01899,P00009,1,689.00
O01900,P00446,2,1064.68
O01900,P00657,1,598.18
O01901,P00814,3,1721.25
O01901,P00011,2,120.84
O01902,P00333,1,67.01
O01903,P00626,2,1532.18
O01903,P00654,3,1343.22
O01903,P00752,1,521.98
O01904,P00162,3,1130.34
O01904,P01181,1,209.31
O01905,P01152,1,591.06
O01905,P00309,2,1757.26
O01906,P00240,2,662.56
O01906,P00840,3,2545.95
O01906,P00559,3,2368.74
O01907,P00895,1,264.77
O01907,P00308,1,336.43
O01908,P00114,2,446.14
O01909,P00205,1,281.10
O01909,P00701,1,494.61
O01909,P00129,3,189.99
O01910,P01120,3,1330.17
O01910,P00768,3,2399.49
O01911,P00922,1,538.09
O01911,P01094,1,631.74
O01912,P00413,2,110.90
O01912,P00632,2,752.44
O01912,P00858,3,1833.33
O01913,P00701,3,1483.83
O01913,P01187,2,1524.86
O01914,P00987,2,1117.42
O01915,P00776,1,51.33
O01915,P00932,3,527.55
O01915,P00591,2,1513.34
O01916,P01072,1,290.39
O01916,P00827,1,173.86
O01916,P00798,3,2625.03
O01917,P00122,2,368.32
O01918,P01133,2,1680.94
O01918,P00768,3,2399.49
O01918,P00234,2,469.20
O01919,P00800,2,1682.46
O01920,P00443,3,483.30
O01920,P00478,2,193.10
O01920,P01114,3,420.42
O01921,P01078,3,2126.28
O01921,P00035,3,94.41
O01921,P01031,2,1120.74
O01922,P00122,2,368.32
O01923,P00011,1,60.42
O01923,P00641,1,321.97
O01923,P00531,3,580.80
O01924,P00848,2,964.48
O01925,P00026,3,2215.32
O01925,P00117,2,1723.24
O01926,P00481,1,294.25
O01927,P00713,1,122.98
O01928,P00762,2,174.24
O01928,P01090,1,238.99
O01928,P00404,1,669.35
O01929,P00106,1,864.38
O01930,P00213,1,846.02
O01931,P00154,2,827.00
O01932,P00892,2,411.10
O01933,P00103,1,573.94
O01934,P00725,2,1325.54
O01934,P00722,3,861.99
O01935,P00247,2,201.74
O01935,P00435,2,1493.44
O01936,P00153,3,2015.16
O01936,P01101,2,1019.66
O01936,P00628,2,1533.92
O01937,P00968,3,1713.84
O01937,P00920,1,460.38
O01938,P01050,1,543.53
O01938,P00760,2,577.50
O01938,P00941,1,154.20
O01939,P00228,2,109.90
O01939,P00826,2,111.88
O01940,P01167,2,1304.44
O01941,P00713,2,245.96
O01941,P01148,3,1357.20
O01942,P00980,2,476.82
O01942,P00142,3,1761.39
O01943,P00280,3,1447.32
O01943,P00309,2,1757.26
O01943,P00088,2,464.50
O01944,P00228,3,164.85
O01944,P00214,1,772.04
O01944,P00300,1,547.88
O01945,P00892,3,616.65
O01946,P00086,1,167.19
O01946,P00636,3,1981.32
O01946,P00407,1,110.30
O01947,P00288,2,192.00
O01947,P00232,1,569.37
O01948,P00507,3,2357.52
O01948,P00307,2,1085.74
O01949,P00201,2,1638.56
O01950,P00695,1,861.50
O01950,P00656,1,893.49
O01951,P00556,2,114.40
O01951,P00297,1,319.13
O01952,P00465,1,799.30
O01953,P01070,2,831.70
O01953,P00062,3,1499.85
O01954,P00516,2,1260.80
O01954,P00991,3,1119.06
O01955,P00979,2,975.94
O01955,P00633,2,54.30
O01955,P00852,1,77.60
O01956,P00437,2,1270.20
O01956,P00249,2,464.18
O01957,P00877,1,83.83
O01958,P00750,3,116.07
O01959,P00057,3,2603.46
O01959,P00544,2,1156.24
O01960,P00080,2,749.36
O01961,P00526,3,683.61
O01962,P00453,1,57.60
O01962,P01054,1,732.13
O01963,P01073,2,1070.88
O01963,P00471,2,1088.44
O01963,P00039,1,512.84
O01964,P00476,3,549.99
O01965,P00318,3,2493.03
O01966,P00920,3,1381.14
O01966,P00051,1,716.32
O01967,P00125,3,1815.27
O01968,P00309,2,1757.26
O01969,P00091,1,283.31
O01969,P00467,2,1679.90
O01970,P00701,3,1483.83
O01970,P00489,3,2241.99
O01970,P00766,1,305.01
O01971,P00821,2,754.22
O01972,P01166,2,1327.02
O01972,P00137,3,1903.29
O01973,P00789,2,458.60
O01974,P00181,1,186.52
O01975,P01108,2,1111.12
O01975,P00672,3,449.61
O01976,P00833,2,1144.04
O01976,P00055,1,332.53
O01976,P00898,2,1235.42
O01977,P00507,1,785.84
O01978,P00835,2,1329.20
O01978,P00276,1,626.96
O01978,P00714,1,679.75
O01979,P00038,2,1416.56
O01979,P00553,3,1026.27
O01980,P00692,1,725.60
O01981,P01091,3,1175.76
O01982,P01126,3,2278.17
O01982,P00250,3,465.99
O01982,P01160,2,884.90
O01983,P00695,2,1723.00
O01983,P00352,2,594.80
O01983,P00386,3,255.87
O01984,P00765,2,62.04
O01984,P00387,2,457.92
O01984,P01112,2,1516.18
O01985,P00186,2,1227.30
O01986,P00288,3,288.00
O01986,P00591,3,2270.01
O01987,P00969,3,1486.95
O01987,P00288,3,288.00
O01987,P00444,1,800.81
O01988,P00372,3,1975.17
O01988,P00269,1,282.56
O01988,P00159,2,1120.40
O01989,P00174,2,1483.60
O01990,P00971,3,208.38
O01991,P00821,3,1131.33
O01991,P01198,3,605.10
O01991,P00308,2,672.86
O01992,P00825,3,1237.86
O01993,P00392,2,778.10
O01993,P01199,1,567.81
O01993,P00817,3,846.60
O01994,P00164,2,1595.10
O01995,P00165,2,1255.74
O01995,P01101,1,509.83
O01996,P00436,2,408.44
O01996,P00396,1,856.97
O01997,P00219,1,631.94
O01997,P01146,2,1305.16
O01998,P00808,1,452.68
O01999,P00673,3,1526.01
O01999,P00980,3,715.23
O02000,P00861,1,260.90
O02000,P01162,1,660.23
O02000,P00887,1,338.82
O09001,P00005,2,57.00
O09002,P00006,1,32.20
O09003,P00001,1,13.70
O00033,P00231,-1,-864.70
