product_id,product_name,category,unit_price,currency
P00001,UltraBook 15,Electronics,13.70,KRW
P00002,Fashion Item 00002,Fashion,856.05,KRW
P00003,Home Item 00003,Home,559.27,KRW
P00004,Sports Item 00004,Sports,785.97,KRW
P00005,AeroPhone X,Electronics,28.50,KRW
P00006,SmartWatch Pro,Electronics,32.20,KRW
P00007,Electronics Item 00007,Electronics,151.78,KRW
P00008,Fashion Item 00008,Fashion,526.63,KRW
P00009,Home Item 00009,Home,689.00,KRW
P00010,Sports Item 00010,Sports,888.85,KRW
P00011,Beauty Item 00011,Beauty,60.42,KRW
P00012,Grocery Item 00012,Grocery,882.48,KRW
P00013,Electronics Item 00013,Electronics,253.18,KRW
P00014,Fashion Item 00014,Fashion,230.12,KRW
P00015,Home Item 00015,Home,166.97,KRW
P00016,Sports Item 00016,Sports,457.80,KRW
P00017,Beauty Item 00017,Beauty,190.83,KRW
P00018,Grocery Item 00018,Grocery,388.93,KRW
P00019,Electronics Item 00019,Electronics,462.01,KRW
P00020,Fashion Item 00020,Fashion,681.16,KRW
P00021,Home Item 00021,Home,164.45,KRW
P00022,Sports Item 00022,Sports,428.80,KRW
P00023,Beauty Item 00023,Beauty,78.93,KRW
P00024,Grocery Item 00024,Grocery,377.66,KRW
P00025,Electronics Item 00025,Electronics,669.71,KRW
P00026,Fashion Item 00026,Fashion,738.44,KRW
P00027,Home Item 00027,Home,183.32,KRW
P00028,Sports Item 00028,Sports,277.83,KRW
P00029,Beauty Item 00029,Beauty,184.90,KRW
P00030,Grocery Item 00030,Grocery,644.22,KRW
P00031,Electronics Item 00031,Electronics,602.12,KRW
P00032,Fashion Item 00032,Fashion,141.82,KRW
P00033,Home Item 00033,Home,592.28,KRW
P00034,Sports Item 00034,Sports,549.33,KRW
P00035,Beauty Item 00035,Beauty,31.47,KRW
P00036,Grocery Item 00036,Grocery,485.67,KRW
P00037,Electronics Item 00037,Electronics,81.91,KRW
P00038,Fashion Item 00038,Fashion,708.28,KRW
P00039,Home Item 00039,Home,512.84,KRW
P00040,Sports Item 00040,Sports,478.09,KRW
P00041,Beauty Item 00041,Beauty,773.94,KRW
P00042,Grocery Item 00042,Grocery,549.70,KRW
P00043,Electronics Item 00043,Electronics,303.52,KRW
P00044,Fashion Item 00044,Fashion,890.99,KRW
P00045,Home Item 00045,Home,515.49,KRW
P00046,Sports Item 00046,Sports,361.41,KRW
P00047,Beauty Item 00047,Beauty,744.65,KRW
P00048,Grocery Item 00048,Grocery,182.65,KRW
P00049,Electronics Item 00049,Electronics,796.22,KRW
P00050,Fashion Item 00050,Fashion,0.00,KRW
P00051,Home Item 00051,Home,716.32,KRW
P00052,Sports Item 00052,Sports,591.54,KRW
P00053,Beauty Item 00053,Beauty,639.93,KRW
P00054,Grocery Item 00054,Grocery,823.66,KRW
P00055,Electronics Item 00055,Electronics,332.53,KRW
P00056,Fashion Item 00056,Fashion,55.30,KRW
P00057,Home Item 00057,Home,867.82,KRW
P00058,Sports Item 00058,Sports,217.93,KRW
P00059,Beauty Item 00059,Beauty,837.66,KRW
P00060,Grocery Item 00060,Grocery,48.86,KRW
P00061,Electronics Item 00061,Electronics,413.48,KRW
P00062,Fashion Item 00062,Fashion,499.95,KRW
P00063,Home Item 00063,Home,194.90,KRW
P00064,Sports Item 00064,Sports,384.14,KRW
P00065,Beauty Item 00065,Beauty,144.61,KRW
P00066,Grocery Item 00066,Grocery,531.32,KRW
P00067,Electronics Item 00067,Electronics,847.35,KRW
P00068,Fashion Item 00068,Fashion,825.52,KRW
P00069,Home Item 00069,Home,714.65,KRW
P00070,Sports Item 00070,Sports,429.16,KRW
P00071,Beauty Item 00071,Beauty,34.78,KRW
P00072,Grocery Item 00072,Grocery,291.41,KRW
P00073,Electronics Item 00073,Electronics,738.32,KRW
P00074,Fashion Item 00074,Fashion,286.45,KRW
P00075,Home Item 00075,Home,736.17,KRW
P00076,Sports Item 00076,Sports,806.64,KRW
P00077,Beauty Item 00077,Beauty,200.14,KRW
P00078,Grocery Item 00078,Grocery,491.77,KRW
P00079,Electronics Item 00079,Electronics,866.65,KRW
P00080,Fashion Item 00080,Fashion,374.68,KRW
P00081,Home Item 00081,Home,528.82,KRW
P00082,Sports Item 00082,Sports,895.86,KRW
P00083,Beauty Item 00083,Beauty,479.66,KRW
P00084,Grocery Item 00084,Grocery,395.67,KRW
P00085,Electronics Item 00085,Electronics,467.73,KRW
P00086,Fashion Item 00086,Fashion,167.19,KRW
P00087,Home Item 00087,Home,200.26,KRW
P00088,Sports Item 00088,Sports,232.25,KRW
P00089,Beauty Item 00089,Beauty,752.43,KRW
P00090,Grocery Item 00090,Grocery,277.09,KRW
P00091,Electronics Item 00091,Electronics,283.31,KRW
P00092,Fashion Item 00092,Fashion,877.71,KRW
P00093,Home Item 00093,Home,466.74,KRW
P00094,Sports Item 00094,Sports,365.38,KRW
P00095,Beauty Item 00095,Beauty,142.21,KRW
P00096,Grocery Item 00096,Grocery,391.51,KRW
P00097,Electronics Item 00097,Electronics,730.80,KRW
P00098,Fashion Item 00098,Fashion,152.73,KRW
P00099,Home Item 00099,Home,487.24,KRW
P00100,Sports Item 00100,Sports,590.10,KRW
P00101,Beauty Item 00101,Beauty,795.95,KRW
P00102,Grocery Item 00102,Grocery,310.61,KRW
P00103,Electronics Item 00103,Electronics,573.94,KRW
P00104,Fashion Item 00104,Fashion,817.20,KRW
P00105,Home Item 00105,Home,408.07,KRW
P00106,Sports Item 00106,Sports,864.38,KRW
P00107,Beauty Item 00107,Beauty,611.16,KRW
P00108,Grocery Item 00108,Grocery,638.67,KRW
P00109,Electronics Item 00109,Electronics,405.24,KRW
P00110,Fashion Item 00110,Fashion,518.77,KRW
P00111,Home Item 00111,Home,408.22,KRW
P00112,Sports Item 00112,Sports,68.06,KRW
P00113,Beauty Item 00113,Beauty,383.99,KRW
P00114,Grocery Item 00114,Grocery,223.07,KRW
P00115,Electronics Item 00115,Electronics,186.51,KRW
P00116,Fashion Item 00116,Fashion,722.55,KRW
P00117,Home Item 00117,Home,861.62,KRW
P00118,Sports Item 00118,Sports,634.96,KRW
P00119,Beauty Item 00119,Beauty,617.63,KRW
P00120,Grocery Item 00120,Grocery,633.28,KRW
P00121,Electronics Item 00121,Electronics,434.24,KRW
P00122,Fashion Item 00122,Fashion,184.16,KRW
P00123,Home Item 00123,Home,705.45,KRW
P00124,Sports Item 00124,Sports,807.93,KRW
P00125,Beauty Item 00125,Beauty,605.09,KRW
P00126,Grocery Item 00126,Grocery,34.91,KRW
P00127,Electronics Item 00127,Electronics,806.38,KRW
P00128,Fashion Item 00128,Fashion,45.08,KRW
P00129,Home Item 00129,Home,63.33,KRW
P00130,Sports Item 00130,Sports,721.49,KRW
P00131,Beauty Item 00131,Beauty,428.97,KRW
P00132,Grocery Item 00132,Grocery,483.11,KRW
P00133,Electronics Item 00133,Electronics,805.77,KRW
P00134,Fashion Item 00134,Fashion,877.20,KRW
P00135,Home Item 00135,Home,48.10,KRW
P00136,Sports Item 00136,Sports,400.47,KRW
P00137,Beauty Item 00137,Beauty,634.43,KRW
P00138,Grocery Item 00138,Grocery,897.99,KRW
P00139,Electronics Item 00139,Electronics,823.85,KRW
P00140,Fashion Item 00140,Fashion,42.04,KRW
P00141,Home Item 00141,Home,69.50,KRW
P00142,Sports Item 00142,Sports,587.13,KRW
P00143,Beauty Item 00143,Beauty,94.07,KRW
P00144,Grocery Item 00144,Grocery,379.73,KRW
P00145,Electronics Item 00145,Electronics,409.46,KRW
P00146,Fashion Item 00146,Fashion,895.51,KRW
P00147,Home Item 00147,Home,765.25,KRW
P00148,Sports Item 00148,Sports,788.94,KRW
P00149,Beauty Item 00149,Beauty,230.38,KRW
P00150,Grocery Item 00150,Grocery,702.89,KRW
P00151,Electronics Item 00151,Electronics,840.01,KRW
P00152,Fashion Item 00152,Fashion,422.83,KRW
P00153,Home Item 00153,Home,671.72,KRW
P00154,Sports Item 00154,Sports,413.50,KRW
P00155,Beauty Item 00155,Beauty,792.49,KRW
P00156,Grocery Item 00156,Grocery,731.95,KRW
P00157,Electronics Item 00157,Electronics,299.62,KRW
P00158,Fashion Item 00158,Fashion,876.57,KRW
P00159,Home Item 00159,Home,560.20,KRW
P00160,Sports Item 00160,Sports,750.52,KRW
P00161,Beauty Item 00161,Beauty,45.08,KRW
P00162,Grocery Item 00162,Grocery,376.78,KRW
P00163,Electronics Item 00163,Electronics,727.08,KRW
P00164,Fashion Item 00164,Fashion,797.55,KRW
P00165,Home Item 00165,Home,627.87,KRW
P00166,Sports Item 00166,Sports,247.84,KRW
P00167,Beauty Item 00167,Beauty,729.45,KRW
P00168,Grocery Item 00168,Grocery,769.73,KRW
P00169,Electronics Item 00169,Electronics,537.37,KRW
P00170,Fashion Item 00170,Fashion,661.60,KRW
P00171,Home Item 00171,Home,546.04,KRW
P00172,Sports Item 00172,Sports,528.11,KRW
P00173,Beauty Item 00173,Beauty,590.82,KRW
P00174,Grocery Item 00174,Grocery,741.80,KRW
P00175,Electronics Item 00175,Electronics,515.08,KRW
P00176,Fashion Item 00176,Fashion,161.12,KRW
P00177,Home Item 00177,Home,531.88,KRW
P00178,Sports Item 00178,Sports,94.50,KRW
P00179,Beauty Item 00179,Beauty,126.04,KRW
P00180,Grocery Item 00180,Grocery,245.34,KRW
P00181,Electronics Item 00181,Electronics,186.52,KRW
P00182,Fashion Item 00182,Fashion,803.56,KRW
P00183,Home Item 00183,Home,696.36,KRW
P00184,Sports Item 00184,Sports,706.21,KRW
P00185,Beauty Item 00185,Beauty,318.91,KRW
P00186,Grocery Item 00186,Grocery,613.65,KRW
P00187,Electronics Item 00187,Electronics,822.70,KRW
P00188,Fashion Item 00188,Fashion,611.30,KRW
P00189,Home Item 00189,Home,703.04,KRW
P00190,Sports Item 00190,Sports,24.47,KRW
P00191,Beauty Item 00191,Beauty,428.10,KRW
P00192,Grocery Item 00192,Grocery,482.03,KRW
P00193,Electronics Item 00193,Electronics,322.18,KRW
P00194,Fashion Item 00194,Fashion,585.38,KRW
P00195,Home Item 00195,Home,217.70,KRW
P00196,Sports Item 00196,Sports,368.22,KRW
P00197,Beauty Item 00197,Beauty,105.82,KRW
P00198,Grocery Item 00198,Grocery,506.16,KRW
P00199,Electronics Item 00199,Electronics,47.59,KRW
P00200,Fashion Item 00200,Fashion,741.16,KRW
P00201,Home Item 00201,Home,819.28,KRW
P00202,Sports Item 00202,Sports,272.12,KRW
P00203,Beauty Item 00203,Beauty,247.49,KRW
P00204,Grocery Item 00204,Grocery,716.05,KRW
P00205,Electronics Item 00205,Electronics,281.10,KRW
P00206,Fashion Item 00206,Fashion,578.86,KRW
P00207,Home Item 00207,Home,514.18,KRW
P00208,Sports Item 00208,Sports,176.56,KRW
P00209,Beauty Item 00209,Beauty,178.05,KRW
P00210,Grocery Item 00210,Grocery,138.19,KRW
P00211,Electronics Item 00211,Electronics,37.03,KRW
P00212,Fashion Item 00212,Fashion,70.75,KRW
P00213,Home Item 00213,Home,846.02,KRW
P00214,Sports Item 00214,Sports,772.04,KRW
P00215,Beauty Item 00215,Beauty,286.11,KRW
P00216,Grocery Item 00216,Grocery,59.47,KRW
P00217,Electronics Item 00217,Electronics,831.02,KRW
P00218,Fashion Item 00218,Fashion,24.26,KRW
P00219,Home Item 00219,Home,631.94,KRW
P00220,Sports Item 00220,Sports,824.00,KRW
P00221,Beauty Item 00221,Beauty,21.32,KRW
P00222,Grocery Item 00222,Grocery,841.50,KRW
P00223,Electronics Item 00223,Electronics,373.54,KRW
P00224,Fashion Item 00224,Fashion,215.41,KRW
P00225,Home Item 00225,Home,779.02,KRW
P00226,Sports Item 00226,Sports,27.80,KRW
P00227,Beauty Item 00227,Beauty,176.72,KRW
P00228,Grocery Item 00228,Grocery,54.95,KRW
P00229,Electronics Item 00229,Electronics,317.59,KRW
P00230,Fashion Item 00230,Fashion,668.11,KRW
P00231,Home Item 00231,Home,240.70,KRW
P00232,Sports Item 00232,Sports,569.37,KRW
P00233,Beauty Item 00233,Beauty,861.92,KRW
P00234,Grocery Item 00234,Grocery,234.60,KRW
P00235,Electronics Item 00235,Electronics,612.20,KRW
P00236,Fashion Item 00236,Fashion,384.14,KRW
P00237,Home Item 00237,Home,805.72,KRW
P00238,Sports Item 00238,Sports,128.44,KRW
P00239,Beauty Item 00239,Beauty,299.78,KRW
P00240,Grocery Item 00240,Grocery,331.28,KRW
P00241,Electronics Item 00241,Electronics,282.35,KRW
P00242,Fashion Item 00242,Fashion,220.63,KRW
P00243,Home Item 00243,Home,618.81,KRW
P00244,Sports Item 00244,Sports,302.13,KRW
P00245,Beauty Item 00245,Beauty,847.60,KRW
P00246,Grocery Item 00246,Grocery,593.84,KRW
P00247,Electronics Item 00247,Electronics,100.87,KRW
P00248,Fashion Item 00248,Fashion,536.28,KRW
P00249,Home Item 00249,Home,232.09,KRW
P00250,Sports Item 00250,Sports,155.33,KRW
P00251,Beauty Item 00251,Beauty,575.32,KRW
P00252,Grocery Item 00252,Grocery,41.15,KRW
P00253,Electronics Item 00253,Electronics,129.35,KRW
P00254,Fashion Item 00254,Fashion,169.55,KRW
P00255,Home Item 00255,Home,150.21,KRW
P00256,Sports Item 00256,Sports,879.01,KRW
P00257,Beauty Item 00257,Beauty,293.81,KRW
P00258,Grocery Item 00258,Grocery,751.27,KRW
P00259,Electronics Item 00259,Electronics,747.40,KRW
P00260,Fashion Item 00260,Fashion,782.80,KRW
P00261,Home Item 00261,Home,103.33,KRW
P00262,Sports Item 00262,Sports,370.94,KRW
P00263,Beauty Item 00263,Beauty,786.59,KRW
P00264,Grocery Item 00264,Grocery,267.63,KRW
P00265,Electronics Item 00265,Electronics,474.82,KRW
P00266,Fashion Item 00266,Fashion,796.58,KRW
P00267,Home Item 00267,Home,136.59,KRW
P00268,Sports Item 00268,Sports,443.24,KRW
P00269,Beauty Item 00269,Beauty,282.56,KRW
P00270,Grocery Item 00270,Grocery,867.46,KRW
P00271,Electronics Item 00271,Electronics,213.65,KRW
P00272,Fashion Item 00272,Fashion,76.30,KRW
P00273,Home Item 00273,Home,81.78,KRW
P00274,Sports Item 00274,Sports,49.04,KRW
P00275,Beauty Item 00275,Beauty,541.10,KRW
P00276,Grocery Item 00276,Grocery,626.96,KRW
P00277,Electronics Item 00277,Electronics,320.54,KRW
P00278,Fashion Item 00278,Fashion,711.42,KRW
P00279,Home Item 00279,Home,660.29,KRW
P00280,Sports Item 00280,Sports,482.44,KRW
P00281,Beauty Item 00281,Beauty,894.84,KRW
P00282,Grocery Item 00282,Grocery,74.56,KRW
P00283,Electronics Item 00283,Electronics,880.53,KRW
P00284,Fashion Item 00284,Fashion,563.24,KRW
P00285,Home Item 00285,Home,628.39,KRW
P00286,Sports Item 00286,Sports,324.41,KRW
P00287,Beauty Item 00287,Beauty,723.40,KRW
P00288,Grocery Item 00288,Grocery,96.00,KRW
P00289,Electronics Item 00289,Electronics,690.27,KRW
P00290,Fashion Item 00290,Fashion,504.90,KRW
P00291,Home Item 00291,Home,698.83,KRW
P00292,Sports Item 00292,Sports,74.99,KRW
P00293,Beauty Item 00293,Beauty,658.53,KRW
P00294,Grocery Item 00294,Grocery,585.62,KRW
P00295,Electronics Item 00295,Electronics,474.71,KRW
P00296,Fashion Item 00296,Fashion,325.37,KRW
P00297,Home Item 00297,Home,319.13,KRW
P00298,Sports Item 00298,Sports,225.04,KRW
P00299,Beauty Item 00299,Beauty,442.53,KRW
P00300,Grocery Item 00300,Grocery,547.88,KRW
P00301,Electronics Item 00301,Electronics,39.98,KRW
P00302,Fashion Item 00302,Fashion,23.21,KRW
P00303,Home Item 00303,Home,674.97,KRW
P00304,Sports Item 00304,Sports,315.03,KRW
P00305,Beauty Item 00305,Beauty,809.40,KRW
P00306,Grocery Item 00306,Grocery,853.06,KRW
P00307,Electronics Item 00307,Electronics,542.87,KRW
P00308,Fashion Item 00308,Fashion,336.43,KRW
P00309,Home Item 00309,Home,878.63,KRW
P00310,Sports Item 00310,Sports,770.99,KRW
P00311,Beauty Item 00311,Beauty,224.45,KRW
P00312,Grocery Item 00312,Grocery,743.98,KRW
P00313,Electronics Item 00313,Electronics,730.19,KRW
P00314,Fashion Item 00314,Fashion,690.08,KRW
P00315,Home Item 00315,Home,415.17,KRW
P00316,Sports Item 00316,Sports,496.57,KRW
P00317,Beauty Item 00317,Beauty,459.54,KRW
P00318,Grocery Item 00318,Grocery,831.01,KRW
P00319,Electronics Item 00319,Electronics,721.09,KRW
P00320,Fashion Item 00320,Fashion,403.58,KRW
P00321,Home Item 00321,Home,461.37,KRW
P00322,Sports Item 00322,Sports,651.33,KRW
P00323,Beauty Item 00323,Beauty,273.23,KRW
P00324,Grocery Item 00324,Grocery,310.55,KRW
P00325,Electronics Item 00325,Electronics,711.91,KRW
P00326,Fashion Item 00326,Fashion,528.40,KRW
P00327,Home Item 00327,Home,436.69,KRW
P00328,Sports Item 00328,Sports,513.77,KRW
P00329,Beauty Item 00329,Beauty,553.76,KRW
P00330,Grocery Item 00330,Grocery,679.58,KRW
P00331,Electronics Item 00331,Electronics,812.33,KRW
P00332,Fashion Item 00332,Fashion,621.36,KRW
P00333,Home Item 00333,Home,67.01,KRW
P00334,Sports Item 00334,Sports,313.90,KRW
P00335,Beauty Item 00335,Beauty,255.65,KRW
P00336,Grocery Item 00336,Grocery,361.25,KRW
P00337,Electronics Item 00337,Electronics,888.12,KRW
P00338,Fashion Item 00338,Fashion,283.41,KRW
P00339,Home Item 00339,Home,548.96,KRW
P00340,Sports Item 00340,Sports,795.45,KRW
P00341,Beauty Item 00341,Beauty,123.25,KRW
P00342,Grocery Item 00342,Grocery,816.11,KRW
P00343,Electronics Item 00343,Electronics,56.66,KRW
P00344,Fashion Item 00344,Fashion,595.17,KRW
P00345,Home Item 00345,Home,772.87,KRW
P00346,Sports Item 00346,Sports,158.73,KRW
P00347,Beauty Item 00347,Beauty,30.94,KRW
P00348,Grocery Item 00348,Grocery,107.87,KRW
P00349,Electronics Item 00349,Electronics,665.14,KRW
P00350,Fashion Item 00350,Fashion,335.67,KRW
P00351,Home Item 00351,Home,705.33,KRW
P00352,Sports Item 00352,Sports,297.40,KRW
P00353,Beauty Item 00353,Beauty,590.67,KRW
P00354,Grocery Item 00354,Grocery,617.43,KRW
P00355,Electronics Item 00355,Electronics,451.24,KRW
P00356,Fashion Item 00356,Fashion,879.10,KRW
P00357,Home Item 00357,Home,151.60,KRW
P00358,Sports Item 00358,Sports,859.39,KRW
P00359,Beauty Item 00359,Beauty,232.74,KRW
P00360,Grocery Item 00360,Grocery,578.42,KRW
P00361,Electronics Item 00361,Electronics,62.01,KRW
P00362,Fashion Item 00362,Fashion,303.42,KRW
P00363,Home Item 00363,Home,612.60,KRW
P00364,Sports Item 00364,Sports,879.07,KRW
P00365,Beauty Item 00365,Beauty,702.47,KRW
P00366,Grocery Item 00366,Grocery,56.12,KRW
P00367,Electronics Item 00367,Electronics,823.19,KRW
P00368,Fashion Item 00368,Fashion,423.34,KRW
P00369,Home Item 00369,Home,263.64,KRW
P00370,Sports Item 00370,Sports,87.18,KRW
P00371,Beauty Item 00371,Beauty,420.11,KRW
P00372,Grocery Item 00372,Grocery,658.39,KRW
P00373,Electronics Item 00373,Electronics,427.54,KRW
P00374,Fashion Item 00374,Fashion,435.53,KRW
P00375,Home Item 00375,Home,161.23,KRW
P00376,Sports Item 00376,Sports,204.66,KRW
P00377,Beauty Item 00377,Beauty,274.80,KRW
P00378,Grocery Item 00378,Grocery,275.57,KRW
P00379,Electronics Item 00379,Electronics,317.86,KRW
P00380,Fashion Item 00380,Fashion,813.59,KRW
P00381,Home Item 00381,Home,319.77,KRW
P00382,Sports Item 00382,Sports,192.35,KRW
P00383,Beauty Item 00383,Beauty,222.80,KRW
P00384,Grocery Item 00384,Grocery,635.91,KRW
P00385,Electronics Item 00385,Electronics,451.74,KRW
P00386,Fashion Item 00386,Fashion,85.29,KRW
P00387,Home Item 00387,Home,228.96,KRW
P00388,Sports Item 00388,Sports,896.63,KRW
P00389,Beauty Item 00389,Beauty,545.50,KRW
P00390,Grocery Item 00390,Grocery,460.02,KRW
P00391,Electronics Item 00391,Electronics,423.34,KRW
P00392,Fashion Item 00392,Fashion,389.05,KRW
P00393,Home Item 00393,Home,425.87,KRW
P00394,Sports Item 00394,Sports,587.37,KRW
P00395,Beauty Item 00395,Beauty,507.78,KRW
P00396,Grocery Item 00396,Grocery,856.97,KRW
P00397,Electronics Item 00397,Electronics,883.60,KRW
P00398,Fashion Item 00398,Fashion,767.60,KRW
P00399,Home Item 00399,Home,672.59,KRW
P00400,Sports Item 00400,Sports,207.30,KRW
P00401,Beauty Item 00401,Beauty,122.27,KRW
P00402,Grocery Item 00402,Grocery,308.88,KRW
P00403,Electronics Item 00403,Electronics,279.14,KRW
P00404,Fashion Item 00404,Fashion,669.35,KRW
P00405,Home Item 00405,Home,431.68,KRW
P00406,Sports Item 00406,Sports,475.19,KRW
P00407,Beauty Item 00407,Beauty,110.30,KRW
P00408,Grocery Item 00408,Grocery,293.26,KRW
P00409,Electronics Item 00409,Electronics,187.89,KRW
P00410,Fashion Item 00410,Fashion,568.55,KRW
P00411,Home Item 00411,Home,565.49,KRW
P00412,Sports Item 00412,Sports,591.25,KRW
P00413,Beauty Item 00413,Beauty,55.45,KRW
P00414,Grocery Item 00414,Grocery,218.75,KRW
P00415,Electronics Item 00415,Electronics,646.12,KRW
P00416,Fashion Item 00416,Fashion,581.21,KRW
P00417,Home Item 00417,Home,354.59,KRW
P00418,Sports Item 00418,Sports,895.76,KRW
P00419,Beauty Item 00419,Beauty,298.46,KRW
P00420,Grocery Item 00420,Grocery,440.53,KRW
P00421,Electronics Item 00421,Electronics,614.37,KRW
P00422,Fashion Item 00422,Fashion,465.96,KRW
P00423,Home Item 00423,Home,33.73,KRW
P00424,Sports Item 00424,Sports,656.28,KRW
P00425,Beauty Item 00425,Beauty,566.35,KRW
P00426,Grocery Item 00426,Grocery,501.73,KRW
P00427,Electronics Item 00427,Electronics,258.55,KRW
P00428,Fashion Item 00428,Fashion,572.67,KRW
P00429,Home Item 00429,Home,67.74,KRW
P00430,Sports Item 00430,Sports,639.18,KRW
P00431,Beauty Item 00431,Beauty,302.05,KRW
P00432,Grocery Item 00432,Grocery,878.78,KRW
P00433,Electronics Item 00433,Electronics,459.46,KRW
P00434,Fashion Item 00434,Fashion,169.47,KRW
P00435,Home Item 00435,Home,746.72,KRW
P00436,Sports Item 00436,Sports,204.22,KRW
P00437,Beauty Item 00437,Beauty,635.10,KRW
P00438,Grocery Item 00438,Grocery,473.63,KRW
P00439,Electronics Item 00439,Electronics,159.07,KRW
P00440,Fashion Item 00440,Fashion,328.43,KRW
P00441,Home Item 00441,Home,60.15,KRW
P00442,Sports Item 00442,Sports,380.32,KRW
P00443,Beauty Item 00443,Beauty,161.10,KRW
P00444,Grocery Item 00444,Grocery,800.81,KRW
P00445,Electronics Item 00445,Electronics,692.26,KRW
P00446,Fashion Item 00446,Fashion,532.34,KRW
P00447,Home Item 00447,Home,710.36,KRW
P00448,Sports Item 00448,Sports,196.20,KRW
P00449,Beauty Item 00449,Beauty,38.56,KRW
P00450,Grocery Item 00450,Grocery,830.40,KRW
P00451,Electronics Item 00451,Electronics,74.71,KRW
P00452,Fashion Item 00452,Fashion,220.56,KRW
P00453,Home Item 00453,Home,57.60,KRW
P00454,Sports Item 00454,Sports,175.02,KRW
P00455,Beauty Item 00455,Beauty,350.43,KRW
P00456,Grocery Item 00456,Grocery,246.52,KRW
P00457,Electronics Item 00457,Electronics,830.32,KRW
P00458,Fashion Item 00458,Fashion,669.20,KRW
P00459,Home Item 00459,Home,660.22,KRW
P00460,Sports Item 00460,Sports,351.01,KRW
P00461,Beauty Item 00461,Beauty,179.59,KRW
P00462,Grocery Item 00462,Grocery,254.43,KRW
P00463,Electronics Item 00463,Electronics,321.49,KRW
P00464,Fashion Item 00464,Fashion,802.16,KRW
P00465,Home Item 00465,Home,799.30,KRW
P00466,Sports Item 00466,Sports,592.37,KRW
P00467,Beauty Item 00467,Beauty,839.95,KRW
P00468,Grocery Item 00468,Grocery,351.36,KRW
P00469,Electronics Item 00469,Electronics,340.10,KRW
P00470,Fashion Item 00470,Fashion,176.31,KRW
P00471,Home Item 00471,Home,544.22,KRW
P00472,Sports Item 00472,Sports,840.79,KRW
P00473,Beauty Item 00473,Beauty,812.04,KRW
P00474,Grocery Item 00474,Grocery,37.73,KRW
P00475,Electronics Item 00475,Electronics,781.61,KRW
P00476,Fashion Item 00476,Fashion,183.33,KRW
P00477,Home Item 00477,Home,810.66,KRW
P00478,Sports Item 00478,Sports,96.55,KRW
P00479,Beauty Item 00479,Beauty,365.10,KRW
P00480,Grocery Item 00480,Grocery,581.27,KRW
P00481,Electronics Item 00481,Electronics,294.25,KRW
P00482,Fashion Item 00482,Fashion,314.25,KRW
P00483,Home Item 00483,Home,809.06,KRW
P00484,Sports Item 00484,Sports,560.58,KRW
P00485,Beauty Item 00485,Beauty,264.29,KRW
P00486,Grocery Item 00486,Grocery,729.38,KRW
P00487,Electronics Item 00487,Electronics,163.96,KRW
P00488,Fashion Item 00488,Fashion,368.00,KRW
P00489,Home Item 00489,Home,747.33,KRW
P00490,Sports Item 00490,Sports,648.08,KRW
P00491,Beauty Item 00491,Beauty,412.87,KRW
P00492,Grocery Item 00492,Grocery,106.56,KRW
P00493,Electronics Item 00493,Electronics,685.00,KRW
P00494,Fashion Item 00494,Fashion,884.26,KRW
P00495,Home Item 00495,Home,226.28,KRW
P00496,Sports Item 00496,Sports,744.12,KRW
P00497,Beauty Item 00497,Beauty,739.88,KRW
P00498,Grocery Item 00498,Grocery,79.32,KRW
P00499,Electronics Item 00499,Electronics,92.52,KRW
P00500,Fashion Item 00500,Fashion,801.69,KRW
P00501,Home Item 00501,Home,793.75,KRW
P00502,Sports Item 00502,Sports,704.96,KRW
P00503,Beauty Item 00503,Beauty,292.95,KRW
P00504,Grocery Item 00504,Grocery,170.61,KRW
P00505,Electronics Item 00505,Electronics,45.38,KRW
P00506,Fashion Item 00506,Fashion,720.37,KRW
P00507,Home Item 00507,Home,785.84,KRW
P00508,Sports Item 00508,Sports,631.03,KRW
P00509,Beauty Item 00509,Beauty,674.88,KRW
P00510,Grocery Item 00510,Grocery,99.24,KRW
P00511,Electronics Item 00511,Electronics,890.52,KRW
P00512,Fashion Item 00512,Fashion,217.25,KRW
P00513,Home Item 00513,Home,683.67,KRW
P00514,Sports Item 00514,Sports,196.76,KRW
P00515,Beauty Item 00515,Beauty,301.11,KRW
P00516,Grocery Item 00516,Grocery,630.40,KRW
P00517,Electronics Item 00517,Electronics,147.75,KRW
P00518,Fashion Item 00518,Fashion,625.00,KRW
P00519,Home Item 00519,Home,469.07,KRW
P00520,Sports Item 00520,Sports,842.43,KRW
P00521,Beauty Item 00521,Beauty,551.66,KRW
P00522,Grocery Item 00522,Grocery,384.46,KRW
P00523,Electronics Item 00523,Electronics,502.70,KRW
P00524,Fashion Item 00524,Fashion,252.12,KRW
P00525,Home Item 00525,Home,178.40,KRW
P00526,Sports Item 00526,Sports,227.87,KRW
P00527,Beauty Item 00527,Beauty,396.54,KRW
P00528,Grocery Item 00528,Grocery,313.84,KRW
P00529,Electronics Item 00529,Electronics,586.55,KRW
P00530,Fashion Item 00530,Fashion,776.24,KRW
P00531,Home Item 00531,Home,193.60,KRW
P00532,Sports Item 00532,Sports,276.75,KRW
P00533,Beauty Item 00533,Beauty,775.69,KRW
P00534,Grocery Item 00534,Grocery,853.60,KRW
P00535,Electronics Item 00535,Electronics,895.37,KRW
P00536,Fashion Item 00536,Fashion,671.82,KRW
P00537,Home Item 00537,Home,647.98,KRW
P00538,Sports Item 00538,Sports,62.10,KRW
P00539,Beauty Item 00539,Beauty,353.93,KRW
P00540,Grocery Item 00540,Grocery,61.55,KRW
P00541,Electronics Item 00541,Electronics,732.41,KRW
P00542,Fashion Item 00542,Fashion,610.20,KRW
P00543,Home Item 00543,Home,175.94,KRW
P00544,Sports Item 00544,Sports,578.12,KRW
P00545,Beauty Item 00545,Beauty,725.41,KRW
P00546,Grocery Item 00546,Grocery,803.70,KRW
P00547,Electronics Item 00547,Electronics,209.85,KRW
P00548,Fashion Item 00548,Fashion,758.56,KRW
P00549,Home Item 00549,Home,855.31,KRW
P00550,Sports Item 00550,Sports,248.47,KRW
P00551,Beauty Item 00551,Beauty,187.03,KRW
P00552,Grocery Item 00552,Grocery,261.37,KRW
P00553,Electronics Item 00553,Electronics,342.09,KRW
P00554,Fashion Item 00554,Fashion,55.89,KRW
P00555,Home Item 00555,Home,745.23,KRW
P00556,Sports Item 00556,Sports,57.20,KRW
P00557,Beauty Item 00557,Beauty,51.50,KRW
P00558,Grocery Item 00558,Grocery,584.79,KRW
P00559,Electronics Item 00559,Electronics,789.58,KRW
P00560,Fashion Item 00560,Fashion,163.53,KRW
P00561,Home Item 00561,Home,626.14,KRW
P00562,Sports Item 00562,Sports,81.71,KRW
P00563,Beauty Item 00563,Beauty,599.85,KRW
P00564,Grocery Item 00564,Grocery,90.52,KRW
P00565,Electronics Item 00565,Electronics,480.36,KRW
P00566,Fashion Item 00566,Fashion,875.37,KRW
P00567,Home Item 00567,Home,583.18,KRW
P00568,Sports Item 00568,Sports,300.36,KRW
P00569,Beauty Item 00569,Beauty,662.27,KRW
P00570,Grocery Item 00570,Grocery,280.28,KRW
P00571,Electronics Item 00571,Electronics,191.13,KRW
P00572,Fashion Item 00572,Fashion,114.34,KRW
P00573,Home Item 00573,Home,689.27,KRW
P00574,Sports Item 00574,Sports,21.91,KRW
P00575,Beauty Item 00575,Beauty,480.31,KRW
P00576,Grocery Item 00576,Grocery,708.23,KRW
P00577,Electronics Item 00577,Electronics,546.39,KRW
P00578,Fashion Item 00578,Fashion,367.10,KRW
P00579,Home Item 00579,Home,673.77,KRW
P00580,Sports Item 00580,Sports,220.98,KRW
P00581,Beauty Item 00581,Beauty,765.89,KRW
P00582,Grocery Item 00582,Grocery,656.85,KRW
P00583,Electronics Item 00583,Electronics,704.19,KRW
P00584,Fashion Item 00584,Fashion,771.14,KRW
P00585,Home Item 00585,Home,410.43,KRW
P00586,Sports Item 00586,Sports,33.17,KRW
P00587,Beauty Item 00587,Beauty,322.87,KRW
P00588,Grocery Item 00588,Grocery,430.32,KRW
P00589,Electronics Item 00589,Electronics,73.81,KRW
P00590,Fashion Item 00590,Fashion,409.78,KRW
P00591,Home Item 00591,Home,756.67,KRW
P00592,Sports Item 00592,Sports,770.37,KRW
P00593,Beauty Item 00593,Beauty,753.06,KRW
P00594,Grocery Item 00594,Grocery,707.25,KRW
P00595,Electronics Item 00595,Electronics,308.34,KRW
P00596,Fashion Item 00596,Fashion,854.76,KRW
P00597,Home Item 00597,Home,701.17,KRW
P00598,Sports Item 00598,Sports,633.58,KRW
P00599,Beauty Item 00599,Beauty,555.27,KRW
P00600,Grocery Item 00600,Grocery,826.20,KRW
P00601,Electronics Item 00601,Electronics,437.41,KRW
P00602,Fashion Item 00602,Fashion,495.00,KRW
P00603,Home Item 00603,Home,194.13,KRW
P00604,Sports Item 00604,Sports,417.17,KRW
P00605,Beauty Item 00605,Beauty,785.35,KRW
P00606,Grocery Item 00606,Grocery,886.09,KRW
P00607,Electronics Item 00607,Electronics,864.25,KRW
P00608,Fashion Item 00608,Fashion,399.14,KRW
P00609,Home Item 00609,Home,875.53,KRW
P00610,Sports Item 00610,Sports,505.08,KRW
P00611,Beauty Item 00611,Beauty,674.52,KRW
P00612,Grocery Item 00612,Grocery,58.65,KRW
P00613,Electronics Item 00613,Electronics,380.66,KRW
P00614,Fashion Item 00614,Fashion,478.96,KRW
P00615,Home Item 00615,Home,198.45,KRW
P00616,Sports Item 00616,Sports,478.80,KRW
P00617,Beauty Item 00617,Beauty,503.39,KRW
P00618,Grocery Item 00618,Grocery,109.74,KRW
P00619,Electronics Item 00619,Electronics,293.76,KRW
P00620,Fashion Item 00620,Fashion,733.75,KRW
P00621,Home Item 00621,Home,479.65,KRW
P00622,Sports Item 00622,Sports,767.73,KRW
P00623,Beauty Item 00623,Beauty,30.24,KRW
P00624,Grocery Item 00624,Grocery,482.16,KRW
P00625,Electronics Item 00625,Electronics,224.36,KRW
P00626,Fashion Item 00626,Fashion,766.09,KRW
P00627,Home Item 00627,Home,822.07,KRW
P00628,Sports Item 00628,Sports,766.96,KRW
P00629,Beauty Item 00629,Beauty,354.80,KRW
P00630,Grocery Item 00630,Grocery,141.67,KRW
P00631,Electronics Item 00631,Electronics,182.01,KRW
P00632,Fashion Item 00632,Fashion,376.22,KRW
P00633,Home Item 00633,Home,27.15,KRW
P00634,Sports Item 00634,Sports,528.64,KRW
P00635,Beauty Item 00635,Beauty,402.60,KRW
P00636,Grocery Item 00636,Grocery,660.44,KRW
P00637,Electronics Item 00637,Electronics,504.01,KRW
P00638,Fashion Item 00638,Fashion,289.88,KRW
P00639,Home Item 00639,Home,808.91,KRW
P00640,Sports Item 00640,Sports,153.01,KRW
P00641,Beauty Item 00641,Beauty,321.97,KRW
P00642,Grocery Item 00642,Grocery,273.80,KRW
P00643,Electronics Item 00643,Electronics,498.06,KRW
P00644,Fashion Item 00644,Fashion,683.15,KRW
P00645,Home Item 00645,Home,738.55,KRW
P00646,Sports Item 00646,Sports,894.69,KRW
P00647,Beauty Item 00647,Beauty,199.99,KRW
P00648,Grocery Item 00648,Grocery,535.36,KRW
P00649,Electronics Item 00649,Electronics,144.46,KRW
P00650,Fashion Item 00650,Fashion,523.70,KRW
P00651,Home Item 00651,Home,400.66,KRW
P00652,Sports Item 00652,Sports,27.23,KRW
P00653,Beauty Item 00653,Beauty,837.51,KRW
P00654,Grocery Item 00654,Grocery,447.74,KRW
P00655,Electronics Item 00655,Electronics,273.23,KRW
P00656,Fashion Item 00656,Fashion,893.49,KRW
P00657,Home Item 00657,Home,598.18,KRW
P00658,Sports Item 00658,Sports,390.64,KRW
P00659,Beauty Item 00659,Beauty,588.14,KRW
P00660,Grocery Item 00660,Grocery,650.48,KRW
P00661,Electronics Item 00661,Electronics,377.86,KRW
P00662,Fashion Item 00662,Fashion,846.03,KRW
P00663,Home Item 00663,Home,364.45,KRW
P00664,Sports Item 00664,Sports,168.32,KRW
P00665,Beauty Item 00665,Beauty,333.27,KRW
P00666,Grocery Item 00666,Grocery,303.26,KRW
P00667,Electronics Item 00667,Electronics,567.54,KRW
P00668,Fashion Item 00668,Fashion,530.29,KRW
P00669,Home Item 00669,Home,581.48,KRW
P00670,Sports Item 00670,Sports,879.96,KRW
P00671,Beauty Item 00671,Beauty,255.00,KRW
P00672,Grocery Item 00672,Grocery,149.87,KRW
P00673,Electronics Item 00673,Electronics,508.67,KRW
P00674,Fashion Item 00674,Fashion,194.93,KRW
P00675,Home Item 00675,Home,786.26,KRW
P00676,Sports Item 00676,Sports,194.36,KRW
P00677,Beauty Item 00677,Beauty,465.32,KRW
P00678,Grocery Item 00678,Grocery,865.19,KRW
P00679,Electronics Item 00679,Electronics,797.37,KRW
P00680,Fashion Item 00680,Fashion,827.40,KRW
P00681,Home Item 00681,Home,788.77,KRW
P00682,Sports Item 00682,Sports,465.73,KRW
P00683,Beauty Item 00683,Beauty,130.98,KRW
P00684,Grocery Item 00684,Grocery,731.16,KRW
P00685,Electronics Item 00685,Electronics,239.95,KRW
P00686,Fashion Item 00686,Fashion,464.25,KRW
P00687,Home Item 00687,Home,287.79,KRW
P00688,Sports Item 00688,Sports,237.79,KRW
P00689,Beauty Item 00689,Beauty,563.66,KRW
P00690,Grocery Item 00690,Grocery,106.72,KRW
P00691,Electronics Item 00691,Electronics,137.62,KRW
P00692,Fashion Item 00692,Fashion,725.60,KRW
P00693,Home Item 00693,Home,211.16,KRW
P00694,Sports Item 00694,Sports,260.52,KRW
P00695,Beauty Item 00695,Beauty,861.50,KRW
P00696,Grocery Item 00696,Grocery,207.90,KRW
P00697,Electronics Item 00697,Electronics,794.79,KRW
P00698,Fashion Item 00698,Fashion,69.92,KRW
P00699,Home Item 00699,Home,217.87,KRW
P00700,Sports Item 00700,Sports,635.96,KRW
P00701,Beauty Item 00701,Beauty,494.61,KRW
P00702,Grocery Item 00702,Grocery,279.00,KRW
P00703,Electronics Item 00703,Electronics,726.31,KRW
P00704,Fashion Item 00704,Fashion,153.70,KRW
P00705,Home Item 00705,Home,62.63,KRW
P00706,Sports Item 00706,Sports,617.91,KRW
P00707,Beauty Item 00707,Beauty,107.36,KRW
P00708,Grocery Item 00708,Grocery,164.44,KRW
P00709,Electronics Item 00709,Electronics,88.84,KRW
P00710,Fashion Item 00710,Fashion,431.97,KRW
P00711,Home Item 00711,Home,849.91,KRW
P00712,Sports Item 00712,Sports,747.78,KRW
P00713,Beauty Item 00713,Beauty,122.98,KRW
P00714,Grocery Item 00714,Grocery,679.75,KRW
P00715,Electronics Item 00715,Electronics,118.67,KRW
P00716,Fashion Item 00716,Fashion,625.41,KRW
P00717,Home Item 00717,Home,549.22,KRW
P00718,Sports Item 00718,Sports,337.65,KRW
P00719,Beauty Item 00719,Beauty,425.37,KRW
P00720,Grocery Item 00720,Grocery,837.39,KRW
P00721,Electronics Item 00721,Electronics,821.61,KRW
P00722,Fashion Item 00722,Fashion,287.33,KRW
P00723,Home Item 00723,Home,566.69,KRW
P00724,Sports Item 00724,Sports,249.83,KRW
P00725,Beauty Item 00725,Beauty,662.77,KRW
P00726,Grocery Item 00726,Grocery,353.20,KRW
P00727,Electronics Item 00727,Electronics,200.81,KRW
P00728,Fashion Item 00728,Fashion,68.07,KRW
P00729,Home Item 00729,Home,580.58,KRW
P00730,Sports Item 00730,Sports,52.52,KRW
P00731,Beauty Item 00731,Beauty,220.37,KRW
P00732,Grocery Item 00732,Grocery,36.28,KRW
P00733,Electronics Item 00733,Electronics,278.20,KRW
P00734,Fashion Item 00734,Fashion,761.72,KRW
P00735,Home Item 00735,Home,123.42,KRW
P00736,Sports Item 00736,Sports,272.01,KRW
P00737,Beauty Item 00737,Beauty,482.63,KRW
P00738,Grocery Item 00738,Grocery,95.56,KRW
P00739,Electronics Item 00739,Electronics,187.15,KRW
P00740,Fashion Item 00740,Fashion,896.50,KRW
P00741,Home Item 00741,Home,814.04,KRW
P00742,Sports Item 00742,Sports,726.86,KRW
P00743,Beauty Item 00743,Beauty,249.98,KRW
P00744,Grocery Item 00744,Grocery,501.34,KRW
P00745,Electronics Item 00745,Electronics,477.56,KRW
P00746,Fashion Item 00746,Fashion,701.94,KRW
P00747,Home Item 00747,Home,146.50,KRW
P00748,Sports Item 00748,Sports,235.58,KRW
P00749,Beauty Item 00749,Beauty,743.44,KRW
P00750,Grocery Item 00750,Grocery,38.69,KRW
P00751,Electronics Item 00751,Electronics,336.12,KRW
P00752,Fashion Item 00752,Fashion,521.98,KRW
P00753,Home Item 00753,Home,728.42,KRW
P00754,Sports Item 00754,Sports,715.12,KRW
P00755,Beauty Item 00755,Beauty,245.08,KRW
P00756,Grocery Item 00756,Grocery,763.29,KRW
P00757,Electronics Item 00757,Electronics,155.68,KRW
P00758,Fashion Item 00758,Fashion,509.37,KRW
P00759,Home Item 00759,Home,302.17,KRW
P00760,Sports Item 00760,Sports,288.75,KRW
P00761,Beauty Item 00761,Beauty,364.06,KRW
P00762,Grocery Item 00762,Grocery,87.12,KRW
P00763,Electronics Item 00763,Electronics,141.65,KRW
P00764,Fashion Item 00764,Fashion,567.32,KRW
P00765,Home Item 00765,Home,31.02,KRW
P00766,Sports Item 00766,Sports,305.01,KRW
P00767,Beauty Item 00767,Beauty,816.09,KRW
P00768,Grocery Item 00768,Grocery,799.83,KRW
P00769,Electronics Item 00769,Electronics,475.79,KRW
P00770,Fashion Item 00770,Fashion,249.98,KRW
P00771,Home Item 00771,Home,736.97,KRW
P00772,Sports Item 00772,Sports,496.57,KRW
P00773,Beauty Item 00773,Beauty,610.06,KRW
P00774,Grocery Item 00774,Grocery,887.94,KRW
P00775,Electronics Item 00775,Electronics,746.36,KRW
P00776,Fashion Item 00776,Fashion,51.33,KRW
P00777,Home Item 00777,Home,292.39,KRW
P00778,Sports Item 00778,Sports,381.75,KRW
P00779,Beauty Item 00779,Beauty,397.88,KRW
P00780,Grocery Item 00780,Grocery,724.64,KRW
P00781,Electronics Item 00781,Electronics,533.02,KRW
P00782,Fashion Item 00782,Fashion,120.29,KRW
P00783,Home Item 00783,Home,400.10,KRW
P00784,Sports Item 00784,Sports,444.26,KRW
P00785,Beauty Item 00785,Beauty,781.49,KRW
P00786,Grocery Item 00786,Grocery,521.76,KRW
P00787,Electronics Item 00787,Electronics,767.91,KRW
P00788,Fashion Item 00788,Fashion,117.91,KRW
P00789,Home Item 00789,Home,229.30,KRW
P00790,Sports Item 00790,Sports,893.27,KRW
P00791,Beauty Item 00791,Beauty,701.14,KRW
P00792,Grocery Item 00792,Grocery,239.06,KRW
P00793,Electronics Item 00793,Electronics,712.32,KRW
P00794,Fashion Item 00794,Fashion,62.28,KRW
P00795,Home Item 00795,Home,364.66,KRW
P00796,Sports Item 00796,Sports,896.66,KRW
P00797,Beauty Item 00797,Beauty,96.19,KRW
P00798,Grocery Item 00798,Grocery,875.01,KRW
P00799,Electronics Item 00799,Electronics,172.71,KRW
P00800,Fashion Item 00800,Fashion,841.23,KRW
P00801,Home Item 00801,Home,62.85,KRW
P00802,Sports Item 00802,Sports,36.54,KRW
P00803,Beauty Item 00803,Beauty,541.41,KRW
P00804,Grocery Item 00804,Grocery,649.66,KRW
P00805,Electronics Item 00805,Electronics,844.01,KRW
P00806,Fashion Item 00806,Fashion,799.92,KRW
P00807,Home Item 00807,Home,180.70,KRW
P00808,Sports Item 00808,Sports,452.68,KRW
P00809,Beauty Item 00809,Beauty,32.96,KRW
P00810,Grocery Item 00810,Grocery,598.13,KRW
P00811,Electronics Item 00811,Electronics,692.60,KRW
P00812,Fashion Item 00812,Fashion,601.88,KRW
P00813,Home Item 00813,Home,413.42,KRW
P00814,Sports Item 00814,Sports,573.75,KRW
P00815,Beauty Item 00815,Beauty,611.03,KRW
P00816,Grocery Item 00816,Grocery,613.10,KRW
P00817,Electronics Item 00817,Electronics,282.20,KRW
P00818,Fashion Item 00818,Fashion,557.29,KRW
P00819,Home Item 00819,Home,444.86,KRW
P00820,Sports Item 00820,Sports,391.11,KRW
P00821,Beauty Item 00821,Beauty,377.11,KRW
P00822,Grocery Item 00822,Grocery,812.42,KRW
P00823,Electronics Item 00823,Electronics,819.76,KRW
P00824,Fashion Item 00824,Fashion,681.59,KRW
P00825,Home Item 00825,Home,412.62,KRW
P00826,Sports Item 00826,Sports,55.94,KRW
P00827,Beauty Item 00827,Beauty,173.86,KRW
P00828,Grocery Item 00828,Grocery,20.79,KRW
P00829,Electronics Item 00829,Electronics,456.92,KRW
P00830,Fashion Item 00830,Fashion,632.34,KRW
P00831,Home Item 00831,Home,496.55,KRW
P00832,Sports Item 00832,Sports,591.59,KRW
P00833,Beauty Item 00833,Beauty,572.02,KRW
P00834,Grocery Item 00834,Grocery,237.52,KRW
P00835,Electronics Item 00835,Electronics,664.60,KRW
P00836,Fashion Item 00836,Fashion,638.76,KRW
P00837,Home Item 00837,Home,792.62,KRW
P00838,Sports Item 00838,Sports,207.32,KRW
P00839,Beauty Item 00839,Beauty,812.08,KRW
P00840,Grocery Item 00840,Grocery,848.65,KRW
P00841,Electronics Item 00841,Electronics,382.58,KRW
P00842,Fashion Item 00842,Fashion,736.64,KRW
P00843,Home Item 00843,Home,636.22,KRW
P00844,Sports Item 00844,Sports,183.11,KRW
P00845,Beauty Item 00845,Beauty,296.27,KRW
P00846,Grocery Item 00846,Grocery,303.77,KRW
P00847,Electronics Item 00847,Electronics,540.98,KRW
P00848,Fashion Item 00848,Fashion,482.24,KRW
P00849,Home Item 00849,Home,537.58,KRW
P00850,Sports Item 00850,Sports,196.62,KRW
P00851,Beauty Item 00851,Beauty,622.50,KRW
P00852,Grocery Item 00852,Grocery,77.60,KRW
P00853,Electronics Item 00853,Electronics,67.93,KRW
P00854,Fashion Item 00854,Fashion,51.24,KRW
P00855,Home Item 00855,Home,406.13,KRW
P00856,Sports Item 00856,Sports,282.23,KRW
P00857,Beauty Item 00857,Beauty,62.25,KRW
P00858,Grocery Item 00858,Grocery,611.11,KRW
P00859,Electronics Item 00859,Electronics,556.81,KRW
P00860,Fashion Item 00860,Fashion,378.26,KRW
P00861,Home Item 00861,Home,260.90,KRW
P00862,Sports Item 00862,Sports,133.68,KRW
P00863,Beauty Item 00863,Beauty,487.61,KRW
P00864,Grocery Item 00864,Grocery,637.38,KRW
P00865,Electronics Item 00865,Electronics,571.42,KRW
P00866,Fashion Item 00866,Fashion,449.51,KRW
P00867,Home Item 00867,Home,299.28,KRW
P00868,Sports Item 00868,Sports,151.17,KRW
P00869,Beauty Item 00869,Beauty,847.92,KRW
P00870,Grocery Item 00870,Grocery,397.93,KRW
P00871,Electronics Item 00871,Electronics,281.05,KRW
P00872,Fashion Item 00872,Fashion,604.50,KRW
P00873,Home Item 00873,Home,785.76,KRW
P00874,Sports Item 00874,Sports,208.82,KRW
P00875,Beauty Item 00875,Beauty,140.10,KRW
P00876,Grocery Item 00876,Grocery,722.60,KRW
P00877,Electronics Item 00877,Electronics,83.83,KRW
P00878,Fashion Item 00878,Fashion,116.43,KRW
P00879,Home Item 00879,Home,211.24,KRW
P00880,Sports Item 00880,Sports,899.86,KRW
P00881,Beauty Item 00881,Beauty,781.51,KRW
P00882,Grocery Item 00882,Grocery,451.62,KRW
P00883,Electronics Item 00883,Electronics,137.80,KRW
P00884,Fashion Item 00884,Fashion,113.12,KRW
P00885,Home Item 00885,Home,413.06,KRW
P00886,Sports Item 00886,Sports,112.38,KRW
P00887,Beauty Item 00887,Beauty,338.82,KRW
P00888,Grocery Item 00888,Grocery,463.45,KRW
P00889,Electronics Item 00889,Electronics,318.14,KRW
P00890,Fashion Item 00890,Fashion,607.76,KRW
P00891,Home Item 00891,Home,473.75,KRW
P00892,Sports Item 00892,Sports,205.55,KRW
P00893,Beauty Item 00893,Beauty,493.26,KRW
P00894,Grocery Item 00894,Grocery,272.60,KRW
P00895,Electronics Item 00895,Electronics,264.77,KRW
P00896,Fashion Item 00896,Fashion,125.37,KRW
P00897,Home Item 00897,Home,335.50,KRW
P00898,Sports Item 00898,Sports,617.71,KRW
P00899,Beauty Item 00899,Beauty,836.55,KRW
P00900,Grocery Item 00900,Grocery,525.18,KRW
P00901,Electronics Item 00901,Electronics,602.49,KRW
P00902,Fashion Item 00902,Fashion,547.49,KRW
P00903,Home Item 00903,Home,98.49,KRW
P00904,Sports Item 00904,Sports,687.17,KRW
P00905,Beauty Item 00905,Beauty,243.86,KRW
P00906,Grocery Item 00906,Grocery,467.96,KRW
P00907,Electronics Item 00907,Electronics,37.48,KRW
P00908,Fashion Item 00908,Fashion,718.11,KRW
P00909,Home Item 00909,Home,628.51,KRW
P00910,Sports Item 00910,Sports,714.64,KRW
P00911,Beauty Item 00911,Beauty,709.77,KRW
P00912,Grocery Item 00912,Grocery,474.71,KRW
P00913,Electronics Item 00913,Electronics,57.12,KRW
P00914,Fashion Item 00914,Fashion,94.29,KRW
P00915,Home Item 00915,Home,730.62,KRW
P00916,Sports Item 00916,Sports,623.26,KRW
P00917,Beauty Item 00917,Beauty,143.25,KRW
P00918,Grocery Item 00918,Grocery,512.07,KRW
P00919,Electronics Item 00919,Electronics,377.06,KRW
P00920,Fashion Item 00920,Fashion,460.38,KRW
P00921,Home Item 00921,Home,286.68,KRW
P00922,Sports Item 00922,Sports,538.09,KRW
P00923,Beauty Item 00923,Beauty,361.67,KRW
P00924,Grocery Item 00924,Grocery,702.94,KRW
P00925,Electronics Item 00925,Electronics,486.56,KRW
P00926,Fashion Item 00926,Fashion,300.43,KRW
P00927,Home Item 00927,Home,543.44,KRW
P00928,Sports Item 00928,Sports,501.85,KRW
P00929,Beauty Item 00929,Beauty,511.62,KRW
P00930,Grocery Item 00930,Grocery,543.34,KRW
P00931,Electronics Item 00931,Electronics,64.14,KRW
P00932,Fashion Item 00932,Fashion,175.85,KRW
P00933,Home Item 00933,Home,81.61,KRW
P00934,Sports Item 00934,Sports,614.64,KRW
P00935,Beauty Item 00935,Beauty,282.11,KRW
P00936,Grocery Item 00936,Grocery,468.23,KRW
P00937,Electronics Item 00937,Electronics,750.39,KRW
P00938,Fashion Item 00938,Fashion,714.58,KRW
P00939,Home Item 00939,Home,523.43,KRW
P00940,Sports Item 00940,Sports,227.72,KRW
P00941,Beauty Item 00941,Beauty,154.20,KRW
P00942,Grocery Item 00942,Grocery,874.64,KRW
P00943,Electronics Item 00943,Electronics,162.16,KRW
P00944,Fashion Item 00944,Fashion,701.13,KRW
P00945,Home Item 00945,Home,529.62,KRW
P00946,Sports Item 00946,Sports,63.19,KRW
P00947,Beauty Item 00947,Beauty,110.44,KRW
P00948,Grocery Item 00948,Grocery,380.49,KRW
P00949,Electronics Item 00949,Electronics,588.37,KRW
P00950,Fashion Item 00950,Fashion,790.56,KRW
P00951,Home Item 00951,Home,436.92,KRW
P00952,Sports Item 00952,Sports,665.23,KRW
P00953,Beauty Item 00953,Beauty,403.32,KRW
P00954,Grocery Item 00954,Grocery,832.97,KRW
P00955,Electronics Item 00955,Electronics,545.61,KRW
P00956,Fashion Item 00956,Fashion,855.62,KRW
P00957,Home Item 00957,Home,295.00,KRW
P00958,Sports Item 00958,Sports,856.87,KRW
P00959,Beauty Item 00959,Beauty,88.79,KRW
P00960,Grocery Item 00960,Grocery,792.09,KRW
P00961,Electronics Item 00961,Electronics,572.63,KRW
P00962,Fashion Item 00962,Fashion,294.50,KRW
P00963,Home Item 00963,Home,732.00,KRW
P00964,Sports Item 00964,Sports,499.13,KRW
P00965,Beauty Item 00965,Beauty,739.02,KRW
P00966,Grocery Item 00966,Grocery,234.19,KRW
P00967,Electronics Item 00967,Electronics,782.36,KRW
P00968,Fashion Item 00968,Fashion,571.28,KRW
P00969,Home Item 00969,Home,495.65,KRW
P00970,Sports Item 00970,Sports,525.37,KRW
P00971,Beauty Item 00971,Beauty,69.46,KRW
P00972,Grocery Item 00972,Grocery,674.69,KRW
P00973,Electronics Item 00973,Electronics,814.11,KRW
P00974,Fashion Item 00974,Fashion,632.44,KRW
P00975,Home Item 00975,Home,347.65,KRW
P00976,Sports Item 00976,Sports,766.67,KRW
P00977,Beauty Item 00977,Beauty,273.21,KRW
P00978,Grocery Item 00978,Grocery,850.84,KRW
P00979,Electronics Item 00979,Electronics,487.97,KRW
P00980,Fashion Item 00980,Fashion,238.41,KRW
P00981,Home Item 00981,Home,809.17,KRW
P00982,Sports Item 00982,Sports,190.18,KRW
P00983,Beauty Item 00983,Beauty,171.70,KRW
P00984,Grocery Item 00984,Grocery,784.93,KRW
P00985,Electronics Item 00985,Electronics,813.72,KRW
P00986,Fashion Item 00986,Fashion,428.78,KRW
P00987,Home Item 00987,Home,558.71,KRW
P00988,Sports Item 00988,Sports,267.58,KRW
P00989,Beauty Item 00989,Beauty,378.32,KRW
P00990,Grocery Item 00990,Grocery,642.06,KRW
P00991,Electronics Item 00991,Electronics,373.02,KRW
P00992,Fashion Item 00992,Fashion,819.36,KRW
P00993,Home Item 00993,Home,702.51,KRW
P00994,Sports Item 00994,Sports,400.65,KRW
P00995,Beauty Item 00995,Beauty,166.42,KRW
P00996,Grocery Item 00996,Grocery,705.47,KRW
P00997,Electronics Item 00997,Electronics,829.66,KRW
P00998,Fashion Item 00998,Fashion,252.54,KRW
P00999,Home Item 00999,Home,423.48,KRW
P01000,Sports Item 01000,Sports,876.45,KRW
P01001,Beauty Item 01001,Beauty,693.77,KRW
P01002,Grocery Item 01002,Grocery,276.93,KRW
P01003,Electronics Item 01003,Electronics,747.32,KRW
P01004,Fashion Item 01004,Fashion,322.91,KRW
P01005,Home Item 01005,Home,290.39,KRW
P01006,Sports Item 01006,Sports,818.67,KRW
P01007,Beauty Item 01007,Beauty,372.73,KRW
P01008,Grocery Item 01008,Grocery,754.47,KRW
P01009,Electronics Item 01009,Electronics,473.70,KRW
P01010,Fashion Item 01010,Fashion,259.13,KRW
P01011,Home Item 01011,Home,91.47,KRW
P01012,Sports Item 01012,Sports,309.49,KRW
P01013,Beauty Item 01013,Beauty,834.69,KRW
P01014,Grocery Item 01014,Grocery,802.81,KRW
P01015,Electronics Item 01015,Electronics,623.75,KRW
P01016,Fashion Item 01016,Fashion,712.52,KRW
P01017,Home Item 01017,Home,97.94,KRW
P01018,Sports Item 01018,Sports,744.91,KRW
P01019,Beauty Item 01019,Beauty,43.09,KRW
P01020,Grocery Item 01020,Grocery,66.69,KRW
P01021,Electronics Item 01021,Electronics,871.04,KRW
P01022,Fashion Item 01022,Fashion,47.65,KRW
P01023,Home Item 01023,Home,884.06,KRW
P01024,Sports Item 01024,Sports,452.51,KRW
P01025,Beauty Item 01025,Beauty,421.06,KRW
P01026,Grocery Item 01026,Grocery,867.77,KRW
P01027,Electronics Item 01027,Electronics,228.77,KRW
P01028,Fashion Item 01028,Fashion,636.84,KRW
P01029,Home Item 01029,Home,540.11,KRW
P01030,Sports Item 01030,Sports,29.57,KRW
P01031,Beauty Item 01031,Beauty,560.37,KRW
P01032,Grocery Item 01032,Grocery,363.54,KRW
P01033,Electronics Item 01033,Electronics,366.06,KRW
P01034,Fashion Item 01034,Fashion,588.49,KRW
P01035,Home Item 01035,Home,434.34,KRW
P01036,Sports Item 01036,Sports,191.57,KRW
P01037,Beauty Item 01037,Beauty,234.29,KRW
P01038,Grocery Item 01038,Grocery,377.03,KRW
P01039,Electronics Item 01039,Electronics,675.20,KRW
P01040,Fashion Item 01040,Fashion,529.65,KRW
P01041,Home Item 01041,Home,612.76,KRW
P01042,Sports Item 01042,Sports,321.07,KRW
P01043,Beauty Item 01043,Beauty,269.88,KRW
P01044,Grocery Item 01044,Grocery,263.81,KRW
P01045,Electronics Item 01045,Electronics,709.30,KRW
P01046,Fashion Item 01046,Fashion,292.75,KRW
P01047,Home Item 01047,Home,303.49,KRW
P01048,Sports Item 01048,Sports,597.73,KRW
P01049,Beauty Item 01049,Beauty,131.48,KRW
P01050,Grocery Item 01050,Grocery,543.53,KRW
P01051,Electronics Item 01051,Electronics,702.37,KRW
P01052,Fashion Item 01052,Fashion,187.12,KRW
P01053,Home Item 01053,Home,95.85,KRW
P01054,Sports Item 01054,Sports,732.13,KRW
P01055,Beauty Item 01055,Beauty,287.53,KRW
P01056,Grocery Item 01056,Grocery,334.60,KRW
P01057,Electronics Item 01057,Electronics,684.69,KRW
P01058,Fashion Item 01058,Fashion,487.47,KRW
P01059,Home Item 01059,Home,727.27,KRW
P01060,Sports Item 01060,Sports,857.49,KRW
P01061,Beauty Item 01061,Beauty,566.29,KRW
P01062,Grocery Item 01062,Grocery,634.51,KRW
P01063,Electronics Item 01063,Electronics,602.64,KRW
P01064,Fashion Item 01064,Fashion,853.79,KRW
P01065,Home Item 01065,Home,48.33,KRW
P01066,Sports Item 01066,Sports,612.73,KRW
P01067,Beauty Item 01067,Beauty,863.02,KRW
P01068,Grocery Item 01068,Grocery,879.70,KRW
P01069,Electronics Item 01069,Electronics,815.74,KRW
P01070,Fashion Item 01070,Fashion,415.85,KRW
P01071,Home Item 01071,Home,769.49,KRW
P01072,Sports Item 01072,Sports,290.39,KRW
P01073,Beauty Item 01073,Beauty,535.44,KRW
P01074,Grocery Item 01074,Grocery,160.30,KRW
P01075,Electronics Item 01075,Electronics,822.60,KRW
P01076,Fashion Item 01076,Fashion,355.98,KRW
P01077,Home Item 01077,Home,549.04,KRW
P01078,Sports Item 01078,Sports,708.76,KRW
P01079,Beauty Item 01079,Beauty,181.08,KRW
P01080,Grocery Item 01080,Grocery,572.07,KRW
P01081,Electronics Item 01081,Electronics,896.33,KRW
P01082,Fashion Item 01082,Fashion,360.87,KRW
P01083,Home Item 01083,Home,536.08,KRW
P01084,Sports Item 01084,Sports,421.85,KRW
P01085,Beauty Item 01085,Beauty,158.17,KRW
P01086,Grocery Item 01086,Grocery,825.35,KRW
P01087,Electronics Item 01087,Electronics,154.38,KRW
P01088,Fashion Item 01088,Fashion,322.22,KRW
P01089,Home Item 01089,Home,882.34,KRW
P01090,Sports Item 01090,Sports,238.99,KRW
P01091,Beauty Item 01091,Beauty,391.92,KRW
P01092,Grocery Item 01092,Grocery,67.53,KRW
P01093,Electronics Item 01093,Electronics,72.43,KRW
P01094,Fashion Item 01094,Fashion,631.74,KRW
P01095,Home Item 01095,Home,721.36,KRW
P01096,Sports Item 01096,Sports,192.76,KRW
P01097,Beauty Item 01097,Beauty,224.32,KRW
P01098,Grocery Item 01098,Grocery,819.17,KRW
P01099,Electronics Item 01099,Electronics,652.12,KRW
P01100,Fashion Item 01100,Fashion,878.40,KRW
P01101,Home Item 01101,Home,509.83,KRW
P01102,Sports Item 01102,Sports,569.15,KRW
P01103,Beauty Item 01103,Beauty,633.32,KRW
P01104,Grocery Item 01104,Grocery,183.73,KRW
P01105,Electronics Item 01105,Electronics,526.98,KRW
P01106,Fashion Item 01106,Fashion,201.68,KRW
P01107,Home Item 01107,Home,180.16,KRW
P01108,Sports Item 01108,Sports,555.56,KRW
P01109,Beauty Item 01109,Beauty,342.05,KRW
P01110,Grocery Item 01110,Grocery,746.49,KRW
P01111,Electronics Item 01111,Electronics,771.60,KRW
P01112,Fashion Item 01112,Fashion,758.09,KRW
P01113,Home Item 01113,Home,218.21,KRW
P01114,Sports Item 01114,Sports,140.14,KRW
P01115,Beauty Item 01115,Beauty,109.16,KRW
P01116,Grocery Item 01116,Grocery,417.69,KRW
P01117,Electronics Item 01117,Electronics,192.26,KRW
P01118,Fashion Item 01118,Fashion,707.98,KRW
P01119,Home Item 01119,Home,616.58,KRW
P01120,Sports Item 01120,Sports,443.39,KRW
P01121,Beauty Item 01121,Beauty,644.43,KRW
P01122,Grocery Item 01122,Grocery,570.27,KRW
P01123,Electronics Item 01123,Electronics,826.91,KRW
P01124,Fashion Item 01124,Fashion,333.12,KRW
P01125,Home Item 01125,Home,626.72,KRW
P01126,Sports Item 01126,Sports,759.39,KRW
P01127,Beauty Item 01127,Beauty,115.18,KRW
P01128,Grocery Item 01128,Grocery,449.19,KRW
P01129,Electronics Item 01129,Electronics,114.53,KRW
P01130,Fashion Item 01130,Fashion,251.07,KRW
P01131,Home Item 01131,Home,307.91,KRW
P01132,Sports Item 01132,Sports,121.22,KRW
P01133,Beauty Item 01133,Beauty,840.47,KRW
P01134,Grocery Item 01134,Grocery,681.84,KRW
P01135,Electronics Item 01135,Electronics,420.02,KRW
P01136,Fashion Item 01136,Fashion,893.86,KRW
P01137,Home Item 01137,Home,620.38,KRW
P01138,Sports Item 01138,Sports,67.79,KRW
P01139,Beauty Item 01139,Beauty,495.87,KRW
P01140,Grocery Item 01140,Grocery,492.44,KRW
P01141,Electronics Item 01141,Electronics,595.50,KRW
P01142,Fashion Item 01142,Fashion,800.08,KRW
P01143,Home Item 01143,Home,824.56,KRW
P01144,Sports Item 01144,Sports,442.39,KRW
P01145,Beauty Item 01145,Beauty,685.73,KRW
P01146,Grocery Item 01146,Grocery,652.58,KRW
P01147,Electronics Item 01147,Electronics,117.26,KRW
P01148,Fashion Item 01148,Fashion,452.40,KRW
P01149,Home Item 01149,Home,208.21,KRW
P01150,Sports Item 01150,Sports,661.15,KRW
P01151,Beauty Item 01151,Beauty,760.79,KRW
P01152,Grocery Item 01152,Grocery,591.06,KRW
P01153,Electronics Item 01153,Electronics,878.73,KRW
P01154,Fashion Item 01154,Fashion,352.70,KRW
P01155,Home Item 01155,Home,718.88,KRW
P01156,Sports Item 01156,Sports,53.11,KRW
P01157,Beauty Item 01157,Beauty,772.44,KRW
P01158,Grocery Item 01158,Grocery,660.44,KRW
P01159,Electronics Item 01159,Electronics,321.00,KRW
P01160,Fashion Item 01160,Fashion,442.45,KRW
P01161,Home Item 01161,Home,325.85,KRW
P01162,Sports Item 01162,Sports,660.23,KRW
P01163,Beauty Item 01163,Beauty,212.08,KRW
P01164,Grocery Item 01164,Grocery,275.73,KRW
P01165,Electronics Item 01165,Electronics,641.41,KRW
P01166,Fashion Item 01166,Fashion,663.51,KRW
P01167,Home Item 01167,Home,652.22,KRW
P01168,Sports Item 01168,Sports,879.61,KRW
P01169,Beauty Item 01169,Beauty,458.87,KRW
P01170,Grocery Item 01170,Grocery,631.27,KRW
P01171,Electronics Item 01171,Electronics,630.31,KRW
P01172,Fashion Item 01172,Fashion,556.41,KRW
P01173,Home Item 01173,Home,722.10,KRW
P01174,Sports Item 01174,Sports,712.51,KRW
P01175,Beauty Item 01175,Beauty,528.09,KRW
P01176,Grocery Item 01176,Grocery,369.99,KRW
P01177,Electronics Item 01177,Electronics,96.09,KRW
P01178,Fashion Item 01178,Fashion,235.90,KRW
P01179,Home Item 01179,Home,496.02,KRW
P01180,Sports Item 01180,Sports,624.77,KRW
P01181,Beauty Item 01181,Beauty,209.31,KRW
P01182,Grocery Item 01182,Grocery,438.99,KRW
P01183,Electronics Item 01183,Electronics,322.23,KRW
P01184,Fashion Item 01184,Fashion,561.61,KRW
P01185,Home Item 01185,Home,676.21,KRW
P01186,Sports Item 01186,Sports,603.64,KRW
P01187,Beauty Item 01187,Beauty,762.43,KRW
P01188,Grocery Item 01188,Grocery,648.82,KRW
P01189,Electronics Item 01189,Electronics,81.87,KRW
P01190,Fashion Item 01190,Fashion,104.91,KRW
P01191,Home Item 01191,Home,599.34,KRW
P01192,Sports Item 01192,Sports,173.47,KRW
P01193,Beauty Item 01193,Beauty,329.93,KRW
P01194,Grocery Item 01194,Grocery,139.02,KRW
P01195,Electronics Item 01195,Electronics,820.55,KRW
P01196,Fashion Item 01196,Fashion,193.34,KRW
P01197,Home Item 01197,Home,419.24,KRW
P01198,Sports Item 01198,Sports,201.70,KRW
P01199,Beauty Item 01199,Beauty,567.81,KRW
P01200,Grocery Item 01200,Grocery,503.81,KRW
