promotion_id,promotion_name,promotion_type,discount_amount,start_date,end_date
PR00001,Amount Promo 00001,Amount,36.42,2026-01-02,2026-02-01
PR00002,Bundle Promo 00002,Bundle,33.87,2026-01-03,2026-02-02
PR00003,BOGO Promo 00003,BOGO,5.96,2026-01-04,2026-02-03
PR00004,Percent Promo 00004,Percent,38.80,2026-01-05,2026-02-04
PR00005,Amount Promo 00005,Amount,12.07,2026-01-06,2026-02-05
PR00006,Bundle Promo 00006,Bundle,5.93,2026-01-07,2026-02-06
PR00007,BOGO Promo 00007,BOGO,31.65,2026-01-08,2026-02-07
PR00008,Percent Promo 00008,Percent,16.36,2026-01-09,2026-02-08
PR00009,Amount Promo 00009,Amount,32.02,2026-01-10,2026-02-09
PR00010,Bundle Promo 00010,Bundle,26.74,2026-01-11,2026-02-10
PR00011,BOGO Promo 00011,BOGO,17.42,2026-01-12,2026-02-11
PR00012,Percent Promo 00012,Percent,6.88,2026-01-13,2026-02-12
PR00013,Amount Promo 00013,Amount,29.12,2026-01-14,2026-02-13
PR00014,Bundle Promo 00014,Bundle,16.77,2026-01-15,2026-02-14
PR00015,BOGO Promo 00015,BOGO,19.20,2026-01-16,2026-02-15
PR00016,Percent Promo 00016,Percent,33.75,2026-01-17,2026-02-16
PR00017,Amount Promo 00017,Amount,26.22,2026-01-18,2026-02-17
PR00018,Bundle Promo 00018,Bundle,6.22,2026-01-19,2026-02-18
PR00019,BOGO Promo 00019,BOGO,22.07,2026-01-20,2026-02-19
PR00020,Percent Promo 00020,Percent,9.33,2026-01-21,2026-02-20
PR00021,Amount Promo 00021,Amount,37.86,2026-01-22,2026-02-21
PR00022,Bundle Promo 00022,Bundle,16.95,2026-01-23,2026-02-22
PR00023,BOGO Promo 00023,BOGO,28.21,2026-01-24,2026-02-23
PR00024,Percent Promo 00024,Percent,18.42,2026-01-25,2026-02-24
PR00025,Amount Promo 00025,Amount,16.95,2026-01-26,2026-02-25
PR00026,Bundle Promo 00026,Bundle,22.21,2026-01-27,2026-02-26
PR00027,BOGO Promo 00027,BOGO,10.74,2026-01-28,2026-02-27
PR00028,Percent Promo 00028,Percent,23.18,2026-01-29,2026-02-28
PR00029,Amount Promo 00029,Amount,14.15,2026-01-30,2026-03-01
PR00030,Bundle Promo 00030,Bundle,6.19,2026-01-31,2026-03-02
PR00031,BOGO Promo 00031,BOGO,10.71,2026-02-01,2026-03-03
PR00032,Percent Promo 00032,Percent,18.35,2026-02-02,2026-03-04
PR00033,Amount Promo 00033,Amount,21.28,2026-02-03,2026-03-05
PR00034,Bundle Promo 00034,Bundle,29.06,2026-02-04,2026-03-06
PR00035,BOGO Promo 00035,BOGO,33.47,2026-02-05,2026-03-07
PR00036,Percent Promo 00036,Percent,33.72,2026-02-06,2026-03-08
PR00037,Amount Promo 00037,Amount,13.90,2026-02-07,2026-03-09
PR00038,Bundle Promo 00038,Bundle,11.70,2026-02-08,2026-03-10
PR00039,BOGO Promo 00039,BOGO,5.68,2026-02-09,2026-03-11
PR00040,Percent Promo 00040,Percent,33.64,2026-02-10,2026-03-12
PR00041,Amount Promo 00041,Amount,8.95,2026-02-11,2026-03-13
PR00042,Bundle Promo 00042,Bundle,24.80,2026-02-12,2026-03-14
PR00043,BOGO Promo 00043,BOGO,8.71,2026-02-13,2026-03-15
PR00044,Percent Promo 00044,Percent,12.42,2026-02-14,2026-03-16
PR00045,Amount Promo 00045,Amount,16.56,2026-02-15,2026-03-17
PR00046,Bundle Promo 00046,Bundle,17.28,2026-02-16,2026-03-18
PR00047,BOGO Promo 00047,BOGO,38.97,2026-02-17,2026-03-19
PR00048,Percent Promo 00048,Percent,36.69,2026-02-18,2026-03-20
PR00049,Amount Promo 00049,Amount,14.93,2026-02-19,2026-03-21
PR00050,INVALID Test Promo,Bundle,-5.00,2026-02-20,2026-03-22
PR00051,BOGO Promo 00051,BOGO,38.98,2026-02-21,2026-03-23
PR00052,Percent Promo 00052,Percent,22.95,2026-02-22,2026-03-24
PR00053,Amount Promo 00053,Amount,11.99,2026-02-23,2026-03-25
PR00054,Bundle Promo 00054,Bundle,26.49,2026-02-24,2026-03-26
PR00055,BOGO Promo 00055,BOGO,21.34,2026-02-25,2026-03-27
PR00056,Percent Promo 00056,Percent,29.55,2026-02-26,2026-03-28
PR00057,Amount Promo 00057,Amount,37.69,2026-02-27,2026-03-29
PR00058,Bundle Promo 00058,Bundle,23.21,2026-02-28,2026-03-30
PR00059,BOGO Promo 00059,BOGO,16.02,2026-03-01,2026-03-31
PR00060,Percent Promo 00060,Percent,24.60,2026-03-02,2026-04-01
PR00061,Amount Promo 00061,Amount,16.24,2026-03-03,2026-04-02
PR00062,Bundle Promo 00062,Bundle,39.16,2026-03-04,2026-04-03
PR00063,BOGO Promo 00063,BOGO,35.81,2026-03-05,2026-04-04
PR00064,Percent Promo 00064,Percent,23.00,2026-03-06,2026-04-05
PR00065,Amount Promo 00065,Amount,17.76,2026-03-07,2026-04-06
PR00066,Bundle Promo 00066,Bundle,27.40,2026-03-08,2026-04-07
PR00067,BOGO Promo 00067,BOGO,33.53,2026-03-09,2026-04-08
PR00068,Percent Promo 00068,Percent,20.96,2026-03-10,2026-04-09
PR00069,Amount Promo 00069,Amount,38.82,2026-03-11,2026-04-10
PR00070,Bundle Promo 00070,Bundle,24.83,2026-03-12,2026-04-11
PR00071,BOGO Promo 00071,BOGO,32.57,2026-03-13,2026-04-12
PR00072,Percent Promo 00072,Percent,30.60,2026-03-14,2026-04-13
PR00073,Amount Promo 00073,Amount,5.19,2026-03-15,2026-04-14
PR00074,Bundle Promo 00074,Bundle,6.35,2026-03-16,2026-04-15
PR00075,BOGO Promo 00075,BOGO,16.80,2026-03-17,2026-04-16
PR00076,Percent Promo 00076,Percent,12.42,2026-03-18,2026-04-17
PR00077,Amount Promo 00077,Amount,20.65,2026-03-19,2026-04-18
PR00078,Bundle Promo 00078,Bundle,19.19,2026-03-20,2026-04-19
PR00079,BOGO Promo 00079,BOGO,22.96,2026-03-21,2026-04-20
PR00080,Percent Promo 00080,Percent,33.33,2026-03-22,2026-04-21
PR00081,Amount Promo 00081,Amount,35.97,2026-03-23,2026-04-22
PR00082,Bundle Promo 00082,Bundle,22.11,2026-03-24,2026-04-23
PR00083,BOGO Promo 00083,BOGO,34.08,2026-03-25,2026-04-24
PR00084,Percent Promo 00084,Percent,13.50,2026-03-26,2026-04-25
PR00085,Amount Promo 00085,Amount,17.31,2026-03-27,2026-04-26
PR00086,Bundle Promo 00086,Bundle,28.00,2026-03-28,2026-04-27
PR00087,BOGO Promo 00087,BOGO,25.70,2026-03-29,2026-04-28
PR00088,Percent Promo 00088,Percent,28.54,2026-03-30,2026-04-29
PR00089,Amount Promo 00089,Amount,35.26,2026-03-31,2026-04-30
PR00090,Bundle Promo 00090,Bundle,20.86,2026-04-01,2026-05-01
PR00091,BOGO Promo 00091,BOGO,6.34,2026-04-02,2026-05-02
PR00092,Percent Promo 00092,Percent,16.58,2026-04-03,2026-05-03
PR00093,Amount Promo 00093,Amount,22.13,2026-04-04,2026-05-04
PR00094,Bundle Promo 00094,Bundle,16.77,2026-04-05,2026-05-05
PR00095,BOGO Promo 00095,BOGO,12.36,2026-04-06,2026-05-06
PR00096,Percent Promo 00096,Percent,25.88,2026-04-07,2026-05-07
PR00097,Amount Promo 00097,Amount,21.15,2026-04-08,2026-05-08
PR00098,Bundle Promo 00098,Bundle,22.01,2026-04-09,2026-05-09
PR00099,BOGO Promo 00099,BOGO,35.36,2026-04-10,2026-05-10
PR00100,Percent Promo 00100,Percent,34.23,2026-04-11,2026-05-11
PR00101,Amount Promo 00101,Amount,10.54,2026-04-12,2026-05-12
PR00102,Bundle Promo 00102,Bundle,30.33,2026-04-13,2026-05-13
PR00103,BOGO Promo 00103,BOGO,5.23,2026-04-14,2026-05-14
PR00104,Percent Promo 00104,Percent,15.78,2026-04-15,2026-05-15
PR00105,Amount Promo 00105,Amount,18.12,2026-04-16,2026-05-16
PR00106,Bundle Promo 00106,Bundle,24.69,2026-04-17,2026-05-17
PR00107,BOGO Promo 00107,BOGO,33.46,2026-04-18,2026-05-18
PR00108,Percent Promo 00108,Percent,6.45,2026-04-19,2026-05-19
PR00109,Amount Promo 00109,Amount,39.10,2026-04-20,2026-05-20
PR00110,Bundle Promo 00110,Bundle,23.06,2026-04-21,2026-05-21
PR00111,BOGO Promo 00111,BOGO,24.08,2026-04-22,2026-05-22
PR00112,Percent Promo 00112,Percent,28.20,2026-04-23,2026-05-23
PR00113,Amount Promo 00113,Amount,19.11,2026-04-24,2026-05-24
PR00114,Bundle Promo 00114,Bundle,8.27,2026-04-25,2026-05-25
PR00115,BOGO Promo 00115,BOGO,31.58,2026-04-26,2026-05-26
PR00116,Percent Promo 00116,Percent,32.44,2026-04-27,2026-05-27
PR00117,Amount Promo 00117,Amount,37.65,2026-04-28,2026-05-28
PR00118,Bundle Promo 00118,Bundle,19.53,2026-04-29,2026-05-29
PR00119,BOGO Promo 00119,BOGO,23.71,2026-04-30,2026-05-30
PR00120,Percent Promo 00120,Percent,30.45,2026-01-01,2026-01-31
PR00121,Amount Promo 00121,Amount,31.02,2026-01-02,2026-02-01
PR00122,Bundle Promo 00122,Bundle,10.26,2026-01-03,2026-02-02
PR00123,BOGO Promo 00123,BOGO,35.32,2026-01-04,2026-02-03
PR00124,Percent Promo 00124,Percent,9.67,2026-01-05,2026-02-04
PR00125,Amount Promo 00125,Amount,17.30,2026-01-06,2026-02-05
PR00126,Bundle Promo 00126,Bundle,24.23,2026-01-07,2026-02-06
PR00127,BOGO Promo 00127,BOGO,23.97,2026-01-08,2026-02-07
PR00128,Percent Promo 00128,Percent,26.00,2026-01-09,2026-02-08
PR00129,Amount Promo 00129,Amount,9.59,2026-01-10,2026-02-09
PR00130,Bundle Promo 00130,Bundle,20.69,2026-01-11,2026-02-10
PR00131,BOGO Promo 00131,BOGO,15.38,2026-01-12,2026-02-11
PR00132,Percent Promo 00132,Percent,26.53,2026-01-13,2026-02-12
PR00133,Amount Promo 00133,Amount,15.39,2026-01-14,2026-02-13
PR00134,Bundle Promo 00134,Bundle,39.32,2026-01-15,2026-02-14
PR00135,BOGO Promo 00135,BOGO,27.99,2026-01-16,2026-02-15
PR00136,Percent Promo 00136,Percent,11.05,2026-01-17,2026-02-16
PR00137,Amount Promo 00137,Amount,7.23,2026-01-18,2026-02-17
PR00138,Bundle Promo 00138,Bundle,8.67,2026-01-19,2026-02-18
PR00139,BOGO Promo 00139,BOGO,18.91,2026-01-20,2026-02-19
PR00140,Percent Promo 00140,Percent,33.49,2026-01-21,2026-02-20
PR00141,Amount Promo 00141,Amount,28.18,2026-01-22,2026-02-21
PR00142,Bundle Promo 00142,Bundle,9.81,2026-01-23,2026-02-22
PR00143,BOGO Promo 00143,BOGO,27.08,2026-01-24,2026-02-23
PR00144,Percent Promo 00144,Percent,12.41,2026-01-25,2026-02-24
PR00145,Amount Promo 00145,Amount,16.82,2026-01-26,2026-02-25
PR00146,Bundle Promo 00146,Bundle,7.14,2026-01-27,2026-02-26
PR00147,BOGO Promo 00147,BOGO,37.62,2026-01-28,2026-02-27
PR00148,Percent Promo 00148,Percent,36.94,2026-01-29,2026-02-28
PR00149,Amount Promo 00149,Amount,23.59,2026-01-30,2026-03-01
PR00150,Bundle Promo 00150,Bundle,24.13,2026-01-31,2026-03-02
PR00151,BOGO Promo 00151,BOGO,36.51,2026-02-01,2026-03-03
PR00152,Percent Promo 00152,Percent,7.17,2026-02-02,2026-03-04
PR00153,Amount Promo 00153,Amount,39.53,2026-02-03,2026-03-05
PR00154,Bundle Promo 00154,Bundle,26.90,2026-02-04,2026-03-06
PR00155,BOGO Promo 00155,BOGO,12.10,2026-02-05,2026-03-07
PR00156,Percent Promo 00156,Percent,36.56,2026-02-06,2026-03-08
PR00157,Amount Promo 00157,Amount,31.59,2026-02-07,2026-03-09
PR00158,Bundle Promo 00158,Bundle,33.40,2026-02-08,2026-03-10
PR00159,BOGO Promo 00159,BOGO,5.22,2026-02-09,2026-03-11
PR00160,Percent Promo 00160,Percent,34.21,2026-02-10,2026-03-12
PR00161,Amount Promo 00161,Amount,30.18,2026-02-11,2026-03-13
PR00162,Bundle Promo 00162,Bundle,24.88,2026-02-12,2026-03-14
PR00163,BOGO Promo 00163,BOGO,29.97,2026-02-13,2026-03-15
PR00164,Percent Promo 00164,Percent,17.65,2026-02-14,2026-03-16
PR00165,Amount Promo 00165,Amount,19.60,2026-02-15,2026-03-17
PR00166,Bundle Promo 00166,Bundle,11.33,2026-02-16,2026-03-18
PR00167,BOGO Promo 00167,BOGO,7.67,2026-02-17,2026-03-19
PR00168,Percent Promo 00168,Percent,29.48,2026-02-18,2026-03-20
PR00169,Amount Promo 00169,Amount,16.20,2026-02-19,2026-03-21
PR00170,Bundle Promo 00170,Bundle,39.37,2026-02-20,2026-03-22
PR00171,BOGO Promo 00171,BOGO,18.90,2026-02-21,2026-03-23
PR00172,Percent Promo 00172,Percent,23.00,2026-02-22,2026-03-24
PR00173,Amount Promo 00173,Amount,13.55,2026-02-23,2026-03-25
PR00174,Bundle Promo 00174,Bundle,24.11,2026-02-24,2026-03-26
PR00175,BOGO Promo 00175,BOGO,22.25,2026-02-25,2026-03-27
PR00176,Percent Promo 00176,Percent,11.82,2026-02-26,2026-03-28
PR00177,Amount Promo 00177,Amount,5.86,2026-02-27,2026-03-29
PR00178,Bundle Promo 00178,Bundle,14.95,2026-02-28,2026-03-30
PR00179,BOGO Promo 00179,BOGO,34.21,2026-03-01,2026-03-31
PR00180,Percent Promo 00180,Percent,23.90,2026-03-02,2026-04-01
PR00181,Amount Promo 00181,Amount,25.98,2026-03-03,2026-04-02
PR00182,Bundle Promo 00182,Bundle,11.17,2026-03-04,2026-04-03
PR00183,BOGO Promo 00183,BOGO,39.11,2026-03-05,2026-04-04
PR00184,Percent Promo 00184,Percent,38.53,2026-03-06,2026-04-05
PR00185,Amount Promo 00185,Amount,15.51,2026-03-07,2026-04-06
PR00186,Bundle Promo 00186,Bundle,5.60,2026-03-08,2026-04-07
PR00187,BOGO Promo 00187,BOGO,20.93,2026-03-09,2026-04-08
PR00188,Percent Promo 00188,Percent,17.13,2026-03-10,2026-04-09
PR00189,Amount Promo 00189,Amount,34.28,2026-03-11,2026-04-10
PR00190,Bundle Promo 00190,Bundle,17.63,2026-03-12,2026-04-11
PR00191,BOGO Promo 00191,BOGO,36.06,2026-03-13,2026-04-12
PR00192,Percent Promo 00192,Percent,30.88,2026-03-14,2026-04-13
PR00193,Amount Promo 00193,Amount,15.29,2026-03-15,2026-04-14
PR00194,Bundle Promo 00194,Bundle,23.60,2026-03-16,2026-04-15
PR00195,BOGO Promo 00195,BOGO,29.60,2026-03-17,2026-04-16
PR00196,Percent Promo 00196,Percent,11.52,2026-03-18,2026-04-17
PR00197,Amount Promo 00197,Amount,35.26,2026-03-19,2026-04-18
PR00198,Bundle Promo 00198,Bundle,34.95,2026-03-20,2026-04-19
PR00199,BOGO Promo 00199,BOGO,24.56,2026-03-21,2026-04-20
PR00200,Percent Promo 00200,Percent,24.03,2026-03-22,2026-04-21
PR00201,Amount Promo 00201,Amount,32.35,2026-03-23,2026-04-22
PR00202,Bundle Promo 00202,Bundle,18.30,2026-03-24,2026-04-23
PR00203,BOGO Promo 00203,BOGO,39.55,2026-03-25,2026-04-24
PR00204,Percent Promo 00204,Percent,21.61,2026-03-26,2026-04-25
PR00205,Amount Promo 00205,Amount,31.40,2026-03-27,2026-04-26
PR00206,Bundle Promo 00206,Bundle,28.99,2026-03-28,2026-04-27
PR00207,BOGO Promo 00207,BOGO,25.99,2026-03-29,2026-04-28
PR00208,Percent Promo 00208,Percent,18.28,2026-03-30,2026-04-29
PR00209,Amount Promo 00209,Amount,15.68,2026-03-31,2026-04-30
PR00210,Bundle Promo 00210,Bundle,35.88,2026-04-01,2026-05-01
PR00211,BOGO Promo 00211,BOGO,5.55,2026-04-02,2026-05-02
PR00212,Percent Promo 00212,Percent,26.21,2026-04-03,2026-05-03
PR00213,Amount Promo 00213,Amount,15.72,2026-04-04,2026-05-04
PR00214,Bundle Promo 00214,Bundle,11.52,2026-04-05,2026-05-05
PR00215,BOGO Promo 00215,BOGO,11.00,2026-04-06,2026-05-06
PR00216,Percent Promo 00216,Percent,38.03,2026-04-07,2026-05-07
PR00217,Amount Promo 00217,Amount,28.78,2026-04-08,2026-05-08
PR00218,Bundle Promo 00218,Bundle,15.94,2026-04-09,2026-05-09
PR00219,BOGO Promo 00219,BOGO,7.82,2026-04-10,2026-05-10
PR00220,Percent Promo 00220,Percent,14.30,2026-04-11,2026-05-11
PR00221,Amount Promo 00221,Amount,31.20,2026-04-12,2026-05-12
PR00222,Bundle Promo 00222,Bundle,8.74,2026-04-13,2026-05-13
PR00223,BOGO Promo 00223,BOGO,20.79,2026-04-14,2026-05-14
PR00224,Percent Promo 00224,Percent,28.95,2026-04-15,2026-05-15
PR00225,Amount Promo 00225,Amount,20.28,2026-04-16,2026-05-16
PR00226,Bundle Promo 00226,Bundle,15.16,2026-04-17,2026-05-17
PR00227,BOGO Promo 00227,BOGO,7.88,2026-04-18,2026-05-18
PR00228,Percent Promo 00228,Percent,26.23,2026-04-19,2026-05-19
PR00229,Amount Promo 00229,Amount,8.81,2026-04-20,2026-05-20
PR00230,Bundle Promo 00230,Bundle,17.80,2026-04-21,2026-05-21
PR00231,BOGO Promo 00231,BOGO,14.09,2026-04-22,2026-05-22
PR00232,Percent Promo 00232,Percent,24.26,2026-04-23,2026-05-23
PR00233,Amount Promo 00233,Amount,31.52,2026-04-24,2026-05-24
PR00234,Bundle Promo 00234,Bundle,22.76,2026-04-25,2026-05-25
PR00235,BOGO Promo 00235,BOGO,21.79,2026-04-26,2026-05-26
PR00236,Percent Promo 00236,Percent,21.79,2026-04-27,2026-05-27
PR00237,Amount Promo 00237,Amount,22.73,2026-04-28,2026-05-28
PR00238,Bundle Promo 00238,Bundle,17.62,2026-04-29,2026-05-29
PR00239,BOGO Promo 00239,BOGO,21.23,2026-04-30,2026-05-30
PR00240,Percent Promo 00240,Percent,39.79,2026-01-01,2026-01-31
PR00241,Amount Promo 00241,Amount,12.03,2026-01-02,2026-02-01
PR00242,Bundle Promo 00242,Bundle,8.41,2026-01-03,2026-02-02
PR00243,BOGO Promo 00243,BOGO,34.44,2026-01-04,2026-02-03
PR00244,Percent Promo 00244,Percent,21.21,2026-01-05,2026-02-04
PR00245,Amount Promo 00245,Amount,17.77,2026-01-06,2026-02-05
PR00246,Bundle Promo 00246,Bundle,36.82,2026-01-07,2026-02-06
PR00247,BOGO Promo 00247,BOGO,8.56,2026-01-08,2026-02-07
PR00248,Percent Promo 00248,Percent,37.18,2026-01-09,2026-02-08
PR00249,Amount Promo 00249,Amount,15.77,2026-01-10,2026-02-09
PR00250,Bundle Promo 00250,Bundle,28.44,2026-01-11,2026-02-10
PR00251,BOGO Promo 00251,BOGO,32.79,2026-01-12,2026-02-11
PR00252,Percent Promo 00252,Percent,34.00,2026-01-13,2026-02-12
PR00253,Amount Promo 00253,Amount,29.42,2026-01-14,2026-02-13
PR00254,Bundle Promo 00254,Bundle,36.35,2026-01-15,2026-02-14
PR00255,BOGO Promo 00255,BOGO,36.03,2026-01-16,2026-02-15
PR00256,Percent Promo 00256,Percent,25.13,2026-01-17,2026-02-16
PR00257,Amount Promo 00257,Amount,23.53,2026-01-18,2026-02-17
PR00258,Bundle Promo 00258,Bundle,39.77,2026-01-19,2026-02-18
PR00259,BOGO Promo 00259,BOGO,15.48,2026-01-20,2026-02-19
PR00260,Percent Promo 00260,Percent,17.49,2026-01-21,2026-02-20
PR00261,Amount Promo 00261,Amount,32.05,2026-01-22,2026-02-21
PR00262,Bundle Promo 00262,Bundle,39.53,2026-01-23,2026-02-22
PR00263,BOGO Promo 00263,BOGO,16.17,2026-01-24,2026-02-23
PR00264,Percent Promo 00264,Percent,8.67,2026-01-25,2026-02-24
PR00265,Amount Promo 00265,Amount,35.30,2026-01-26,2026-02-25
PR00266,Bundle Promo 00266,Bundle,8.28,2026-01-27,2026-02-26
PR00267,BOGO Promo 00267,BOGO,35.06,2026-01-28,2026-02-27
PR00268,Percent Promo 00268,Percent,28.74,2026-01-29,2026-02-28
PR00269,Amount Promo 00269,Amount,32.48,2026-01-30,2026-03-01
PR00270,Bundle Promo 00270,Bundle,20.13,2026-01-31,2026-03-02
PR00271,BOGO Promo 00271,BOGO,20.13,2026-02-01,2026-03-03
PR00272,Percent Promo 00272,Percent,30.82,2026-02-02,2026-03-04
PR00273,Amount Promo 00273,Amount,10.60,2026-02-03,2026-03-05
PR00274,Bundle Promo 00274,Bundle,15.80,2026-02-04,2026-03-06
PR00275,BOGO Promo 00275,BOGO,19.84,2026-02-05,2026-03-07
PR00276,Percent Promo 00276,Percent,6.25,2026-02-06,2026-03-08
PR00277,Amount Promo 00277,Amount,5.14,2026-02-07,2026-03-09
PR00278,Bundle Promo 00278,Bundle,39.83,2026-02-08,2026-03-10
PR00279,BOGO Promo 00279,BOGO,15.56,2026-02-09,2026-03-11
PR00280,Percent Promo 00280,Percent,13.39,2026-02-10,2026-03-12
PR00281,Amount Promo 00281,Amount,21.76,2026-02-11,2026-03-13
PR00282,Bundle Promo 00282,Bundle,13.90,2026-02-12,2026-03-14
PR00283,BOGO Promo 00283,BOGO,25.12,2026-02-13,2026-03-15
PR00284,Percent Promo 00284,Percent,39.39,2026-02-14,2026-03-16
PR00285,Amount Promo 00285,Amount,8.71,2026-02-15,2026-03-17
PR00286,Bundle Promo 00286,Bundle,26.29,2026-02-16,2026-03-18
PR00287,BOGO Promo 00287,BOGO,6.34,2026-02-17,2026-03-19
PR00288,Percent Promo 00288,Percent,23.30,2026-02-18,2026-03-20
PR00289,Amount Promo 00289,Amount,20.51,2026-02-19,2026-03-21
PR00290,Bundle Promo 00290,Bundle,12.94,2026-02-20,2026-03-22
PR00291,BOGO Promo 00291,BOGO,36.56,2026-02-21,2026-03-23
PR00292,Percent Promo 00292,Percent,27.97,2026-02-22,2026-03-24
PR00293,Amount Promo 00293,Amount,17.15,2026-02-23,2026-03-25
PR00294,Bundle Promo 00294,Bundle,19.48,2026-02-24,2026-03-26
PR00295,BOGO Promo 00295,BOGO,17.75,2026-02-25,2026-03-27
PR00296,Percent Promo 00296,Percent,11.26,2026-02-26,2026-03-28
PR00297,Amount Promo 00297,Amount,25.71,2026-02-27,2026-03-29
PR00298,Bundle Promo 00298,Bundle,18.06,2026-02-28,2026-03-30
PR00299,BOGO Promo 00299,BOGO,30.15,2026-03-01,2026-03-31
PR00300,Percent Promo 00300,Percent,31.11,2026-03-02,2026-04-01
PR00301,Amount Promo 00301,Amount,10.53,2026-03-03,2026-04-02
PR00302,Bundle Promo 00302,Bundle,32.20,2026-03-04,2026-04-03
PR00303,BOGO Promo 00303,BOGO,29.25,2026-03-05,2026-04-04
PR00304,Percent Promo 00304,Percent,22.30,2026-03-06,2026-04-05
PR00305,Amount Promo 00305,Amount,24.59,2026-03-07,2026-04-06
PR00306,Bundle Promo 00306,Bundle,20.31,2026-03-08,2026-04-07
PR00307,BOGO Promo 00307,BOGO,5.63,2026-03-09,2026-04-08
PR00308,Percent Promo 00308,Percent,5.58,2026-03-10,2026-04-09
PR00309,Amount Promo 00309,Amount,19.76,2026-03-11,2026-04-10
PR00310,Bundle Promo 00310,Bundle,34.32,2026-03-12,2026-04-11
PR00311,BOGO Promo 00311,BOGO,39.80,2026-03-13,2026-04-12
PR00312,Percent Promo 00312,Percent,36.45,2026-03-14,2026-04-13
PR00313,Amount Promo 00313,Amount,24.13,2026-03-15,2026-04-14
PR00314,Bundle Promo 00314,Bundle,32.34,2026-03-16,2026-04-15
PR00315,BOGO Promo 00315,BOGO,10.80,2026-03-17,2026-04-16
PR00316,Percent Promo 00316,Percent,34.02,2026-03-18,2026-04-17
PR00317,Amount Promo 00317,Amount,15.70,2026-03-19,2026-04-18
PR00318,Bundle Promo 00318,Bundle,20.12,2026-03-20,2026-04-19
PR00319,BOGO Promo 00319,BOGO,28.17,2026-03-21,2026-04-20
PR00320,Percent Promo 00320,Percent,5.41,2026-03-22,2026-04-21
PR00321,Amount Promo 00321,Amount,32.16,2026-03-23,2026-04-22
PR00322,Bundle Promo 00322,Bundle,27.11,2026-03-24,2026-04-23
PR00323,BOGO Promo 00323,BOGO,30.09,2026-03-25,2026-04-24
PR00324,Percent Promo 00324,Percent,16.03,2026-03-26,2026-04-25
PR00325,Amount Promo 00325,Amount,8.25,2026-03-27,2026-04-26
PR00326,Bundle Promo 00326,Bundle,6.28,2026-03-28,2026-04-27
PR00327,BOGO Promo 00327,BOGO,16.23,2026-03-29,2026-04-28
PR00328,Percent Promo 00328,Percent,8.64,2026-03-30,2026-04-29
PR00329,Amount Promo 00329,Amount,22.87,2026-03-31,2026-04-30
PR00330,Bundle Promo 00330,Bundle,6.21,2026-04-01,2026-05-01
PR00331,BOGO Promo 00331,BOGO,27.96,2026-04-02,2026-05-02
PR00332,Percent Promo 00332,Percent,22.28,2026-04-03,2026-05-03
PR00333,Amount Promo 00333,Amount,17.92,2026-04-04,2026-05-04
PR00334,Bundle Promo 00334,Bundle,8.85,2026-04-05,2026-05-05
PR00335,BOGO Promo 00335,BOGO,30.84,2026-04-06,2026-05-06
PR00336,Percent Promo 00336,Percent,10.47,2026-04-07,2026-05-07
PR00337,Amount Promo 00337,Amount,13.40,2026-04-08,2026-05-08
PR00338,Bundle Promo 00338,Bundle,27.23,2026-04-09,2026-05-09
PR00339,BOGO Promo 00339,BOGO,25.17,2026-04-10,2026-05-10
PR00340,Percent Promo 00340,Percent,36.90,2026-04-11,2026-05-11
PR00341,Amount Promo 00341,Amount,35.22,2026-04-12,2026-05-12
PR00342,Bundle Promo 00342,Bundle,33.71,2026-04-13,2026-05-13
PR00343,BOGO Promo 00343,BOGO,21.09,2026-04-14,2026-05-14
PR00344,Percent Promo 00344,Percent,36.73,2026-04-15,2026-05-15
PR00345,Amount Promo 00345,Amount,8.11,2026-04-16,2026-05-16
PR00346,Bundle Promo 00346,Bundle,6.98,2026-04-17,2026-05-17
PR00347,BOGO Promo 00347,BOGO,25.41,2026-04-18,2026-05-18
PR00348,Percent Promo 00348,Percent,29.72,2026-04-19,2026-05-19
PR00349,Amount Promo 00349,Amount,35.47,2026-04-20,2026-05-20
PR00350,Bundle Promo 00350,Bundle,19.96,2026-04-21,2026-05-21
PR00351,BOGO Promo 00351,BOGO,14.64,2026-04-22,2026-05-22
PR00352,Percent Promo 00352,Percent,37.86,2026-04-23,2026-05-23
PR00353,Amount Promo 00353,Amount,37.51,2026-04-24,2026-05-24
PR00354,Bundle Promo 00354,Bundle,14.36,2026-04-25,2026-05-25
PR00355,BOGO Promo 00355,BOGO,16.01,2026-04-26,2026-05-26
PR00356,Percent Promo 00356,Percent,24.92,2026-04-27,2026-05-27
PR00357,Amount Promo 00357,Amount,28.85,2026-04-28,2026-05-28
PR00358,Bundle Promo 00358,Bundle,16.41,2026-04-29,2026-05-29
PR00359,BOGO Promo 00359,BOGO,22.72,2026-04-30,2026-05-30
PR00360,Percent Promo 00360,Percent,29.39,2026-01-01,2026-01-31
PR00361,Amount Promo 00361,Amount,26.25,2026-01-02,2026-02-01
PR00362,Bundle Promo 00362,Bundle,6.58,2026-01-03,2026-02-02
PR00363,BOGO Promo 00363,BOGO,37.41,2026-01-04,2026-02-03
PR00364,Percent Promo 00364,Percent,25.88,2026-01-05,2026-02-04
PR00365,Amount Promo 00365,Amount,39.43,2026-01-06,2026-02-05
PR00366,Bundle Promo 00366,Bundle,33.44,2026-01-07,2026-02-06
PR00367,BOGO Promo 00367,BOGO,35.25,2026-01-08,2026-02-07
PR00368,Percent Promo 00368,Percent,34.27,2026-01-09,2026-02-08
PR00369,Amount Promo 00369,Amount,22.41,2026-01-10,2026-02-09
PR00370,Bundle Promo 00370,Bundle,33.88,2026-01-11,2026-02-10
PR00371,BOGO Promo 00371,BOGO,32.79,2026-01-12,2026-02-11
PR00372,Percent Promo 00372,Percent,9.51,2026-01-13,2026-02-12
PR00373,Amount Promo 00373,Amount,23.70,2026-01-14,2026-02-13
PR00374,Bundle Promo 00374,Bundle,30.39,2026-01-15,2026-02-14
PR00375,BOGO Promo 00375,BOGO,17.27,2026-01-16,2026-02-15
PR00376,Percent Promo 00376,Percent,38.06,2026-01-17,2026-02-16
PR00377,Amount Promo 00377,Amount,5.82,2026-01-18,2026-02-17
PR00378,Bundle Promo 00378,Bundle,24.79,2026-01-19,2026-02-18
PR00379,BOGO Promo 00379,BOGO,19.18,2026-01-20,2026-02-19
PR00380,Percent Promo 00380,Percent,15.44,2026-01-21,2026-02-20
PR00381,Amount Promo 00381,Amount,29.72,2026-01-22,2026-02-21
PR00382,Bundle Promo 00382,Bundle,10.91,2026-01-23,2026-02-22
PR00383,BOGO Promo 00383,BOGO,36.51,2026-01-24,2026-02-23
PR00384,Percent Promo 00384,Percent,34.94,2026-01-25,2026-02-24
PR00385,Amount Promo 00385,Amount,25.11,2026-01-26,2026-02-25
PR00386,Bundle Promo 00386,Bundle,13.21,2026-01-27,2026-02-26
PR00387,BOGO Promo 00387,BOGO,20.73,2026-01-28,2026-02-27
PR00388,Percent Promo 00388,Percent,19.17,2026-01-29,2026-02-28
PR00389,Amount Promo 00389,Amount,12.64,2026-01-30,2026-03-01
PR00390,Bundle Promo 00390,Bundle,19.37,2026-01-31,2026-03-02
PR00391,BOGO Promo 00391,BOGO,8.87,2026-02-01,2026-03-03
PR00392,Percent Promo 00392,Percent,11.71,2026-02-02,2026-03-04
PR00393,Amount Promo 00393,Amount,5.06,2026-02-03,2026-03-05
PR00394,Bundle Promo 00394,Bundle,22.97,2026-02-04,2026-03-06
PR00395,BOGO Promo 00395,BOGO,6.00,2026-02-05,2026-03-07
PR00396,Percent Promo 00396,Percent,33.56,2026-02-06,2026-03-08
PR00397,Amount Promo 00397,Amount,13.79,2026-02-07,2026-03-09
PR00398,Bundle Promo 00398,Bundle,19.72,2026-02-08,2026-03-10
PR00399,BOGO Promo 00399,BOGO,11.82,2026-02-09,2026-03-11
PR00400,Percent Promo 00400,Percent,17.75,2026-02-10,2026-03-12
PR00401,Amount Promo 00401,Amount,23.58,2026-02-11,2026-03-13
PR00402,Bundle Promo 00402,Bundle,33.41,2026-02-12,2026-03-14
PR00403,BOGO Promo 00403,BOGO,24.37,2026-02-13,2026-03-15
PR00404,Percent Promo 00404,Percent,33.92,2026-02-14,2026-03-16
PR00405,Amount Promo 00405,Amount,26.48,2026-02-15,2026-03-17
PR00406,Bundle Promo 00406,Bundle,17.73,2026-02-16,2026-03-18
PR00407,BOGO Promo 00407,BOGO,30.38,2026-02-17,2026-03-19
PR00408,Percent Promo 00408,Percent,10.46,2026-02-18,2026-03-20
PR00409,Amount Promo 00409,Amount,31.87,2026-02-19,2026-03-21
PR00410,Bundle Promo 00410,Bundle,9.45,2026-02-20,2026-03-22
PR00411,BOGO Promo 00411,BOGO,30.53,2026-02-21,2026-03-23
PR00412,Percent Promo 00412,Percent,28.27,2026-02-22,2026-03-24
PR00413,Amount Promo 00413,Amount,30.75,2026-02-23,2026-03-25
PR00414,Bundle Promo 00414,Bundle,21.25,2026-02-24,2026-03-26
PR00415,BOGO Promo 00415,BOGO,9.21,2026-02-25,2026-03-27
PR00416,Percent Promo 00416,Percent,34.25,2026-02-26,2026-03-28
PR00417,Amount Promo 00417,Amount,31.11,2026-02-27,2026-03-29
PR00418,Bundle Promo 00418,Bundle,22.05,2026-02-28,2026-03-30
PR00419,BOGO Promo 00419,BOGO,26.89,2026-03-01,2026-03-31
PR00420,Percent Promo 00420,Percent,6.43,2026-03-02,2026-04-01
PR00421,Amount Promo 00421,Amount,16.61,2026-03-03,2026-04-02
PR00422,Bundle Promo 00422,Bundle,34.39,2026-03-04,2026-04-03
PR00423,BOGO Promo 00423,BOGO,35.30,2026-03-05,2026-04-04
PR00424,Percent Promo 00424,Percent,24.84,2026-03-06,2026-04-05
PR00425,Amount Promo 00425,Amount,8.21,2026-03-07,2026-04-06
PR00426,Bundle Promo 00426,Bundle,8.09,2026-03-08,2026-04-07
PR00427,BOGO Promo 00427,BOGO,39.56,2026-03-09,2026-04-08
PR00428,Percent Promo 00428,Percent,21.28,2026-03-10,2026-04-09
PR00429,Amount Promo 00429,Amount,27.16,2026-03-11,2026-04-10
PR00430,Bundle Promo 00430,Bundle,36.11,2026-03-12,2026-04-11
PR00431,BOGO Promo 00431,BOGO,20.91,2026-03-13,2026-04-12
PR00432,Percent Promo 00432,Percent,22.59,2026-03-14,2026-04-13
PR00433,Amount Promo 00433,Amount,13.48,2026-03-15,2026-04-14
PR00434,Bundle Promo 00434,Bundle,35.89,2026-03-16,2026-04-15
PR00435,BOGO Promo 00435,BOGO,5.52,2026-03-17,2026-04-16
PR00436,Percent Promo 00436,Percent,24.98,2026-03-18,2026-04-17
PR00437,Amount Promo 00437,Amount,9.85,2026-03-19,2026-04-18
PR00438,Bundle Promo 00438,Bundle,22.83,2026-03-20,2026-04-19
PR00439,BOGO Promo 00439,BOGO,36.79,2026-03-21,2026-04-20
PR00440,Percent Promo 00440,Percent,37.33,2026-03-22,2026-04-21
PR00441,Amount Promo 00441,Amount,17.67,2026-03-23,2026-04-22
PR00442,Bundle Promo 00442,Bundle,38.70,2026-03-24,2026-04-23
PR00443,BOGO Promo 00443,BOGO,8.98,2026-03-25,2026-04-24
PR00444,Percent Promo 00444,Percent,10.53,2026-03-26,2026-04-25
PR00445,Amount Promo 00445,Amount,28.16,2026-03-27,2026-04-26
PR00446,Bundle Promo 00446,Bundle,23.42,2026-03-28,2026-04-27
PR00447,BOGO Promo 00447,BOGO,33.73,2026-03-29,2026-04-28
PR00448,Percent Promo 00448,Percent,19.69,2026-03-30,2026-04-29
PR00449,Amount Promo 00449,Amount,31.21,2026-03-31,2026-04-30
PR00450,Bundle Promo 00450,Bundle,26.76,2026-04-01,2026-05-01
PR00451,BOGO Promo 00451,BOGO,19.28,2026-04-02,2026-05-02
PR00452,Percent Promo 00452,Percent,27.18,2026-04-03,2026-05-03
PR00453,Amount Promo 00453,Amount,24.55,2026-04-04,2026-05-04
PR00454,Bundle Promo 00454,Bundle,21.40,2026-04-05,2026-05-05
PR00455,BOGO Promo 00455,BOGO,22.22,2026-04-06,2026-05-06
PR00456,Percent Promo 00456,Percent,15.58,2026-04-07,2026-05-07
PR00457,Amount Promo 00457,Amount,17.44,2026-04-08,2026-05-08
PR00458,Bundle Promo 00458,Bundle,17.59,2026-04-09,2026-05-09
PR00459,BOGO Promo 00459,BOGO,33.77,2026-04-10,2026-05-10
PR00460,Percent Promo 00460,Percent,30.58,2026-04-11,2026-05-11
PR00461,Amount Promo 00461,Amount,14.31,2026-04-12,2026-05-12
PR00462,Bundle Promo 00462,Bundle,14.81,2026-04-13,2026-05-13
PR00463,BOGO Promo 00463,BOGO,25.92,2026-04-14,2026-05-14
PR00464,Percent Promo 00464,Percent,22.24,2026-04-15,2026-05-15
PR00465,Amount Promo 00465,Amount,37.98,2026-04-16,2026-05-16
PR00466,Bundle Promo 00466,Bundle,24.29,2026-04-17,2026-05-17
PR00467,BOGO Promo 00467,BOGO,17.39,2026-04-18,2026-05-18
PR00468,Percent Promo 00468,Percent,12.42,2026-04-19,2026-05-19
PR00469,Amount Promo 00469,Amount,26.52,2026-04-20,2026-05-20
PR00470,Bundle Promo 00470,Bundle,18.80,2026-04-21,2026-05-21
PR00471,BOGO Promo 00471,BOGO,10.56,2026-04-22,2026-05-22
PR00472,Percent Promo 00472,Percent,11.90,2026-04-23,2026-05-23
PR00473,Amount Promo 00473,Amount,10.29,2026-04-24,2026-05-24
PR00474,Bundle Promo 00474,Bundle,27.87,2026-04-25,2026-05-25
PR00475,BOGO Promo 00475,BOGO,5.76,2026-04-26,2026-05-26
PR00476,Percent Promo 00476,Percent,23.28,2026-04-27,2026-05-27
PR00477,Amount Promo 00477,Amount,32.12,2026-04-28,2026-05-28
PR00478,Bundle Promo 00478,Bundle,23.14,2026-04-29,2026-05-29
PR00479,BOGO Promo 00479,BOGO,19.05,2026-04-30,2026-05-30
PR00480,Percent Promo 00480,Percent,7.40,2026-01-01,2026-01-31
PR00481,Amount Promo 00481,Amount,29.21,2026-01-02,2026-02-01
PR00482,Bundle Promo 00482,Bundle,16.38,2026-01-03,2026-02-02
PR00483,BOGO Promo 00483,BOGO,16.99,2026-01-04,2026-02-03
PR00484,Percent Promo 00484,Percent,28.05,2026-01-05,2026-02-04
PR00485,Amount Promo 00485,Amount,6.20,2026-01-06,2026-02-05
PR00486,Bundle Promo 00486,Bundle,6.36,2026-01-07,2026-02-06
PR00487,BOGO Promo 00487,BOGO,11.01,2026-01-08,2026-02-07
PR00488,Percent Promo 00488,Percent,33.15,2026-01-09,2026-02-08
PR00489,Amount Promo 00489,Amount,23.62,2026-01-10,2026-02-09
PR00490,Bundle Promo 00490,Bundle,22.49,2026-01-11,2026-02-10
PR00491,BOGO Promo 00491,BOGO,18.75,2026-01-12,2026-02-11
PR00492,Percent Promo 00492,Percent,31.15,2026-01-13,2026-02-12
PR00493,Amount Promo 00493,Amount,12.30,2026-01-14,2026-02-13
PR00494,Bundle Promo 00494,Bundle,32.67,2026-01-15,2026-02-14
PR00495,BOGO Promo 00495,BOGO,30.96,2026-01-16,2026-02-15
PR00496,Percent Promo 00496,Percent,21.68,2026-01-17,2026-02-16
PR00497,Amount Promo 00497,Amount,14.50,2026-01-18,2026-02-17
PR00498,Bundle Promo 00498,Bundle,20.81,2026-01-19,2026-02-18
PR00499,BOGO Promo 00499,BOGO,5.45,2026-01-20,2026-02-19
PR00500,Percent Promo 00500,Percent,16.36,2026-01-21,2026-02-20
PR00501,Amount Promo 00501,Amount,33.70,2026-01-22,2026-02-21
PR00502,Bundle Promo 00502,Bundle,15.18,2026-01-23,2026-02-22
PR00503,BOGO Promo 00503,BOGO,38.18,2026-01-24,2026-02-23
PR00504,Percent Promo 00504,Percent,15.50,2026-01-25,2026-02-24
PR00505,Amount Promo 00505,Amount,15.80,2026-01-26,2026-02-25
PR00506,Bundle Promo 00506,Bundle,25.62,2026-01-27,2026-02-26
PR00507,BOGO Promo 00507,BOGO,37.89,2026-01-28,2026-02-27
PR00508,Percent Promo 00508,Percent,39.51,2026-01-29,2026-02-28
PR00509,Amount Promo 00509,Amount,24.16,2026-01-30,2026-03-01
PR00510,Bundle Promo 00510,Bundle,22.92,2026-01-31,2026-03-02
PR00511,BOGO Promo 00511,BOGO,12.77,2026-02-01,2026-03-03
PR00512,Percent Promo 00512,Percent,27.44,2026-02-02,2026-03-04
PR00513,Amount Promo 00513,Amount,30.07,2026-02-03,2026-03-05
PR00514,Bundle Promo 00514,Bundle,16.92,2026-02-04,2026-03-06
PR00515,BOGO Promo 00515,BOGO,13.51,2026-02-05,2026-03-07
PR00516,Percent Promo 00516,Percent,14.85,2026-02-06,2026-03-08
PR00517,Amount Promo 00517,Amount,7.57,2026-02-07,2026-03-09
PR00518,Bundle Promo 00518,Bundle,23.56,2026-02-08,2026-03-10
PR00519,BOGO Promo 00519,BOGO,6.36,2026-02-09,2026-03-11
PR00520,Percent Promo 00520,Percent,31.78,2026-02-10,2026-03-12
PR00521,Amount Promo 00521,Amount,20.51,2026-02-11,2026-03-13
PR00522,Bundle Promo 00522,Bundle,21.39,2026-02-12,2026-03-14
PR00523,BOGO Promo 00523,BOGO,34.84,2026-02-13,2026-03-15
PR00524,Percent Promo 00524,Percent,23.97,2026-02-14,2026-03-16
PR00525,Amount Promo 00525,Amount,37.90,2026-02-15,2026-03-17
PR00526,Bundle Promo 00526,Bundle,11.46,2026-02-16,2026-03-18
PR00527,BOGO Promo 00527,BOGO,26.16,2026-02-17,2026-03-19
PR00528,Percent Promo 00528,Percent,6.80,2026-02-18,2026-03-20
PR00529,Amount Promo 00529,Amount,33.78,2026-02-19,2026-03-21
PR00530,Bundle Promo 00530,Bundle,39.55,2026-02-20,2026-03-22
PR00531,BOGO Promo 00531,BOGO,11.33,2026-02-21,2026-03-23
PR00532,Percent Promo 00532,Percent,21.97,2026-02-22,2026-03-24
PR00533,Amount Promo 00533,Amount,23.27,2026-02-23,2026-03-25
PR00534,Bundle Promo 00534,Bundle,33.97,2026-02-24,2026-03-26
PR00535,BOGO Promo 00535,BOGO,15.74,2026-02-25,2026-03-27
PR00536,Percent Promo 00536,Percent,21.37,2026-02-26,2026-03-28
PR00537,Amount Promo 00537,Amount,5.47,2026-02-27,2026-03-29
PR00538,Bundle Promo 00538,Bundle,15.63,2026-02-28,2026-03-30
PR00539,BOGO Promo 00539,BOGO,25.50,2026-03-01,2026-03-31
PR00540,Percent Promo 00540,Percent,23.46,2026-03-02,2026-04-01
PR00541,Amount Promo 00541,Amount,14.34,2026-03-03,2026-04-02
PR00542,Bundle Promo 00542,Bundle,20.66,2026-03-04,2026-04-03
PR00543,BOGO Promo 00543,BOGO,10.93,2026-03-05,2026-04-04
PR00544,Percent Promo 00544,Percent,38.66,2026-03-06,2026-04-05
PR00545,Amount Promo 00545,Amount,5.34,2026-03-07,2026-04-06
PR00546,Bundle Promo 00546,Bundle,14.28,2026-03-08,2026-04-07
PR00547,BOGO Promo 00547,BOGO,9.60,2026-03-09,2026-04-08
PR00548,Percent Promo 00548,Percent,38.58,2026-03-10,2026-04-09
PR00549,Amount Promo 00549,Amount,15.62,2026-03-11,2026-04-10
PR00550,Bundle Promo 00550,Bundle,7.34,2026-03-12,2026-04-11
PR00551,BOGO Promo 00551,BOGO,17.45,2026-03-13,2026-04-12
PR00552,Percent Promo 00552,Percent,18.06,2026-03-14,2026-04-13
PR00553,Amount Promo 00553,Amount,18.93,2026-03-15,2026-04-14
PR00554,Bundle Promo 00554,Bundle,8.15,2026-03-16,2026-04-15
PR00555,BOGO Promo 00555,BOGO,29.12,2026-03-17,2026-04-16
PR00556,Percent Promo 00556,Percent,6.54,2026-03-18,2026-04-17
PR00557,Amount Promo 00557,Amount,6.96,2026-03-19,2026-04-18
PR00558,Bundle Promo 00558,Bundle,7.55,2026-03-20,2026-04-19
PR00559,BOGO Promo 00559,BOGO,10.29,2026-03-21,2026-04-20
PR00560,Percent Promo 00560,Percent,27.87,2026-03-22,2026-04-21
PR00561,Amount Promo 00561,Amount,36.99,2026-03-23,2026-04-22
PR00562,Bundle Promo 00562,Bundle,21.11,2026-03-24,2026-04-23
PR00563,BOGO Promo 00563,BOGO,28.56,2026-03-25,2026-04-24
PR00564,Percent Promo 00564,Percent,18.29,2026-03-26,2026-04-25
PR00565,Amount Promo 00565,Amount,34.23,2026-03-27,2026-04-26
PR00566,Bundle Promo 00566,Bundle,27.45,2026-03-28,2026-04-27
PR00567,BOGO Promo 00567,BOGO,29.36,2026-03-29,2026-04-28
PR00568,Percent Promo 00568,Percent,39.19,2026-03-30,2026-04-29
PR00569,Amount Promo 00569,Amount,33.91,2026-03-31,2026-04-30
PR00570,Bundle Promo 00570,Bundle,9.65,2026-04-01,2026-05-01
PR00571,BOGO Promo 00571,BOGO,21.70,2026-04-02,2026-05-02
PR00572,Percent Promo 00572,Percent,14.50,2026-04-03,2026-05-03
PR00573,Amount Promo 00573,Amount,35.73,2026-04-04,2026-05-04
PR00574,Bundle Promo 00574,Bundle,20.26,2026-04-05,2026-05-05
PR00575,BOGO Promo 00575,BOGO,18.76,2026-04-06,2026-05-06
PR00576,Percent Promo 00576,Percent,15.27,2026-04-07,2026-05-07
PR00577,Amount Promo 00577,Amount,12.73,2026-04-08,2026-05-08
PR00578,Bundle Promo 00578,Bundle,14.39,2026-04-09,2026-05-09
PR00579,BOGO Promo 00579,BOGO,13.97,2026-04-10,2026-05-10
PR00580,Percent Promo 00580,Percent,10.46,2026-04-11,2026-05-11
PR00581,Amount Promo 00581,Amount,35.20,2026-04-12,2026-05-12
PR00582,Bundle Promo 00582,Bundle,8.16,2026-04-13,2026-05-13
PR00583,BOGO Promo 00583,BOGO,32.60,2026-04-14,2026-05-14
PR00584,Percent Promo 00584,Percent,13.37,2026-04-15,2026-05-15
PR00585,Amount Promo 00585,Amount,22.14,2026-04-16,2026-05-16
PR00586,Bundle Promo 00586,Bundle,14.75,2026-04-17,2026-05-17
PR00587,BOGO Promo 00587,BOGO,10.33,2026-04-18,2026-05-18
PR00588,Percent Promo 00588,Percent,15.69,2026-04-19,2026-05-19
PR00589,Amount Promo 00589,Amount,34.83,2026-04-20,2026-05-20
PR00590,Bundle Promo 00590,Bundle,10.39,2026-04-21,2026-05-21
PR00591,BOGO Promo 00591,BOGO,34.29,2026-04-22,2026-05-22
PR00592,Percent Promo 00592,Percent,22.33,2026-04-23,2026-05-23
PR00593,Amount Promo 00593,Amount,25.54,2026-04-24,2026-05-24
PR00594,Bundle Promo 00594,Bundle,15.68,2026-04-25,2026-05-25
PR00595,BOGO Promo 00595,BOGO,21.49,2026-04-26,2026-05-26
PR00596,Percent Promo 00596,Percent,10.39,2026-04-27,2026-05-27
PR00597,Amount Promo 00597,Amount,24.50,2026-04-28,2026-05-28
PR00598,Bundle Promo 00598,Bundle,26.80,2026-04-29,2026-05-29
PR00599,BOGO Promo 00599,BOGO,39.42,2026-04-30,2026-05-30
PR00600,Percent Promo 00600,Percent,25.86,2026-01-01,2026-01-31
PR00601,Amount Promo 00601,Amount,20.96,2026-01-02,2026-02-01
PR00602,Bundle Promo 00602,Bundle,23.04,2026-01-03,2026-02-02
PR00603,BOGO Promo 00603,BOGO,21.68,2026-01-04,2026-02-03
PR00604,Percent Promo 00604,Percent,17.10,2026-01-05,2026-02-04
PR00605,Amount Promo 00605,Amount,18.81,2026-01-06,2026-02-05
PR00606,Bundle Promo 00606,Bundle,34.38,2026-01-07,2026-02-06
PR00607,BOGO Promo 00607,BOGO,34.27,2026-01-08,2026-02-07
PR00608,Percent Promo 00608,Percent,28.62,2026-01-09,2026-02-08
PR00609,Amount Promo 00609,Amount,29.31,2026-01-10,2026-02-09
PR00610,Bundle Promo 00610,Bundle,9.11,2026-01-11,2026-02-10
PR00611,BOGO Promo 00611,BOGO,17.66,2026-01-12,2026-02-11
PR00612,Percent Promo 00612,Percent,18.39,2026-01-13,2026-02-12
PR00613,Amount Promo 00613,Amount,23.33,2026-01-14,2026-02-13
PR00614,Bundle Promo 00614,Bundle,13.24,2026-01-15,2026-02-14
PR00615,BOGO Promo 00615,BOGO,36.68,2026-01-16,2026-02-15
PR00616,Percent Promo 00616,Percent,7.29,2026-01-17,2026-02-16
PR00617,Amount Promo 00617,Amount,29.09,2026-01-18,2026-02-17
PR00618,Bundle Promo 00618,Bundle,23.57,2026-01-19,2026-02-18
PR00619,BOGO Promo 00619,BOGO,24.05,2026-01-20,2026-02-19
PR00620,Percent Promo 00620,Percent,32.00,2026-01-21,2026-02-20
PR00621,Amount Promo 00621,Amount,5.84,2026-01-22,2026-02-21
PR00622,Bundle Promo 00622,Bundle,17.44,2026-01-23,2026-02-22
PR00623,BOGO Promo 00623,BOGO,18.50,2026-01-24,2026-02-23
PR00624,Percent Promo 00624,Percent,23.44,2026-01-25,2026-02-24
PR00625,Amount Promo 00625,Amount,13.21,2026-01-26,2026-02-25
PR00626,Bundle Promo 00626,Bundle,5.82,2026-01-27,2026-02-26
PR00627,BOGO Promo 00627,BOGO,7.95,2026-01-28,2026-02-27
PR00628,Percent Promo 00628,Percent,13.19,2026-01-29,2026-02-28
PR00629,Amount Promo 00629,Amount,18.25,2026-01-30,2026-03-01
PR00630,Bundle Promo 00630,Bundle,29.66,2026-01-31,2026-03-02
PR00631,BOGO Promo 00631,BOGO,29.92,2026-02-01,2026-03-03
PR00632,Percent Promo 00632,Percent,23.50,2026-02-02,2026-03-04
PR00633,Amount Promo 00633,Amount,16.61,2026-02-03,2026-03-05
PR00634,Bundle Promo 00634,Bundle,16.32,2026-02-04,2026-03-06
PR00635,BOGO Promo 00635,BOGO,16.66,2026-02-05,2026-03-07
PR00636,Percent Promo 00636,Percent,25.86,2026-02-06,2026-03-08
PR00637,Amount Promo 00637,Amount,26.37,2026-02-07,2026-03-09
PR00638,Bundle Promo 00638,Bundle,14.64,2026-02-08,2026-03-10
PR00639,BOGO Promo 00639,BOGO,36.32,2026-02-09,2026-03-11
PR00640,Percent Promo 00640,Percent,32.35,2026-02-10,2026-03-12
PR00641,Amount Promo 00641,Amount,32.72,2026-02-11,2026-03-13
PR00642,Bundle Promo 00642,Bundle,7.98,2026-02-12,2026-03-14
PR00643,BOGO Promo 00643,BOGO,5.94,2026-02-13,2026-03-15
PR00644,Percent Promo 00644,Percent,6.53,2026-02-14,2026-03-16
PR00645,Amount Promo 00645,Amount,28.13,2026-02-15,2026-03-17
PR00646,Bundle Promo 00646,Bundle,20.75,2026-02-16,2026-03-18
PR00647,BOGO Promo 00647,BOGO,32.39,2026-02-17,2026-03-19
PR00648,Percent Promo 00648,Percent,28.25,2026-02-18,2026-03-20
PR00649,Amount Promo 00649,Amount,29.61,2026-02-19,2026-03-21
PR00650,Bundle Promo 00650,Bundle,37.07,2026-02-20,2026-03-22
PR00651,BOGO Promo 00651,BOGO,25.45,2026-02-21,2026-03-23
PR00652,Percent Promo 00652,Percent,9.95,2026-02-22,2026-03-24
PR00653,Amount Promo 00653,Amount,36.74,2026-02-23,2026-03-25
PR00654,Bundle Promo 00654,Bundle,11.74,2026-02-24,2026-03-26
PR00655,BOGO Promo 00655,BOGO,25.57,2026-02-25,2026-03-27
PR00656,Percent Promo 00656,Percent,11.05,2026-02-26,2026-03-28
PR00657,Amount Promo 00657,Amount,12.83,2026-02-27,2026-03-29
PR00658,Bundle Promo 00658,Bundle,26.59,2026-02-28,2026-03-30
PR00659,BOGO Promo 00659,BOGO,28.49,2026-03-01,2026-03-31
PR00660,Percent Promo 00660,Percent,7.75,2026-03-02,2026-04-01
PR00661,Amount Promo 00661,Amount,35.89,2026-03-03,2026-04-02
PR00662,Bundle Promo 00662,Bundle,5.43,2026-03-04,2026-04-03
PR00663,BOGO Promo 00663,BOGO,20.04,2026-03-05,2026-04-04
PR00664,Percent Promo 00664,Percent,39.68,2026-03-06,2026-04-05
PR00665,Amount Promo 00665,Amount,12.71,2026-03-07,2026-04-06
PR00666,Bundle Promo 00666,Bundle,29.05,2026-03-08,2026-04-07
PR00667,BOGO Promo 00667,BOGO,26.17,2026-03-09,2026-04-08
PR00668,Percent Promo 00668,Percent,19.74,2026-03-10,2026-04-09
PR00669,Amount Promo 00669,Amount,10.41,2026-03-11,2026-04-10
PR00670,Bundle Promo 00670,Bundle,11.48,2026-03-12,2026-04-11
PR00671,BOGO Promo 00671,BOGO,32.55,2026-03-13,2026-04-12
PR00672,Percent Promo 00672,Percent,11.98,2026-03-14,2026-04-13
PR00673,Amount Promo 00673,Amount,39.33,2026-03-15,2026-04-14
PR00674,Bundle Promo 00674,Bundle,15.43,2026-03-16,2026-04-15
PR00675,BOGO Promo 00675,BOGO,27.70,2026-03-17,2026-04-16
PR00676,Percent Promo 00676,Percent,38.09,2026-03-18,2026-04-17
PR00677,Amount Promo 00677,Amount,19.45,2026-03-19,2026-04-18
PR00678,Bundle Promo 00678,Bundle,11.35,2026-03-20,2026-04-19
PR00679,BOGO Promo 00679,BOGO,35.01,2026-03-21,2026-04-20
PR00680,Percent Promo 00680,Percent,30.71,2026-03-22,2026-04-21
PR00681,Amount Promo 00681,Amount,20.11,2026-03-23,2026-04-22
PR00682,Bundle Promo 00682,Bundle,11.78,2026-03-24,2026-04-23
PR00683,BOGO Promo 00683,BOGO,22.37,2026-03-25,2026-04-24
PR00684,Percent Promo 00684,Percent,16.57,2026-03-26,2026-04-25
PR00685,Amount Promo 00685,Amount,31.86,2026-03-27,2026-04-26
PR00686,Bundle Promo 00686,Bundle,11.06,2026-03-28,2026-04-27
PR00687,BOGO Promo 00687,BOGO,20.56,2026-03-29,2026-04-28
PR00688,Percent Promo 00688,Percent,23.44,2026-03-30,2026-04-29
PR00689,Amount Promo 00689,Amount,12.39,2026-03-31,2026-04-30
PR00690,Bundle Promo 00690,Bundle,10.05,2026-04-01,2026-05-01
PR00691,BOGO Promo 00691,BOGO,18.89,2026-04-02,2026-05-02
PR00692,Percent Promo 00692,Percent,20.07,2026-04-03,2026-05-03
PR00693,Amount Promo 00693,Amount,12.32,2026-04-04,2026-05-04
PR00694,Bundle Promo 00694,Bundle,14.04,2026-04-05,2026-05-05
PR00695,BOGO Promo 00695,BOGO,10.31,2026-04-06,2026-05-06
PR00696,Percent Promo 00696,Percent,36.00,2026-04-07,2026-05-07
PR00697,Amount Promo 00697,Amount,38.08,2026-04-08,2026-05-08
PR00698,Bundle Promo 00698,Bundle,24.78,2026-04-09,2026-05-09
PR00699,BOGO Promo 00699,BOGO,37.43,2026-04-10,2026-05-10
PR00700,Percent Promo 00700,Percent,11.82,2026-04-11,2026-05-11
PR00701,Amount Promo 00701,Amount,27.17,2026-04-12,2026-05-12
PR00702,Bundle Promo 00702,Bundle,24.42,2026-04-13,2026-05-13
PR00703,BOGO Promo 00703,BOGO,37.66,2026-04-14,2026-05-14
PR00704,Percent Promo 00704,Percent,5.91,2026-04-15,2026-05-15
PR00705,Amount Promo 00705,Amount,10.01,2026-04-16,2026-05-16
PR00706,Bundle Promo 00706,Bundle,9.99,2026-04-17,2026-05-17
PR00707,BOGO Promo 00707,BOGO,17.73,2026-04-18,2026-05-18
PR00708,Percent Promo 00708,Percent,27.37,2026-04-19,2026-05-19
PR00709,Amount Promo 00709,Amount,30.43,2026-04-20,2026-05-20
PR00710,Bundle Promo 00710,Bundle,17.34,2026-04-21,2026-05-21
PR00711,BOGO Promo 00711,BOGO,18.25,2026-04-22,2026-05-22
PR00712,Percent Promo 00712,Percent,19.65,2026-04-23,2026-05-23
PR00713,Amount Promo 00713,Amount,7.10,2026-04-24,2026-05-24
PR00714,Bundle Promo 00714,Bundle,35.66,2026-04-25,2026-05-25
PR00715,BOGO Promo 00715,BOGO,26.30,2026-04-26,2026-05-26
PR00716,Percent Promo 00716,Percent,37.05,2026-04-27,2026-05-27
PR00717,Amount Promo 00717,Amount,20.49,2026-04-28,2026-05-28
PR00718,Bundle Promo 00718,Bundle,8.01,2026-04-29,2026-05-29
PR00719,BOGO Promo 00719,BOGO,20.55,2026-04-30,2026-05-30
PR00720,Percent Promo 00720,Percent,32.52,2026-01-01,2026-01-31
PR00721,Amount Promo 00721,Amount,34.83,2026-01-02,2026-02-01
PR00722,Bundle Promo 00722,Bundle,34.26,2026-01-03,2026-02-02
PR00723,BOGO Promo 00723,BOGO,8.42,2026-01-04,2026-02-03
PR00724,Percent Promo 00724,Percent,20.96,2026-01-05,2026-02-04
PR00725,Amount Promo 00725,Amount,13.91,2026-01-06,2026-02-05
PR00726,Bundle Promo 00726,Bundle,16.40,2026-01-07,2026-02-06
PR00727,BOGO Promo 00727,BOGO,12.80,2026-01-08,2026-02-07
PR00728,Percent Promo 00728,Percent,11.15,2026-01-09,2026-02-08
PR00729,Amount Promo 00729,Amount,6.15,2026-01-10,2026-02-09
PR00730,Bundle Promo 00730,Bundle,6.43,2026-01-11,2026-02-10
PR00731,BOGO Promo 00731,BOGO,36.42,2026-01-12,2026-02-11
PR00732,Percent Promo 00732,Percent,35.18,2026-01-13,2026-02-12
PR00733,Amount Promo 00733,Amount,13.30,2026-01-14,2026-02-13
PR00734,Bundle Promo 00734,Bundle,33.82,2026-01-15,2026-02-14
PR00735,BOGO Promo 00735,BOGO,16.87,2026-01-16,2026-02-15
PR00736,Percent Promo 00736,Percent,25.21,2026-01-17,2026-02-16
PR00737,Amount Promo 00737,Amount,7.14,2026-01-18,2026-02-17
PR00738,Bundle Promo 00738,Bundle,8.22,2026-01-19,2026-02-18
PR00739,BOGO Promo 00739,BOGO,14.41,2026-01-20,2026-02-19
PR00740,Percent Promo 00740,Percent,32.55,2026-01-21,2026-02-20
PR00741,Amount Promo 00741,Amount,15.84,2026-01-22,2026-02-21
PR00742,Bundle Promo 00742,Bundle,26.62,2026-01-23,2026-02-22
PR00743,BOGO Promo 00743,BOGO,36.89,2026-01-24,2026-02-23
PR00744,Percent Promo 00744,Percent,15.50,2026-01-25,2026-02-24
PR00745,Amount Promo 00745,Amount,32.28,2026-01-26,2026-02-25
PR00746,Bundle Promo 00746,Bundle,10.62,2026-01-27,2026-02-26
PR00747,BOGO Promo 00747,BOGO,8.34,2026-01-28,2026-02-27
PR00748,Percent Promo 00748,Percent,36.15,2026-01-29,2026-02-28
PR00749,Amount Promo 00749,Amount,11.17,2026-01-30,2026-03-01
PR00750,Bundle Promo 00750,Bundle,11.83,2026-01-31,2026-03-02
PR00751,BOGO Promo 00751,BOGO,38.62,2026-02-01,2026-03-03
PR00752,Percent Promo 00752,Percent,39.62,2026-02-02,2026-03-04
PR00753,Amount Promo 00753,Amount,37.44,2026-02-03,2026-03-05
PR00754,Bundle Promo 00754,Bundle,23.06,2026-02-04,2026-03-06
PR00755,BOGO Promo 00755,BOGO,14.55,2026-02-05,2026-03-07
PR00756,Percent Promo 00756,Percent,25.46,2026-02-06,2026-03-08
PR00757,Amount Promo 00757,Amount,24.80,2026-02-07,2026-03-09
PR00758,Bundle Promo 00758,Bundle,13.12,2026-02-08,2026-03-10
PR00759,BOGO Promo 00759,BOGO,10.24,2026-02-09,2026-03-11
PR00760,Percent Promo 00760,Percent,22.52,2026-02-10,2026-03-12
PR00761,Amount Promo 00761,Amount,32.32,2026-02-11,2026-03-13
PR00762,Bundle Promo 00762,Bundle,15.21,2026-02-12,2026-03-14
PR00763,BOGO Promo 00763,BOGO,27.59,2026-02-13,2026-03-15
PR00764,Percent Promo 00764,Percent,10.25,2026-02-14,2026-03-16
PR00765,Amount Promo 00765,Amount,12.27,2026-02-15,2026-03-17
PR00766,Bundle Promo 00766,Bundle,10.71,2026-02-16,2026-03-18
PR00767,BOGO Promo 00767,BOGO,22.47,2026-02-17,2026-03-19
PR00768,Percent Promo 00768,Percent,18.22,2026-02-18,2026-03-20
PR00769,Amount Promo 00769,Amount,20.91,2026-02-19,2026-03-21
PR00770,Bundle Promo 00770,Bundle,38.24,2026-02-20,2026-03-22
PR00771,BOGO Promo 00771,BOGO,30.78,2026-02-21,2026-03-23
PR00772,Percent Promo 00772,Percent,12.28,2026-02-22,2026-03-24
PR00773,Amount Promo 00773,Amount,6.80,2026-02-23,2026-03-25
PR00774,Bundle Promo 00774,Bundle,23.13,2026-02-24,2026-03-26
PR00775,BOGO Promo 00775,BOGO,6.35,2026-02-25,2026-03-27
PR00776,Percent Promo 00776,Percent,39.45,2026-02-26,2026-03-28
PR00777,Amount Promo 00777,Amount,6.33,2026-02-27,2026-03-29
PR00778,Bundle Promo 00778,Bundle,7.33,2026-02-28,2026-03-30
PR00779,BOGO Promo 00779,BOGO,29.44,2026-03-01,2026-03-31
PR00780,Percent Promo 00780,Percent,27.32,2026-03-02,2026-04-01
PR00781,Amount Promo 00781,Amount,14.40,2026-03-03,2026-04-02
PR00782,Bundle Promo 00782,Bundle,8.27,2026-03-04,2026-04-03
PR00783,BOGO Promo 00783,BOGO,17.94,2026-03-05,2026-04-04
PR00784,Percent Promo 00784,Percent,9.61,2026-03-06,2026-04-05
PR00785,Amount Promo 00785,Amount,28.32,2026-03-07,2026-04-06
PR00786,Bundle Promo 00786,Bundle,9.61,2026-03-08,2026-04-07
PR00787,BOGO Promo 00787,BOGO,32.09,2026-03-09,2026-04-08
PR00788,Percent Promo 00788,Percent,37.66,2026-03-10,2026-04-09
PR00789,Amount Promo 00789,Amount,17.21,2026-03-11,2026-04-10
PR00790,Bundle Promo 00790,Bundle,39.41,2026-03-12,2026-04-11
PR00791,BOGO Promo 00791,BOGO,32.09,2026-03-13,2026-04-12
PR00792,Percent Promo 00792,Percent,22.44,2026-03-14,2026-04-13
PR00793,Amount Promo 00793,Amount,35.22,2026-03-15,2026-04-14
PR00794,Bundle Promo 00794,Bundle,27.54,2026-03-16,2026-04-15
PR00795,BOGO Promo 00795,BOGO,22.73,2026-03-17,2026-04-16
PR00796,Percent Promo 00796,Percent,30.17,2026-03-18,2026-04-17
PR00797,Amount Promo 00797,Amount,35.89,2026-03-19,2026-04-18
PR00798,Bundle Promo 00798,Bundle,27.00,2026-03-20,2026-04-19
PR00799,BOGO Promo 00799,BOGO,16.93,2026-03-21,2026-04-20
PR00800,Percent Promo 00800,Percent,19.25,2026-03-22,2026-04-21
PR00801,Amount Promo 00801,Amount,15.64,2026-03-23,2026-04-22
PR00802,Bundle Promo 00802,Bundle,31.17,2026-03-24,2026-04-23
PR00803,BOGO Promo 00803,BOGO,28.10,2026-03-25,2026-04-24
PR00804,Percent Promo 00804,Percent,37.80,2026-03-26,2026-04-25
PR00805,Amount Promo 00805,Amount,19.26,2026-03-27,2026-04-26
PR00806,Bundle Promo 00806,Bundle,10.65,2026-03-28,2026-04-27
PR00807,BOGO Promo 00807,BOGO,38.96,2026-03-29,2026-04-28
PR00808,Percent Promo 00808,Percent,30.19,2026-03-30,2026-04-29
PR00809,Amount Promo 00809,Amount,32.35,2026-03-31,2026-04-30
PR00810,Bundle Promo 00810,Bundle,25.43,2026-04-01,2026-05-01
PR00811,BOGO Promo 00811,BOGO,6.07,2026-04-02,2026-05-02
PR00812,Percent Promo 00812,Percent,17.80,2026-04-03,2026-05-03
PR00813,Amount Promo 00813,Amount,28.30,2026-04-04,2026-05-04
PR00814,Bundle Promo 00814,Bundle,29.42,2026-04-05,2026-05-05
PR00815,BOGO Promo 00815,BOGO,9.61,2026-04-06,2026-05-06
PR00816,Percent Promo 00816,Percent,14.41,2026-04-07,2026-05-07
PR00817,Amount Promo 00817,Amount,33.19,2026-04-08,2026-05-08
PR00818,Bundle Promo 00818,Bundle,38.32,2026-04-09,2026-05-09
PR00819,BOGO Promo 00819,BOGO,25.52,2026-04-10,2026-05-10
PR00820,Percent Promo 00820,Percent,25.01,2026-04-11,2026-05-11
PR00821,Amount Promo 00821,Amount,33.68,2026-04-12,2026-05-12
PR00822,Bundle Promo 00822,Bundle,30.39,2026-04-13,2026-05-13
PR00823,BOGO Promo 00823,BOGO,13.95,2026-04-14,2026-05-14
PR00824,Percent Promo 00824,Percent,13.18,2026-04-15,2026-05-15
PR00825,Amount Promo 00825,Amount,21.63,2026-04-16,2026-05-16
PR00826,Bundle Promo 00826,Bundle,11.24,2026-04-17,2026-05-17
PR00827,BOGO Promo 00827,BOGO,20.86,2026-04-18,2026-05-18
PR00828,Percent Promo 00828,Percent,8.51,2026-04-19,2026-05-19
PR00829,Amount Promo 00829,Amount,23.89,2026-04-20,2026-05-20
PR00830,Bundle Promo 00830,Bundle,21.48,2026-04-21,2026-05-21
PR00831,BOGO Promo 00831,BOGO,31.43,2026-04-22,2026-05-22
PR00832,Percent Promo 00832,Percent,5.14,2026-04-23,2026-05-23
PR00833,Amount Promo 00833,Amount,16.21,2026-04-24,2026-05-24
PR00834,Bundle Promo 00834,Bundle,25.10,2026-04-25,2026-05-25
PR00835,BOGO Promo 00835,BOGO,21.68,2026-04-26,2026-05-26
PR00836,Percent Promo 00836,Percent,17.33,2026-04-27,2026-05-27
PR00837,Amount Promo 00837,Amount,36.93,2026-04-28,2026-05-28
PR00838,Bundle Promo 00838,Bundle,24.47,2026-04-29,2026-05-29
PR00839,BOGO Promo 00839,BOGO,26.47,2026-04-30,2026-05-30
PR00840,Percent Promo 00840,Percent,25.72,2026-01-01,2026-01-31
PR00841,Amount Promo 00841,Amount,38.63,2026-01-02,2026-02-01
PR00842,Bundle Promo 00842,Bundle,17.30,2026-01-03,2026-02-02
PR00843,BOGO Promo 00843,BOGO,19.97,2026-01-04,2026-02-03
PR00844,Percent Promo 00844,Percent,29.21,2026-01-05,2026-02-04
PR00845,Amount Promo 00845,Amount,23.82,2026-01-06,2026-02-05
PR00846,Bundle Promo 00846,Bundle,25.40,2026-01-07,2026-02-06
PR00847,BOGO Promo 00847,BOGO,30.65,2026-01-08,2026-02-07
PR00848,Percent Promo 00848,Percent,7.24,2026-01-09,2026-02-08
PR00849,Amount Promo 00849,Amount,13.98,2026-01-10,2026-02-09
PR00850,Bundle Promo 00850,Bundle,18.31,2026-01-11,2026-02-10
PR00851,BOGO Promo 00851,BOGO,16.62,2026-01-12,2026-02-11
PR00852,Percent Promo 00852,Percent,8.65,2026-01-13,2026-02-12
PR00853,Amount Promo 00853,Amount,35.44,2026-01-14,2026-02-13
PR00854,Bundle Promo 00854,Bundle,34.53,2026-01-15,2026-02-14
PR00855,BOGO Promo 00855,BOGO,6.80,2026-01-16,2026-02-15
PR00856,Percent Promo 00856,Percent,21.00,2026-01-17,2026-02-16
PR00857,Amount Promo 00857,Amount,32.20,2026-01-18,2026-02-17
PR00858,Bundle Promo 00858,Bundle,12.22,2026-01-19,2026-02-18
PR00859,BOGO Promo 00859,BOGO,10.51,2026-01-20,2026-02-19
PR00860,Percent Promo 00860,Percent,18.71,2026-01-21,2026-02-20
PR00861,Amount Promo 00861,Amount,6.76,2026-01-22,2026-02-21
PR00862,Bundle Promo 00862,Bundle,11.73,2026-01-23,2026-02-22
PR00863,BOGO Promo 00863,BOGO,35.79,2026-01-24,2026-02-23
PR00864,Percent Promo 00864,Percent,27.18,2026-01-25,2026-02-24
PR00865,Amount Promo 00865,Amount,21.34,2026-01-26,2026-02-25
PR00866,Bundle Promo 00866,Bundle,33.48,2026-01-27,2026-02-26
PR00867,BOGO Promo 00867,BOGO,16.14,2026-01-28,2026-02-27
PR00868,Percent Promo 00868,Percent,39.79,2026-01-29,2026-02-28
PR00869,Amount Promo 00869,Amount,24.70,2026-01-30,2026-03-01
PR00870,Bundle Promo 00870,Bundle,30.71,2026-01-31,2026-03-02
PR00871,BOGO Promo 00871,BOGO,14.08,2026-02-01,2026-03-03
PR00872,Percent Promo 00872,Percent,39.89,2026-02-02,2026-03-04
PR00873,Amount Promo 00873,Amount,35.06,2026-02-03,2026-03-05
PR00874,Bundle Promo 00874,Bundle,36.43,2026-02-04,2026-03-06
PR00875,BOGO Promo 00875,BOGO,37.87,2026-02-05,2026-03-07
PR00876,Percent Promo 00876,Percent,32.07,2026-02-06,2026-03-08
PR00877,Amount Promo 00877,Amount,14.24,2026-02-07,2026-03-09
PR00878,Bundle Promo 00878,Bundle,13.48,2026-02-08,2026-03-10
PR00879,BOGO Promo 00879,BOGO,15.39,2026-02-09,2026-03-11
PR00880,Percent Promo 00880,Percent,36.19,2026-02-10,2026-03-12
PR00881,Amount Promo 00881,Amount,21.23,2026-02-11,2026-03-13
PR00882,Bundle Promo 00882,Bundle,13.39,2026-02-12,2026-03-14
PR00883,BOGO Promo 00883,BOGO,21.22,2026-02-13,2026-03-15
PR00884,Percent Promo 00884,Percent,37.58,2026-02-14,2026-03-16
PR00885,Amount Promo 00885,Amount,5.30,2026-02-15,2026-03-17
PR00886,Bundle Promo 00886,Bundle,36.65,2026-02-16,2026-03-18
PR00887,BOGO Promo 00887,BOGO,36.40,2026-02-17,2026-03-19
PR00888,Percent Promo 00888,Percent,17.43,2026-02-18,2026-03-20
PR00889,Amount Promo 00889,Amount,31.16,2026-02-19,2026-03-21
PR00890,Bundle Promo 00890,Bundle,29.50,2026-02-20,2026-03-22
PR00891,BOGO Promo 00891,BOGO,18.40,2026-02-21,2026-03-23
PR00892,Percent Promo 00892,Percent,21.47,2026-02-22,2026-03-24
PR00893,Amount Promo 00893,Amount,11.70,2026-02-23,2026-03-25
PR00894,Bundle Promo 00894,Bundle,39.27,2026-02-24,2026-03-26
PR00895,BOGO Promo 00895,BOGO,22.84,2026-02-25,2026-03-27
PR00896,Percent Promo 00896,Percent,24.42,2026-02-26,2026-03-28
PR00897,Amount Promo 00897,Amount,31.03,2026-02-27,2026-03-29
PR00898,Bundle Promo 00898,Bundle,24.66,2026-02-28,2026-03-30
PR00899,BOGO Promo 00899,BOGO,19.29,2026-03-01,2026-03-31
PR00900,Percent Promo 00900,Percent,8.13,2026-03-02,2026-04-01
PR00901,Amount Promo 00901,Amount,26.69,2026-03-03,2026-04-02
PR00902,Bundle Promo 00902,Bundle,38.81,2026-03-04,2026-04-03
PR00903,BOGO Promo 00903,BOGO,14.75,2026-03-05,2026-04-04
PR00904,Percent Promo 00904,Percent,9.71,2026-03-06,2026-04-05
PR00905,Amount Promo 00905,Amount,35.47,2026-03-07,2026-04-06
PR00906,Bundle Promo 00906,Bundle,12.65,2026-03-08,2026-04-07
PR00907,BOGO Promo 00907,BOGO,39.13,2026-03-09,2026-04-08
PR00908,Percent Promo 00908,Percent,39.44,2026-03-10,2026-04-09
PR00909,Amount Promo 00909,Amount,7.69,2026-03-11,2026-04-10
PR00910,Bundle Promo 00910,Bundle,36.87,2026-03-12,2026-04-11
PR00911,BOGO Promo 00911,BOGO,22.99,2026-03-13,2026-04-12
PR00912,Percent Promo 00912,Percent,38.84,2026-03-14,2026-04-13
PR00913,Amount Promo 00913,Amount,23.93,2026-03-15,2026-04-14
PR00914,Bundle Promo 00914,Bundle,31.67,2026-03-16,2026-04-15
PR00915,BOGO Promo 00915,BOGO,12.32,2026-03-17,2026-04-16
PR00916,Percent Promo 00916,Percent,28.73,2026-03-18,2026-04-17
PR00917,Amount Promo 00917,Amount,18.77,2026-03-19,2026-04-18
PR00918,Bundle Promo 00918,Bundle,22.39,2026-03-20,2026-04-19
PR00919,BOGO Promo 00919,BOGO,29.98,2026-03-21,2026-04-20
PR00920,Percent Promo 00920,Percent,38.48,2026-03-22,2026-04-21
PR00921,Amount Promo 00921,Amount,26.18,2026-03-23,2026-04-22
PR00922,Bundle Promo 00922,Bundle,13.61,2026-03-24,2026-04-23
PR00923,BOGO Promo 00923,BOGO,38.04,2026-03-25,2026-04-24
PR00924,Percent Promo 00924,Percent,11.89,2026-03-26,2026-04-25
PR00925,Amount Promo 00925,Amount,13.51,2026-03-27,2026-04-26
PR00926,Bundle Promo 00926,Bundle,33.87,2026-03-28,2026-04-27
PR00927,BOGO Promo 00927,BOGO,29.46,2026-03-29,2026-04-28
PR00928,Percent Promo 00928,Percent,31.16,2026-03-30,2026-04-29
PR00929,Amount Promo 00929,Amount,12.34,2026-03-31,2026-04-30
PR00930,Bundle Promo 00930,Bundle,16.36,2026-04-01,2026-05-01
PR00931,BOGO Promo 00931,BOGO,15.30,2026-04-02,2026-05-02
PR00932,Percent Promo 00932,Percent,25.57,2026-04-03,2026-05-03
PR00933,Amount Promo 00933,Amount,8.38,2026-04-04,2026-05-04
PR00934,Bundle Promo 00934,Bundle,26.60,2026-04-05,2026-05-05
PR00935,BOGO Promo 00935,BOGO,38.84,2026-04-06,2026-05-06
PR00936,Percent Promo 00936,Percent,18.39,2026-04-07,2026-05-07
PR00937,Amount Promo 00937,Amount,36.49,2026-04-08,2026-05-08
PR00938,Bundle Promo 00938,Bundle,14.07,2026-04-09,2026-05-09
PR00939,BOGO Promo 00939,BOGO,39.51,2026-04-10,2026-05-10
PR00940,Percent Promo 00940,Percent,33.76,2026-04-11,2026-05-11
PR00941,Amount Promo 00941,Amount,17.60,2026-04-12,2026-05-12
PR00942,Bundle Promo 00942,Bundle,6.65,2026-04-13,2026-05-13
PR00943,BOGO Promo 00943,BOGO,34.53,2026-04-14,2026-05-14
PR00944,Percent Promo 00944,Percent,26.05,2026-04-15,2026-05-15
PR00945,Amount Promo 00945,Amount,14.14,2026-04-16,2026-05-16
PR00946,Bundle Promo 00946,Bundle,6.50,2026-04-17,2026-05-17
PR00947,BOGO Promo 00947,BOGO,26.12,2026-04-18,2026-05-18
PR00948,Percent Promo 00948,Percent,15.22,2026-04-19,2026-05-19
PR00949,Amount Promo 00949,Amount,23.85,2026-04-20,2026-05-20
PR00950,Bundle Promo 00950,Bundle,34.05,2026-04-21,2026-05-21
PR00951,BOGO Promo 00951,BOGO,39.20,2026-04-22,2026-05-22
PR00952,Percent Promo 00952,Percent,6.10,2026-04-23,2026-05-23
PR00953,Amount Promo 00953,Amount,14.57,2026-04-24,2026-05-24
PR00954,Bundle Promo 00954,Bundle,19.61,2026-04-25,2026-05-25
PR00955,BOGO Promo 00955,BOGO,17.57,2026-04-26,2026-05-26
PR00956,Percent Promo 00956,Percent,37.18,2026-04-27,2026-05-27
PR00957,Amount Promo 00957,Amount,24.16,2026-04-28,2026-05-28
PR00958,Bundle Promo 00958,Bundle,24.55,2026-04-29,2026-05-29
PR00959,BOGO Promo 00959,BOGO,28.37,2026-04-30,2026-05-30
PR00960,Percent Promo 00960,Percent,7.04,2026-01-01,2026-01-31
PR00961,Amount Promo 00961,Amount,14.48,2026-01-02,2026-02-01
PR00962,Bundle Promo 00962,Bundle,22.30,2026-01-03,2026-02-02
PR00963,BOGO Promo 00963,BOGO,38.83,2026-01-04,2026-02-03
PR00964,Percent Promo 00964,Percent,37.20,2026-01-05,2026-02-04
PR00965,Amount Promo 00965,Amount,37.91,2026-01-06,2026-02-05
PR00966,Bundle Promo 00966,Bundle,6.11,2026-01-07,2026-02-06
PR00967,BOGO Promo 00967,BOGO,19.86,2026-01-08,2026-02-07
PR00968,Percent Promo 00968,Percent,25.75,2026-01-09,2026-02-08
PR00969,Amount Promo 00969,Amount,14.55,2026-01-10,2026-02-09
PR00970,Bundle Promo 00970,Bundle,13.41,2026-01-11,2026-02-10
PR00971,BOGO Promo 00971,BOGO,35.49,2026-01-12,2026-02-11
PR00972,Percent Promo 00972,Percent,16.95,2026-01-13,2026-02-12
PR00973,Amount Promo 00973,Amount,21.85,2026-01-14,2026-02-13
PR00974,Bundle Promo 00974,Bundle,13.80,2026-01-15,2026-02-14
PR00975,BOGO Promo 00975,BOGO,29.34,2026-01-16,2026-02-15
PR00976,Percent Promo 00976,Percent,35.55,2026-01-17,2026-02-16
PR00977,Amount Promo 00977,Amount,23.74,2026-01-18,2026-02-17
PR00978,Bundle Promo 00978,Bundle,15.99,2026-01-19,2026-02-18
PR00979,BOGO Promo 00979,BOGO,35.45,2026-01-20,2026-02-19
PR00980,Percent Promo 00980,Percent,37.14,2026-01-21,2026-02-20
PR00981,Amount Promo 00981,Amount,23.55,2026-01-22,2026-02-21
PR00982,Bundle Promo 00982,Bundle,26.24,2026-01-23,2026-02-22
PR00983,BOGO Promo 00983,BOGO,25.18,2026-01-24,2026-02-23
PR00984,Percent Promo 00984,Percent,32.04,2026-01-25,2026-02-24
PR00985,Amount Promo 00985,Amount,38.72,2026-01-26,2026-02-25
PR00986,Bundle Promo 00986,Bundle,31.01,2026-01-27,2026-02-26
PR00987,BOGO Promo 00987,BOGO,12.16,2026-01-28,2026-02-27
PR00988,Percent Promo 00988,Percent,35.33,2026-01-29,2026-02-28
PR00989,Amount Promo 00989,Amount,10.22,2026-01-30,2026-03-01
PR00990,Bundle Promo 00990,Bundle,29.18,2026-01-31,2026-03-02
PR00991,BOGO Promo 00991,BOGO,33.70,2026-02-01,2026-03-03
PR00992,Percent Promo 00992,Percent,10.67,2026-02-02,2026-03-04
PR00993,Amount Promo 00993,Amount,36.77,2026-02-03,2026-03-05
PR00994,Bundle Promo 00994,Bundle,5.95,2026-02-04,2026-03-06
PR00995,BOGO Promo 00995,BOGO,18.11,2026-02-05,2026-03-07
PR00996,Percent Promo 00996,Percent,8.50,2026-02-06,2026-03-08
PR00997,Amount Promo 00997,Amount,6.23,2026-02-07,2026-03-09
PR00998,Bundle Promo 00998,Bundle,23.82,2026-02-08,2026-03-10
PR00999,BOGO Promo 00999,BOGO,38.16,2026-02-09,2026-03-11
PR01000,Percent Promo 01000,Percent,31.00,2026-02-10,2026-03-12
