return_id,order_id,product_id,customer_id,return_reason,return_date
R00001,O00006,P00863,C00004,LateDelivery,2026-06-11
R00002,O00008,P00448,C00005,ChangedMind,2026-06-08
R00003,O00012,P00276,C00008,SizeIssue,2026-06-05
R00004,O00021,P00226,C00013,SizeIssue,2026-06-27
R00005,O00022,P00045,C00014,ChangedMind,2026-06-08
R00006,O00024,P00868,C00015,Damaged,2026-05-16
R00007,O00025,P00752,C00016,Damaged,2026-05-11
R00008,O00032,P00574,C00020,Damaged,2026-05-24
R00009,O00033,P00726,C00020,ChangedMind,2026-05-23
R00010,O00034,P00656,C00020,NotAsDescribed,2026-05-22
R00011,O00036,P00196,C00022,,2026-05-21
R00012,O00038,P00732,C00024,Damaged,2026-05-24
R00013,O00039,P00319,C00024,NotAsDescribed,2026-05-11
R00014,O00042,P00234,C00026,ChangedMind,2026-07-07
R00015,O00045,P00801,C00028,LateDelivery,2026-05-27
R00016,O00046,P00353,C00028,ChangedMind,2026-06-17
R00017,O00047,P00235,C00028,SizeIssue,2026-05-26
R00018,O00048,P00034,C00029,Damaged,2026-05-13
R00019,O00051,P01097,C00031,Damaged,2026-06-22
R00020,O00053,P01001,C00032,SizeIssue,2026-05-17
R00021,O00056,P01026,C00034,NotAsDescribed,2026-05-31
R00022,O00063,P00410,C00040,NotAsDescribed,2026-05-19
R00023,O00065,P00215,C00042,LateDelivery,2026-06-01
R00024,O00067,P00321,C00043,LateDelivery,2026-06-21
R00025,O00069,P00766,C00044,ChangedMind,2026-05-10
R00026,O00077,P00536,C00048,LateDelivery,2026-06-08
R00027,O00078,P00583,C00049,Damaged,2026-06-24
R00028,O00083,P00717,C00052,LateDelivery,2026-07-08
R00029,O00087,P00001,C00056,SizeIssue,2026-05-08
R00030,O00094,P01147,C00059,NotAsDescribed,2026-05-28
R00031,O00098,P01049,C00060,SizeIssue,2026-07-05
R00032,O00100,P00480,C00061,ChangedMind,2026-06-15
R00033,O00101,P00179,C00062,SizeIssue,2026-06-08
R00034,O00102,P00086,C00063,NotAsDescribed,2026-07-07
R00035,O00104,P00677,C00063,LateDelivery,2026-05-23
R00036,O00107,P00456,C00065,LateDelivery,2026-06-07
R00037,O00116,P00195,C00072,Damaged,2026-05-23
R00038,O00121,P00967,C00075,LateDelivery,2026-06-21
R00039,O00123,P00664,C00077,NotAsDescribed,2026-07-05
R00040,O00125,P01150,C00078,ChangedMind,2026-05-18
R00041,O00128,P00226,C00081,Damaged,2026-07-08
R00042,O00130,P00861,C00082,LateDelivery,2026-05-15
R00043,O00132,P00232,C00083,NotAsDescribed,2026-05-29
R00044,O00133,P00358,C00083,Damaged,2026-06-15
R00045,O00134,P00369,C00083,NotAsDescribed,2026-06-12
R00046,O00140,P00308,C00086,SizeIssue,2026-06-03
R00047,O00142,P00363,C00086,Damaged,2026-05-25
R00048,O00143,P00696,C00087,NotAsDescribed,2026-05-18
R00049,O00153,P00106,C00092,ChangedMind,2026-05-12
R00050,O00155,P00936,C00093,SizeIssue,2026-07-03
R00051,O00171,P00594,C00102,SizeIssue,2026-06-14
R00052,O00173,P00283,C00104,NotAsDescribed,2026-06-16
R00053,O00176,P00610,C00106,LateDelivery,2026-05-18
R00054,O00178,P00783,C00106,Damaged,2026-06-15
R00055,O00184,P01052,C00110,LateDelivery,2026-06-01
R00056,O00187,P00839,C00112,LateDelivery,2026-05-15
R00057,O00191,P00717,C00115,SizeIssue,2026-05-09
R00058,O00202,P00686,C00120,SizeIssue,2026-06-12
R00059,O00209,P00762,C00123,LateDelivery,2026-05-15
R00060,O00211,P01003,C00124,ChangedMind,2026-05-26
R00061,O00217,P00812,C00128,SizeIssue,2026-06-11
R00062,O00218,P00781,C00129,ChangedMind,2026-07-12
R00063,O00229,P00615,C00137,NotAsDescribed,2026-05-25
R00064,O00233,P00177,C00140,NotAsDescribed,2026-06-20
R00065,O00241,P00463,C00144,Damaged,2026-06-17
R00066,O00242,P00784,C00145,NotAsDescribed,2026-06-06
R00067,O00244,P00996,C00147,NotAsDescribed,2026-06-21
R00068,O00249,P00868,C00150,NotAsDescribed,2026-06-27
R00069,O00254,P01020,C00152,Damaged,2026-06-28
R00070,O00262,P00662,C00157,LateDelivery,2026-07-03
R00071,O00268,P01115,C00161,Damaged,2026-05-29
R00072,O00273,P00235,C00164,Damaged,2026-06-22
R00073,O00274,P00649,C00164,LateDelivery,2026-07-01
R00074,O00277,P00425,C00166,LateDelivery,2026-06-07
R00075,O00285,P00266,C00170,Damaged,2026-06-07
R00076,O00286,P00336,C00171,SizeIssue,2026-06-17
R00077,O00288,P01143,C00172,Damaged,2026-05-27
R00078,O00292,P00187,C00175,SizeIssue,2026-06-14
R00079,O00295,P00720,C00176,ChangedMind,2026-06-25
R00080,O00298,P00199,C00179,Damaged,2026-05-08
R00081,O00304,P00574,C00181,LateDelivery,2026-06-27
R00082,O00306,P01161,C00183,LateDelivery,2026-06-09
R00083,O00307,P00818,C00183,LateDelivery,2026-05-31
R00084,O00310,P00179,C00184,Damaged,2026-05-13
R00085,O00312,P01158,C00186,SizeIssue,2026-05-15
R00086,O00316,P00564,C00188,Damaged,2026-05-14
R00087,O00318,P00762,C00189,Damaged,2026-06-09
R00088,O00319,P00903,C00190,SizeIssue,2026-05-25
R00089,O00322,P00930,C00193,ChangedMind,2026-06-10
R00090,O00326,P00237,C00195,ChangedMind,2026-06-28
R00091,O00327,P01027,C00196,ChangedMind,2026-06-21
R00092,O00329,P00987,C00197,Damaged,2026-06-16
R00093,O00330,P00443,C00198,Damaged,2026-06-23
R00094,O00333,P01170,C00199,Damaged,2026-06-09
R00095,O00335,P00725,C00199,Damaged,2026-06-10
R00096,O00343,P00075,C00204,Damaged,2026-05-27
R00097,O00346,P00887,C00207,SizeIssue,2026-06-04
R00098,O00347,P00594,C00207,NotAsDescribed,2026-06-18
R00099,O00352,P00061,C00211,LateDelivery,2026-05-17
R00100,O00368,P00676,C00221,Damaged,2026-07-03
R00101,O00370,P01184,C00223,SizeIssue,2026-06-10
R00102,O00374,P00946,C00226,SizeIssue,2026-06-07
R00103,O00376,P00820,C00227,Damaged,2026-06-16
R00104,O00380,P00215,C00229,Damaged,2026-06-09
R00105,O00382,P01196,C00230,Damaged,2026-05-25
R00106,O00384,P00668,C00232,ChangedMind,2026-06-22
R00107,O00387,P00013,C00234,Damaged,2026-07-02
R00108,O00389,P01146,C00235,Damaged,2026-05-19
R00109,O00391,P00159,C00236,ChangedMind,2026-06-28
R00110,O00399,P01078,C00241,NotAsDescribed,2026-06-07
R00111,O00404,P00150,C00245,Damaged,2026-07-09
R00112,O00407,P00945,C00247,NotAsDescribed,2026-07-12
R00113,O00413,P00763,C00251,NotAsDescribed,2026-05-30
R00114,O00416,P00886,C00253,SizeIssue,2026-07-07
R00115,O00422,P00759,C00256,NotAsDescribed,2026-06-14
R00116,O00424,P00362,C00257,SizeIssue,2026-05-26
R00117,O00425,P01045,C00258,LateDelivery,2026-05-24
R00118,O00426,P00082,C00259,LateDelivery,2026-05-21
R00119,O00428,P00058,C00260,Damaged,2026-07-01
R00120,O00429,P01120,C00260,SizeIssue,2026-06-10
R00121,O00430,P00923,C00261,ChangedMind,2026-06-29
R00122,O00432,P00710,C00263,Damaged,2026-06-20
R00123,O00433,P00497,C00263,NotAsDescribed,2026-06-30
R00124,O00438,P00927,C00266,NotAsDescribed,2026-06-20
R00125,O00440,P00992,C00267,ChangedMind,2026-07-03
R00126,O00441,P00422,C00267,NotAsDescribed,2026-07-02
R00127,O00444,P00672,C00268,SizeIssue,2026-05-23
R00128,O00449,P00994,C00273,LateDelivery,2026-05-12
R00129,O00452,P00242,C00274,ChangedMind,2026-06-20
R00130,O00457,P01040,C00277,SizeIssue,2026-05-12
R00131,O00458,P01065,C00277,NotAsDescribed,2026-05-19
R00132,O00460,P01151,C00278,LateDelivery,2026-06-09
R00133,O00464,P00659,C00280,SizeIssue,2026-06-13
R00134,O00467,P00196,C00281,Damaged,2026-05-12
R00135,O00468,P01042,C00282,SizeIssue,2026-05-10
R00136,O00474,P00099,C00285,SizeIssue,2026-06-26
R00137,O00477,P00412,C00287,SizeIssue,2026-05-12
R00138,O00479,P00253,C00288,LateDelivery,2026-06-03
R00139,O00480,P01179,C00289,Damaged,2026-06-29
R00140,O00482,P00728,C00290,SizeIssue,2026-06-17
R00141,O00485,P00700,C00292,SizeIssue,2026-06-14
R00142,O00490,P01003,C00295,LateDelivery,2026-06-19
R00143,O00502,P00218,C00300,ChangedMind,2026-06-14
R00144,O00514,P01112,C00307,LateDelivery,2026-06-24
R00145,O00515,P00475,C00307,ChangedMind,2026-05-16
R00146,O00516,P00821,C00308,ChangedMind,2026-06-22
R00147,O00521,P01010,C00311,NotAsDescribed,2026-07-12
R00148,O00525,P00514,C00314,Damaged,2026-06-13
R00149,O00530,P00116,C00318,NotAsDescribed,2026-06-16
R00150,O00531,P01081,C00318,ChangedMind,2026-06-04
R00151,O00532,P00572,C00319,SizeIssue,2026-06-17
R00152,O00535,P00145,C00320,NotAsDescribed,2026-06-15
R00153,O00538,P00218,C00323,NotAsDescribed,2026-06-05
R00154,O00539,P00278,C00323,Damaged,2026-07-01
R00155,O00542,P00718,C00325,Damaged,2026-06-02
R00156,O00543,P00314,C00326,Damaged,2026-06-17
R00157,O00546,P00176,C00327,Damaged,2026-05-18
R00158,O00553,P00752,C00331,Damaged,2026-06-27
R00159,O00559,P01135,C00334,ChangedMind,2026-06-18
R00160,O00571,P00560,C00340,Damaged,2026-06-26
R00161,O00577,P00011,C00344,LateDelivery,2026-05-22
R00162,O00578,P00747,C00345,ChangedMind,2026-05-07
R00163,O00587,P00491,C00351,Damaged,2026-06-08
R00164,O00591,P00384,C00353,NotAsDescribed,2026-07-08
R00165,O00592,P00324,C00354,ChangedMind,2026-06-08
R00166,O00594,P00278,C00355,SizeIssue,2026-05-29
R00167,O00596,P00803,C00356,NotAsDescribed,2026-05-25
R00168,O00604,P01125,C00361,Damaged,2026-06-02
R00169,O00606,P00209,C00363,NotAsDescribed,2026-06-04
R00170,O00608,P00296,C00363,LateDelivery,2026-05-24
R00171,O00609,P00369,C00364,LateDelivery,2026-06-23
R00172,O00611,P00104,C00365,ChangedMind,2026-06-07
R00173,O00619,P00944,C00368,LateDelivery,2026-05-19
R00174,O00620,P00710,C00369,Damaged,2026-06-09
R00175,O00621,P01057,C00370,SizeIssue,2026-05-28
R00176,O00624,P00213,C00371,SizeIssue,2026-07-09
R00177,O00627,P00848,C00372,ChangedMind,2026-06-13
R00178,O00628,P00095,C00372,Damaged,2026-05-16
R00179,O00632,P00654,C00375,LateDelivery,2026-06-10
R00180,O00633,P00428,C00375,Damaged,2026-05-18
R00181,O00639,P00862,C00378,Damaged,2026-05-29
R00182,O00640,P00791,C00379,NotAsDescribed,2026-05-16
R00183,O00647,P00831,C00384,NotAsDescribed,2026-06-14
R00184,O00648,P00082,C00384,Damaged,2026-06-17
R00185,O00652,P00262,C00387,ChangedMind,2026-06-06
R00186,O00654,P01044,C00388,LateDelivery,2026-06-25
R00187,O00656,P00120,C00390,ChangedMind,2026-06-05
R00188,O00657,P00667,C00390,Damaged,2026-06-05
R00189,O00661,P00406,C00394,SizeIssue,2026-07-07
R00190,O00662,P00741,C00394,NotAsDescribed,2026-06-03
R00191,O00667,P01193,C00398,LateDelivery,2026-06-25
R00192,O00669,P00874,C00400,NotAsDescribed,2026-07-12
R00193,O00673,P01004,C00403,SizeIssue,2026-05-29
R00194,O00674,P00754,C00403,NotAsDescribed,2026-05-31
R00195,O00678,P01092,C00406,LateDelivery,2026-05-27
R00196,O00679,P01013,C00406,SizeIssue,2026-06-03
R00197,O00681,P00738,C00407,Damaged,2026-05-13
R00198,O00685,P00770,C00409,NotAsDescribed,2026-07-02
R00199,O00692,P00768,C00413,Damaged,2026-05-20
R00200,O00703,P00408,C00421,Damaged,2026-06-04
R00201,O00705,P00363,C00423,NotAsDescribed,2026-06-01
R00202,O00709,P00750,C00425,NotAsDescribed,2026-05-11
R00203,O00712,P01085,C00427,LateDelivery,2026-06-23
R00204,O00719,P00149,C00431,NotAsDescribed,2026-05-12
R00205,O00727,P00145,C00436,NotAsDescribed,2026-05-13
R00206,O00731,P00602,C00439,SizeIssue,2026-07-01
R00207,O00733,P00327,C00440,NotAsDescribed,2026-05-23
R00208,O00740,P00585,C00445,ChangedMind,2026-05-26
R00209,O00742,P00461,C00446,NotAsDescribed,2026-06-20
R00210,O00748,P00064,C00449,NotAsDescribed,2026-06-14
R00211,O00749,P00026,C00450,NotAsDescribed,2026-07-03
R00212,O00751,P00608,C00451,Damaged,2026-06-03
R00213,O00754,P00744,C00452,LateDelivery,2026-07-10
R00214,O00759,P00764,C00454,SizeIssue,2026-05-30
R00215,O00761,P00851,C00456,SizeIssue,2026-05-23
R00216,O00762,P00574,C00456,LateDelivery,2026-05-15
R00217,O00763,P00117,C00457,LateDelivery,2026-07-02
R00218,O00773,P00224,C00463,SizeIssue,2026-06-10
R00219,O00775,P00643,C00465,LateDelivery,2026-07-08
R00220,O00776,P00737,C00465,SizeIssue,2026-06-09
R00221,O00777,P00985,C00466,ChangedMind,2026-05-19
R00222,O00779,P00044,C00466,SizeIssue,2026-07-03
R00223,O00782,P01082,C00467,Damaged,2026-05-16
R00224,O00784,P00850,C00469,ChangedMind,2026-06-29
R00225,O00797,P00455,C00476,ChangedMind,2026-05-16
R00226,O00803,P00089,C00480,ChangedMind,2026-05-10
R00227,O00807,P00087,C00482,ChangedMind,2026-06-21
R00228,O00808,P00223,C00483,SizeIssue,2026-06-01
R00229,O00813,P00024,C00486,LateDelivery,2026-05-18
R00230,O00817,P01057,C00488,SizeIssue,2026-07-06
R00231,O00820,P00476,C00490,SizeIssue,2026-06-22
R00232,O00821,P01183,C00490,NotAsDescribed,2026-06-20
R00233,O00828,P00304,C00495,NotAsDescribed,2026-07-04
R00234,O00831,P00353,C00497,NotAsDescribed,2026-05-28
R00235,O00835,P00162,C00501,ChangedMind,2026-07-06
R00236,O00841,P00910,C00507,SizeIssue,2026-07-09
R00237,O00844,P00599,C00508,Damaged,2026-06-09
R00238,O00845,P01152,C00509,NotAsDescribed,2026-06-24
R00239,O00851,P00082,C00512,Damaged,2026-05-08
R00240,O00861,P00349,C00518,NotAsDescribed,2026-05-23
R00241,O00864,P00222,C00519,ChangedMind,2026-06-27
R00242,O00869,P00239,C00521,NotAsDescribed,2026-06-25
R00243,O00870,P00832,C00521,SizeIssue,2026-05-20
R00244,O00871,P01198,C00522,NotAsDescribed,2026-06-07
R00245,O00875,P00714,C00524,ChangedMind,2026-05-17
R00246,O00877,P00539,C00526,LateDelivery,2026-05-29
R00247,O00880,P00307,C00528,NotAsDescribed,2026-05-21
R00248,O00882,P00789,C00530,NotAsDescribed,2026-06-18
R00249,O00891,P00927,C00534,LateDelivery,2026-05-22
R00250,O00900,P00351,C00539,LateDelivery,2026-05-28
R00251,O00909,P00974,C00544,NotAsDescribed,2026-06-17
R00252,O00910,P01065,C00544,ChangedMind,2026-06-16
R00253,O00911,P00631,C00545,Damaged,2026-06-22
R00254,O00913,P00921,C00547,Damaged,2026-06-18
R00255,O00915,P01106,C00549,LateDelivery,2026-06-21
R00256,O00922,P00842,C00554,NotAsDescribed,2026-05-31
R00257,O00926,P00405,C00558,SizeIssue,2026-06-25
R00258,O00930,P00637,C00561,NotAsDescribed,2026-05-25
R00259,O00932,P00941,C00562,NotAsDescribed,2026-05-27
R00260,O00935,P00397,C00564,ChangedMind,2026-05-14
R00261,O00943,P00826,C00569,SizeIssue,2026-06-12
R00262,O00944,P00126,C00570,ChangedMind,2026-06-23
R00263,O00945,P00634,C00570,SizeIssue,2026-07-03
R00264,O00946,P00686,C00571,SizeIssue,2026-06-20
R00265,O00947,P00014,C00571,Damaged,2026-06-29
R00266,O00949,P00697,C00572,LateDelivery,2026-05-13
R00267,O00950,P00089,C00573,LateDelivery,2026-05-27
R00268,O00953,P00636,C00575,Damaged,2026-07-01
R00269,O00972,P00067,C00587,ChangedMind,2026-06-14
R00270,O00973,P00762,C00588,Damaged,2026-06-16
R00271,O00977,P00561,C00591,LateDelivery,2026-07-13
R00272,O00978,P01161,C00591,SizeIssue,2026-07-04
R00273,O00980,P00789,C00592,LateDelivery,2026-06-11
R00274,O00989,P00886,C00598,ChangedMind,2026-05-14
R00275,O01001,P00129,C00608,LateDelivery,2026-06-08
R00276,O01002,P00743,C00609,ChangedMind,2026-06-23
R00277,O01003,P00993,C00610,Damaged,2026-05-20
R00278,O01020,P00949,C00620,NotAsDescribed,2026-06-10
R00279,O01021,P00994,C00620,Damaged,2026-06-29
R00280,O01027,P00332,C00624,SizeIssue,2026-06-13
R00281,O01036,P01152,C00629,NotAsDescribed,2026-07-01
R00282,O01043,P00330,C00632,Damaged,2026-05-21
R00283,O01058,P00676,C00642,ChangedMind,2026-05-18
R00284,O01061,P01167,C00644,SizeIssue,2026-05-20
R00285,O01064,P00534,C00645,ChangedMind,2026-05-12
R00286,O01066,P00370,C00646,NotAsDescribed,2026-05-18
R00287,O01068,P00396,C00646,Damaged,2026-06-22
R00288,O01069,P00023,C00647,NotAsDescribed,2026-06-11
R00289,O01070,P01018,C00647,LateDelivery,2026-06-08
R00290,O01073,P00577,C00649,Damaged,2026-05-16
R00291,O01075,P00242,C00650,NotAsDescribed,2026-05-19
R00292,O01082,P01153,C00655,SizeIssue,2026-06-30
R00293,O01089,P00872,C00659,ChangedMind,2026-07-05
R00294,O01092,P00536,C00662,ChangedMind,2026-05-21
R00295,O01096,P00335,C00665,NotAsDescribed,2026-05-18
R00296,O01097,P00916,C00665,Damaged,2026-05-25
R00297,O01108,P00159,C00672,NotAsDescribed,2026-05-29
R00298,O01116,P00988,C00676,ChangedMind,2026-06-15
R00299,O01121,P00842,C00678,LateDelivery,2026-05-17
R00300,O01124,P00102,C00681,LateDelivery,2026-05-26
R00301,O01136,P00097,C00687,SizeIssue,2026-06-12
R00302,O01137,P00668,C00687,Damaged,2026-06-13
R00303,O01138,P00129,C00687,NotAsDescribed,2026-06-16
R00304,O01145,P00167,C00692,ChangedMind,2026-06-05
R00305,O01147,P00913,C00693,SizeIssue,2026-05-28
R00306,O01153,P00057,C00695,LateDelivery,2026-05-13
R00307,O01167,P00096,C00705,ChangedMind,2026-05-17
R00308,O01168,P00019,C00705,NotAsDescribed,2026-06-14
R00309,O01170,P00981,C00707,ChangedMind,2026-06-27
R00310,O01171,P01069,C00707,SizeIssue,2026-06-17
R00311,O01179,P00785,C00712,Damaged,2026-07-03
R00312,O01180,P00107,C00713,NotAsDescribed,2026-06-27
R00313,O01182,P00016,C00713,Damaged,2026-05-14
R00314,O01187,P00120,C00716,LateDelivery,2026-06-15
R00315,O01188,P00271,C00716,LateDelivery,2026-05-21
R00316,O01193,P00773,C00719,NotAsDescribed,2026-05-29
R00317,O01196,P00127,C00721,Damaged,2026-05-28
R00318,O01198,P00729,C00722,NotAsDescribed,2026-06-01
R00319,O01200,P01182,C00724,ChangedMind,2026-06-18
R00320,O01202,P00354,C00725,ChangedMind,2026-06-23
R00321,O01204,P00313,C00726,SizeIssue,2026-06-21
R00322,O01205,P01092,C00727,SizeIssue,2026-06-09
R00323,O01209,P00343,C00729,NotAsDescribed,2026-06-17
R00324,O01215,P01142,C00734,NotAsDescribed,2026-07-06
R00325,O01216,P00167,C00735,SizeIssue,2026-06-26
R00326,O01218,P00884,C00735,ChangedMind,2026-06-27
R00327,O01219,P00395,C00736,NotAsDescribed,2026-06-11
R00328,O01221,P00328,C00737,NotAsDescribed,2026-06-29
R00329,O01228,P00268,C00742,LateDelivery,2026-05-26
R00330,O01234,P00197,C00746,Damaged,2026-05-16
R00331,O01241,P00240,C00750,LateDelivery,2026-06-12
R00332,O01245,P00748,C00752,SizeIssue,2026-05-18
R00333,O01251,P00647,C00756,ChangedMind,2026-06-09
R00334,O01253,P00861,C00756,SizeIssue,2026-06-05
R00335,O01255,P00971,C00758,LateDelivery,2026-05-15
R00336,O01261,P01194,C00762,SizeIssue,2026-05-25
R00337,O01262,P00208,C00762,ChangedMind,2026-05-24
R00338,O01267,P00786,C00767,Damaged,2026-06-10
R00339,O01275,P00769,C00772,NotAsDescribed,2026-06-03
R00340,O01276,P00864,C00773,NotAsDescribed,2026-06-29
R00341,O01278,P00493,C00774,LateDelivery,2026-07-14
R00342,O01286,P01033,C00780,SizeIssue,2026-06-26
R00343,O01290,P01032,C00784,NotAsDescribed,2026-05-19
R00344,O01293,P00691,C00785,SizeIssue,2026-05-25
R00345,O01295,P00980,C00787,Damaged,2026-06-04
R00346,O01298,P01055,C00789,LateDelivery,2026-05-14
R00347,O01304,P00444,C00792,NotAsDescribed,2026-07-06
R00348,O01305,P00582,C00793,NotAsDescribed,2026-06-16
R00349,O01307,P00919,C00794,Damaged,2026-06-02
R00350,O01309,P00318,C00795,SizeIssue,2026-05-28
R00351,O01314,P00596,C00798,Damaged,2026-05-21
R00352,O01315,P01066,C00799,Damaged,2026-06-06
R00353,O01319,P00312,C00800,LateDelivery,2026-06-25
R00354,O01320,P00753,C00801,NotAsDescribed,2026-07-03
R00355,O01322,P00750,C00802,ChangedMind,2026-05-27
R00356,O01328,P00311,C00805,LateDelivery,2026-06-01
R00357,O01331,P00157,C00807,SizeIssue,2026-06-21
R00358,O01337,P00826,C00810,Damaged,2026-05-29
R00359,O01340,P00408,C00812,SizeIssue,2026-05-22
R00360,O01342,P00929,C00814,LateDelivery,2026-05-16
R00361,O01345,P00236,C00816,NotAsDescribed,2026-06-20
R00362,O01347,P00560,C00818,LateDelivery,2026-06-25
R00363,O01348,P00847,C00818,NotAsDescribed,2026-06-01
R00364,O01354,P00482,C00821,ChangedMind,2026-07-02
R00365,O01356,P00578,C00823,LateDelivery,2026-05-17
R00366,O01359,P00786,C00824,Damaged,2026-05-27
R00367,O01363,P00280,C00827,ChangedMind,2026-06-27
R00368,O01364,P01100,C00828,LateDelivery,2026-05-25
R00369,O01369,P00864,C00831,Damaged,2026-05-15
R00370,O01370,P00090,C00831,Damaged,2026-05-13
R00371,O01371,P00261,C00832,SizeIssue,2026-06-12
R00372,O01374,P00983,C00833,ChangedMind,2026-06-04
R00373,O01375,P00404,C00834,Damaged,2026-06-07
R00374,O01377,P01028,C00835,NotAsDescribed,2026-05-26
R00375,O01381,P00154,C00837,LateDelivery,2026-06-12
R00376,O01382,P00501,C00838,NotAsDescribed,2026-05-11
R00377,O01391,P00727,C00844,NotAsDescribed,2026-06-13
R00378,O01392,P00385,C00844,Damaged,2026-07-04
R00379,O01398,P00655,C00850,NotAsDescribed,2026-07-01
R00380,O01402,P00214,C00853,SizeIssue,2026-05-21
R00381,O01406,P00829,C00856,LateDelivery,2026-06-15
R00382,O01408,P01188,C00857,SizeIssue,2026-06-08
R00383,O01413,P00526,C00860,NotAsDescribed,2026-06-21
R00384,O01421,P01149,C00864,SizeIssue,2026-06-09
R00385,O01424,P00400,C00866,LateDelivery,2026-06-13
R00386,O01429,P01019,C00868,NotAsDescribed,2026-05-15
R00387,O01437,P00668,C00873,ChangedMind,2026-06-15
R00388,O01442,P01049,C00876,Damaged,2026-07-10
R00389,O01450,P00252,C00882,Damaged,2026-06-04
R00390,O01453,P00824,C00884,LateDelivery,2026-06-15
R00391,O01457,P00920,C00885,Damaged,2026-06-08
R00392,O01465,P00307,C00890,NotAsDescribed,2026-06-01
R00393,O01466,P00132,C00891,NotAsDescribed,2026-06-09
R00394,O01470,P00408,C00893,ChangedMind,2026-06-04
R00395,O01471,P00952,C00894,Damaged,2026-05-19
R00396,O01473,P01106,C00896,SizeIssue,2026-06-25
R00397,O01475,P01114,C00898,SizeIssue,2026-07-03
R00398,O01476,P00415,C00899,ChangedMind,2026-06-06
R00399,O01481,P00771,C00902,Damaged,2026-06-05
R00400,O01482,P00227,C00903,Damaged,2026-06-30
R00401,O01487,P00911,C00906,Damaged,2026-07-07
R00402,O01488,P00160,C00906,SizeIssue,2026-06-08
R00403,O01489,P00654,C00906,NotAsDescribed,2026-06-30
R00404,O01490,P00993,C00907,SizeIssue,2026-07-01
R00405,O01496,P00037,C00911,NotAsDescribed,2026-06-04
R00406,O01500,P00653,C00912,ChangedMind,2026-05-08
R00407,O01501,P00417,C00913,SizeIssue,2026-06-29
R00408,O01504,P00261,C00915,Damaged,2026-06-03
R00409,O01513,P00940,C00920,ChangedMind,2026-06-01
R00410,O01515,P00950,C00922,LateDelivery,2026-05-20
R00411,O01517,P01122,C00924,Damaged,2026-05-17
R00412,O01521,P01053,C00925,Damaged,2026-05-21
R00413,O01525,P00131,C00927,ChangedMind,2026-06-04
R00414,O01530,P01003,C00929,ChangedMind,2026-06-01
R00415,O01537,P00660,C00934,ChangedMind,2026-06-19
R00416,O01538,P00055,C00935,SizeIssue,2026-07-02
R00417,O01542,P00198,C00937,ChangedMind,2026-06-04
R00418,O01544,P01069,C00938,NotAsDescribed,2026-05-05
R00419,O01548,P01138,C00940,LateDelivery,2026-07-02
R00420,O01549,P00641,C00940,NotAsDescribed,2026-06-09
R00421,O01553,P00898,C00944,SizeIssue,2026-06-06
R00422,O01562,P00281,C00948,Damaged,2026-05-31
R00423,O01564,P00096,C00949,ChangedMind,2026-06-04
R00424,O01567,P01021,C00951,LateDelivery,2026-06-01
R00425,O01568,P00473,C00952,ChangedMind,2026-07-09
R00426,O01571,P00784,C00953,NotAsDescribed,2026-05-29
R00427,O01577,P01000,C00957,SizeIssue,2026-07-07
R00428,O01581,P00198,C00960,ChangedMind,2026-06-19
R00429,O01583,P00370,C00960,Damaged,2026-06-04
R00430,O01584,P00139,C00961,Damaged,2026-05-10
R00431,O01587,P00258,C00963,LateDelivery,2026-06-28
R00432,O01590,P00922,C00965,NotAsDescribed,2026-06-22
R00433,O01592,P00665,C00967,LateDelivery,2026-06-03
R00434,O01593,P00005,C00967,NotAsDescribed,2026-06-30
R00435,O01599,P00725,C00972,LateDelivery,2026-06-07
R00436,O01600,P01189,C00973,NotAsDescribed,2026-06-07
R00437,O01601,P00130,C00973,ChangedMind,2026-05-26
R00438,O01602,P00636,C00974,LateDelivery,2026-07-03
R00439,O01603,P00672,C00974,SizeIssue,2026-05-23
R00440,O01604,P00192,C00975,NotAsDescribed,2026-07-03
R00441,O01605,P00321,C00975,SizeIssue,2026-05-18
R00442,O01609,P01049,C00978,Damaged,2026-06-21
R00443,O01614,P00172,C00981,Damaged,2026-05-29
R00444,O01616,P00301,C00982,SizeIssue,2026-06-22
R00445,O01620,P01042,C00984,ChangedMind,2026-05-19
R00446,O01623,P01010,C00986,SizeIssue,2026-05-22
R00447,O01626,P00789,C00988,NotAsDescribed,2026-06-10
R00448,O01633,P00923,C00991,LateDelivery,2026-06-24
R00449,O01635,P00826,C00992,SizeIssue,2026-05-20
R00450,O01636,P00888,C00993,ChangedMind,2026-06-26
R00451,O01638,P00710,C00995,NotAsDescribed,2026-06-17
R00452,O01641,P01079,C00998,SizeIssue,2026-06-25
R00453,O01650,P00617,C01002,Damaged,2026-07-06
R00454,O01651,P00367,C01003,ChangedMind,2026-06-11
R00455,O01652,P00481,C01004,SizeIssue,2026-06-11
R00456,O01653,P00508,C01004,LateDelivery,2026-06-04
R00457,O01659,P00370,C01007,NotAsDescribed,2026-05-11
R00458,O01666,P00438,C01010,ChangedMind,2026-06-03
R00459,O01667,P00196,C01010,LateDelivery,2026-06-15
R00460,O01674,P01200,C01014,NotAsDescribed,2026-05-27
R00461,O01677,P00354,C01015,Damaged,2026-06-07
R00462,O01679,P00470,C01016,LateDelivery,2026-05-18
R00463,O01682,P00411,C01018,LateDelivery,2026-06-29
R00464,O01686,P00887,C01019,NotAsDescribed,2026-06-21
R00465,O01687,P00835,C01020,SizeIssue,2026-06-21
R00466,O01689,P00546,C01022,SizeIssue,2026-05-22
R00467,O01712,P00834,C01036,NotAsDescribed,2026-05-23
R00468,O01717,P00317,C01039,ChangedMind,2026-06-18
R00469,O01720,P00343,C01042,ChangedMind,2026-06-30
R00470,O01721,P00282,C01042,SizeIssue,2026-05-29
R00471,O01723,P01084,C01044,ChangedMind,2026-06-24
R00472,O01726,P00103,C01045,Damaged,2026-06-01
R00473,O01727,P01168,C01046,NotAsDescribed,2026-06-28
R00474,O01728,P00806,C01046,NotAsDescribed,2026-06-07
R00475,O01731,P00322,C01048,LateDelivery,2026-05-27
R00476,O01732,P00667,C01048,SizeIssue,2026-05-14
R00477,O01733,P01032,C01048,LateDelivery,2026-05-23
R00478,O01735,P00902,C01050,Damaged,2026-06-19
R00479,O01736,P00811,C01051,NotAsDescribed,2026-05-14
R00480,O01746,P01108,C01057,SizeIssue,2026-06-21
R00481,O01748,P00887,C01058,ChangedMind,2026-05-21
R00482,O01750,P00180,C01059,NotAsDescribed,2026-05-25
R00483,O01760,P00842,C01063,LateDelivery,2026-05-22
R00484,O01763,P00601,C01064,LateDelivery,2026-07-07
R00485,O01764,P00568,C01065,LateDelivery,2026-06-30
R00486,O01770,P00428,C01070,NotAsDescribed,2026-06-28
R00487,O01774,P00786,C01072,SizeIssue,2026-06-13
R00488,O01776,P00244,C01073,ChangedMind,2026-06-19
R00489,O01784,P00830,C01076,LateDelivery,2026-06-09
R00490,O01791,P00976,C01080,NotAsDescribed,2026-06-21
R00491,O01795,P00995,C01082,SizeIssue,2026-07-01
R00492,O01796,P01125,C01082,SizeIssue,2026-05-13
R00493,O01798,P00491,C01083,SizeIssue,2026-06-14
R00494,O01811,P00523,C01091,ChangedMind,2026-06-26
R00495,O01816,P00671,C01093,ChangedMind,2026-05-18
R00496,O01817,P00575,C01094,Damaged,2026-05-28
R00497,O01819,P00209,C01095,ChangedMind,2026-05-25
R00498,O01821,P01112,C01097,ChangedMind,2026-06-01
R00499,O01823,P00516,C01098,SizeIssue,2026-06-14
R00500,O01825,P00541,C01099,LateDelivery,2026-05-21
R00501,O01826,P00022,C01099,LateDelivery,2026-06-23
R00502,O01830,P00630,C01102,LateDelivery,2026-07-01
R00503,O01832,P00065,C01102,LateDelivery,2026-06-12
R00504,O01833,P00809,C01103,SizeIssue,2026-05-21
R00505,O01834,P00019,C01103,LateDelivery,2026-06-03
R00506,O01835,P00269,C01104,LateDelivery,2026-05-19
R00507,O01838,P00967,C01106,ChangedMind,2026-06-09
R00508,O01843,P00817,C01108,Damaged,2026-06-21
R00509,O01847,P00860,C01110,LateDelivery,2026-05-30
R00510,O01854,P00406,C01114,ChangedMind,2026-06-04
R00511,O01858,P00095,C01115,NotAsDescribed,2026-05-20
R00512,O01859,P00200,C01115,LateDelivery,2026-06-02
R00513,O01862,P01138,C01117,Damaged,2026-07-04
R00514,O01863,P00049,C01118,ChangedMind,2026-05-24
R00515,O01869,P00327,C01122,Damaged,2026-07-02
R00516,O01873,P00492,C01125,SizeIssue,2026-06-25
R00517,O01874,P00555,C01125,NotAsDescribed,2026-05-29
R00518,O01876,P01164,C01126,SizeIssue,2026-06-22
R00519,O01877,P00104,C01127,NotAsDescribed,2026-06-15
R00520,O01880,P00128,C01128,ChangedMind,2026-06-24
R00521,O01883,P00685,C01129,SizeIssue,2026-06-28
R00522,O01885,P00542,C01130,SizeIssue,2026-05-14
R00523,O01887,P00275,C01131,LateDelivery,2026-06-19
R00524,O01891,P00309,C01132,Damaged,2026-05-27
R00525,O01892,P00268,C01133,SizeIssue,2026-05-21
R00526,O01896,P01099,C01137,ChangedMind,2026-07-03
R00527,O01908,P00114,C01143,LateDelivery,2026-06-26
R00528,O01919,P00800,C01149,ChangedMind,2026-06-11
R00529,O01925,P00117,C01152,SizeIssue,2026-05-18
R00530,O01926,P00481,C01152,SizeIssue,2026-06-21
R00531,O01938,P00760,C01161,SizeIssue,2026-05-31
R00532,O01943,P00088,C01164,LateDelivery,2026-05-24
R00533,O01946,P00086,C01165,LateDelivery,2026-05-25
R00534,O01951,P00556,C01169,NotAsDescribed,2026-06-30
R00535,O01954,P00991,C01171,NotAsDescribed,2026-05-17
R00536,O01963,P01073,C01178,LateDelivery,2026-05-19
R00537,O01966,P00051,C01179,LateDelivery,2026-07-05
R00538,O01976,P00898,C01185,Damaged,2026-06-05
R00539,O01980,P00692,C01188,LateDelivery,2026-05-13
R00540,O01983,P00352,C01191,ChangedMind,2026-07-11
R00541,O01986,P00288,C01192,LateDelivery,2026-07-01
R00542,O01987,P00969,C01193,NotAsDescribed,2026-06-09
R00543,O01991,P01198,C01196,LateDelivery,2026-05-06
R00544,O01993,P00392,C01197,Damaged,2026-06-25
R00545,O01994,P00164,C01197,Damaged,2026-05-18
R00546,O01996,P00436,C01198,Damaged,2026-06-26
R00547,O01999,P00980,C01199,ChangedMind,2026-07-07
R00548,O01500,P00653,C00912,LateDelivery,2026-05-11
R00549,O00773,P00771,C00463,ChangedMind,2026-06-12
R00550,O01370,P00090,C00831,Damaged,2026-05-23
R00551,O00391,P00159,C00236,LateDelivery,2026-07-01
R00552,O00915,P01106,C00549,SizeIssue,2026-06-17
R00553,O01188,P00531,C00716,LateDelivery,2026-05-29
R00554,O00930,P00971,C00561,ChangedMind,2026-05-19
R00555,O00116,P00260,C00072,Damaged,2026-05-29
R00556,O01153,P00582,C00695,NotAsDescribed,2026-05-21
R00557,O01319,P00312,C00800,SizeIssue,2026-06-29
R00558,O01659,P00538,C01007,Damaged,2026-05-11
R00559,O00413,P00238,C00251,SizeIssue,2026-06-03
R00560,O00449,P00712,C00273,ChangedMind,2026-05-12
R00561,O01082,P01153,C00655,Damaged,2026-07-07
R00562,O00978,P01161,C00591,SizeIssue,2026-06-26
R00563,O00254,P01020,C00152,NotAsDescribed,2026-07-09
R00564,O00347,P00509,C00207,ChangedMind,2026-06-23
R00565,O00661,P00406,C00394,LateDelivery,2026-07-04
R00566,O00077,P00581,C00048,SizeIssue,2026-06-11
R00567,O00468,P01042,C00282,ChangedMind,2026-05-20
R00568,O01601,P00680,C00973,Damaged,2026-06-04
R00569,O01391,P00727,C00844,NotAsDescribed,2026-06-09
R00570,O00063,P00410,C00040,LateDelivery,2026-05-20
R00571,O01548,P00624,C00940,SizeIssue,2026-07-03
R00572,O00515,P00475,C00307,SizeIssue,2026-05-16
R00573,O01954,P00516,C01171,SizeIssue,2026-05-18
R00574,O00249,P00868,C00150,SizeIssue,2026-06-28
R00575,O01262,P00208,C00762,LateDelivery,2026-05-19
R00576,O00100,P00480,C00061,Damaged,2026-06-15
R00577,O00640,P00736,C00379,LateDelivery,2026-05-07
R00578,O00502,P00218,C00300,NotAsDescribed,2026-06-15
R00579,O01116,P00988,C00676,LateDelivery,2026-06-20
R00580,O01830,P00091,C01102,Damaged,2026-07-05
R00581,O01375,P00404,C00834,Damaged,2026-06-07
R00582,O01475,P01114,C00898,NotAsDescribed,2026-07-05
R00583,O01951,P00556,C01169,LateDelivery,2026-06-30
R00584,O01021,P00970,C00620,NotAsDescribed,2026-07-05
R00585,O01817,P00675,C01094,NotAsDescribed,2026-06-04
R00586,O00740,P00839,C00445,ChangedMind,2026-05-26
R00587,O01370,P00490,C00831,ChangedMind,2026-05-18
R00588,O01763,P00601,C01064,SizeIssue,2026-07-08
R00589,O01562,P00359,C00948,ChangedMind,2026-05-29
R00590,O01567,P00087,C00951,Damaged,2026-06-11
R00591,O01369,P00864,C00831,NotAsDescribed,2026-05-21
R00592,O00142,P01013,C00086,SizeIssue,2026-05-24
R00593,O01061,P01167,C00644,ChangedMind,2026-05-13
R00594,O00543,P00314,C00326,Damaged,2026-06-22
R00595,O01513,P00940,C00920,Damaged,2026-06-03
R00596,O01116,P00988,C00676,Damaged,2026-06-23
R00597,O00662,P01075,C00394,LateDelivery,2026-05-29
R00598,O00674,P00754,C00403,SizeIssue,2026-06-06
R00599,O00587,P00491,C00351,LateDelivery,2026-06-08
R00600,O01892,P00268,C01133,Damaged,2026-05-31
R00601,O01674,P01200,C01014,SizeIssue,2026-05-23
R00602,O01567,P01021,C00951,ChangedMind,2026-06-08
R00603,O00877,P00539,C00526,SizeIssue,2026-05-26
R00604,O01946,P00086,C01165,LateDelivery,2026-05-27
R00605,O00384,P00668,C00232,ChangedMind,2026-06-26
R00606,O01601,P00130,C00973,Damaged,2026-05-30
R00607,O00762,P00428,C00456,LateDelivery,2026-05-20
R00608,O01036,P00557,C00629,Damaged,2026-06-29
R00609,O01345,P00236,C00816,NotAsDescribed,2026-06-20
R00610,O01147,P00065,C00693,ChangedMind,2026-06-07
R00611,O01858,P00545,C01115,SizeIssue,2026-05-14
R00612,O00731,P00602,C00439,ChangedMind,2026-07-08
R00613,O01515,P00950,C00922,LateDelivery,2026-05-22
R00614,O01750,P00180,C01059,LateDelivery,2026-05-23
R00615,O01198,P00729,C00722,Damaged,2026-06-09
R00616,O01869,P00015,C01122,LateDelivery,2026-06-28
R00617,O00217,P01090,C00128,SizeIssue,2026-06-06
R00618,O00596,P01107,C00356,ChangedMind,2026-05-15
R00619,O01926,P00481,C01152,SizeIssue,2026-06-15
R00620,O01991,P00821,C01196,Damaged,2026-05-15
R00621,O00376,P00820,C00227,Damaged,2026-06-18
R00622,O01027,P00332,C00624,NotAsDescribed,2026-06-09
R00623,O00922,P00312,C00554,NotAsDescribed,2026-05-25
R00624,O01369,P00605,C00831,LateDelivery,2026-05-26
R00625,O01601,P00130,C00973,LateDelivery,2026-05-26
R00626,O01717,P00317,C01039,ChangedMind,2026-06-14
R00627,O01819,P00419,C01095,SizeIssue,2026-05-22
R00628,O01583,P00370,C00960,Damaged,2026-06-08
R00629,O01590,P00499,C00965,LateDelivery,2026-06-19
R00630,O01954,P00516,C01171,LateDelivery,2026-05-20
R00631,O00202,P00686,C00120,SizeIssue,2026-06-17
R00632,O00657,P00667,C00390,NotAsDescribed,2026-05-29
R00633,O01577,P00244,C00957,Damaged,2026-07-03
R00634,O01873,P00492,C01125,SizeIssue,2026-06-27
R00635,O00083,P00717,C00052,ChangedMind,2026-07-06
R00636,O01476,P00415,C00899,Damaged,2026-06-07
R00637,O01228,P00708,C00742,SizeIssue,2026-05-15
R00638,O01473,P01064,C00896,ChangedMind,2026-07-02
R00639,O01359,P00449,C00824,SizeIssue,2026-05-29
R00640,O01614,P00206,C00981,LateDelivery,2026-05-30
R00641,O01986,P00591,C01192,Damaged,2026-07-03
R00642,O01347,P00560,C00818,LateDelivery,2026-06-14
R00643,O00413,P00763,C00251,ChangedMind,2026-06-07
R00644,O01328,P00311,C00805,Damaged,2026-05-31
R00645,O00514,P01112,C00307,Damaged,2026-06-25
R00646,O01202,P00354,C00725,ChangedMind,2026-06-23
R00647,O01267,P00786,C00767,NotAsDescribed,2026-06-14
R00648,O00685,P00770,C00409,Damaged,2026-07-12
R00649,O00310,P00591,C00184,ChangedMind,2026-05-18
R00650,O00449,P00537,C00273,Damaged,2026-05-13
R00651,O01153,P00057,C00695,NotAsDescribed,2026-05-10
R00652,O00775,P00643,C00465,ChangedMind,2026-07-07
R00653,O00038,P00351,C00024,ChangedMind,2026-05-21
R00654,O00318,P00762,C00189,ChangedMind,2026-06-07
R00655,O00319,P00903,C00190,Damaged,2026-05-28
R00656,O00652,P01099,C00387,LateDelivery,2026-06-01
R00657,O01457,P00920,C00885,NotAsDescribed,2026-06-03
R00658,O00464,P00659,C00280,ChangedMind,2026-06-09
R00659,O00069,P00766,C00044,LateDelivery,2026-05-13
R00660,O01490,P00993,C00907,NotAsDescribed,2026-06-29
R00661,O01245,P01058,C00752,ChangedMind,2026-05-17
R00662,O00678,P01092,C00406,ChangedMind,2026-05-28
R00663,O00053,P00285,C00032,ChangedMind,2026-05-19
R00664,O01471,P00952,C00894,NotAsDescribed,2026-05-12
R00665,O01209,P00647,C00729,ChangedMind,2026-06-14
R00666,O01482,P00665,C00903,Damaged,2026-06-26
R00667,O01500,P00653,C00912,Damaged,2026-05-14
R00668,O01858,P00545,C01115,Damaged,2026-05-17
R00669,O01075,P00242,C00650,LateDelivery,2026-05-28
R00670,O00432,P00710,C00263,SizeIssue,2026-06-17
R00671,O01908,P00114,C01143,NotAsDescribed,2026-06-23
R00672,O00178,P00783,C00106,Damaged,2026-06-15
R00673,O01892,P00268,C01133,SizeIssue,2026-06-02
R00674,O01465,P00090,C00890,NotAsDescribed,2026-05-24
R00675,O00619,P00944,C00368,Damaged,2026-05-10
R00676,O00627,P00848,C00372,LateDelivery,2026-06-05
R00677,O01137,P00668,C00687,ChangedMind,2026-06-11
R00678,O01862,P01138,C01117,Damaged,2026-07-04
R00679,O00209,P00762,C00123,NotAsDescribed,2026-05-21
R00680,O01811,P00523,C01091,NotAsDescribed,2026-06-25
R00681,O01309,P00417,C00795,SizeIssue,2026-05-18
R00682,O01517,P00299,C00924,NotAsDescribed,2026-05-13
R00683,O00449,P00537,C00273,ChangedMind,2026-05-18
R00684,O01633,P00881,C00991,NotAsDescribed,2026-06-15
R00685,O00604,P01125,C00361,Damaged,2026-05-25
R00686,O01082,P01153,C00655,Damaged,2026-07-01
R00687,O00429,P01120,C00260,ChangedMind,2026-06-13
R00688,O00218,P00755,C00129,NotAsDescribed,2026-07-07
R00689,O01096,P00335,C00665,SizeIssue,2026-05-16
R00690,O01481,P00166,C00902,LateDelivery,2026-06-13
R00691,O00947,P00377,C00571,ChangedMind,2026-06-24
R00692,O01187,P00120,C00716,NotAsDescribed,2026-06-22
R00693,O01471,P01147,C00894,NotAsDescribed,2026-05-14
R00694,O01946,P00636,C01165,LateDelivery,2026-05-28
R00695,O00274,P00649,C00164,SizeIssue,2026-06-28
R00696,O01876,P00374,C01126,ChangedMind,2026-06-15
R00697,O00330,P00242,C00198,LateDelivery,2026-06-27
R00698,O01798,P00491,C01083,SizeIssue,2026-06-20
R00699,O00654,P01044,C00388,NotAsDescribed,2026-06-24
R00700,O00784,P00084,C00469,NotAsDescribed,2026-06-22
R00701,O00539,P00279,C00323,NotAsDescribed,2026-07-03
R00702,O01371,P00564,C00832,Damaged,2026-06-10
R00703,O00821,P00632,C00490,ChangedMind,2026-06-13
R00704,O01202,P00354,C00725,Damaged,2026-06-14
R00705,O01938,P01050,C01161,SizeIssue,2026-06-05
R00706,O01835,P00269,C01104,ChangedMind,2026-05-15
R00707,O01382,P00501,C00838,Damaged,2026-05-10
R00708,O01319,P00106,C00800,NotAsDescribed,2026-06-18
R00709,O00627,P00848,C00372,SizeIssue,2026-06-14
R00710,O00911,P00631,C00545,Damaged,2026-06-21
R00711,O00989,P01132,C00598,ChangedMind,2026-05-11
R00712,O01883,P00685,C01129,Damaged,2026-06-26
R00713,O00056,P01058,C00034,Damaged,2026-05-24
R00714,O01470,P00408,C00893,NotAsDescribed,2026-05-28
R00715,O01604,P00192,C00975,Damaged,2026-06-27
R00716,O01147,P00065,C00693,LateDelivery,2026-06-05
R00717,O01869,P00327,C01122,NotAsDescribed,2026-06-30
R00718,O00571,P01079,C00340,ChangedMind,2026-06-19
R00719,O01951,P00297,C01169,Damaged,2026-07-08
R00720,O00307,P00818,C00183,NotAsDescribed,2026-06-08
R00721,O01587,P00112,C00963,NotAsDescribed,2026-06-28
R00722,O00244,P00477,C00147,SizeIssue,2026-06-24
R00723,O01457,P00920,C00885,ChangedMind,2026-06-04
R00724,O00155,P00853,C00093,NotAsDescribed,2026-07-10
R00725,O01375,P00404,C00834,ChangedMind,2026-06-13
R00726,O00844,P00276,C00508,ChangedMind,2026-06-19
R00727,O01309,P00318,C00795,Damaged,2026-05-18
R00728,O01720,P00384,C01042,Damaged,2026-07-09
R00729,O01823,P00516,C01098,NotAsDescribed,2026-06-04
R00730,O01601,P00680,C00973,Damaged,2026-05-31
R00731,O00851,P00082,C00512,ChangedMind,2026-05-20
R00732,O00542,P00718,C00325,SizeIssue,2026-06-11
R00733,O00140,P00308,C00086,NotAsDescribed,2026-05-27
R00734,O01377,P00969,C00835,LateDelivery,2026-05-29
R00735,O01817,P00575,C01094,LateDelivery,2026-05-25
R00736,O01567,P00087,C00951,SizeIssue,2026-06-08
R00737,O01659,P01190,C01007,NotAsDescribed,2026-05-13
R00738,O01986,P00288,C01192,LateDelivery,2026-06-30
R00739,O01482,P00227,C00903,ChangedMind,2026-06-25
R00740,O01568,P00575,C00952,Damaged,2026-07-05
R00741,O01727,P00108,C01046,ChangedMind,2026-06-21
R00742,O01891,P00300,C01132,Damaged,2026-05-17
R00743,O00132,P00232,C00083,NotAsDescribed,2026-06-01
R00744,O00835,P00162,C00501,ChangedMind,2026-07-01
R00745,O01331,P00202,C00807,NotAsDescribed,2026-06-15
R00746,O00025,P00752,C00016,LateDelivery,2026-05-20
R00747,O00370,P01184,C00223,ChangedMind,2026-06-10
R00748,O00871,P01198,C00522,LateDelivery,2026-05-31
R00749,O01108,P00159,C00672,LateDelivery,2026-05-30
R00750,O01121,P00842,C00678,SizeIssue,2026-05-15
R00751,O00803,P00089,C00480,Damaged,2026-05-10
R00752,O00521,P01010,C00311,SizeIssue,2026-07-01
R00753,O00880,P00124,C00528,SizeIssue,2026-05-14
R00754,O01880,P00128,C01128,ChangedMind,2026-06-25
R00755,O01255,P00921,C00758,LateDelivery,2026-05-21
R00756,O01267,P00786,C00767,LateDelivery,2026-06-15
R00757,O00047,P00251,C00028,SizeIssue,2026-05-22
R00758,O00457,P01040,C00277,NotAsDescribed,2026-05-07
R00759,O00132,P00232,C00083,LateDelivery,2026-05-30
R00760,O00389,P01146,C00235,SizeIssue,2026-05-26
R00761,O01946,P00636,C01165,ChangedMind,2026-05-27
R00762,O00187,P01087,C00112,NotAsDescribed,2026-05-09
R00763,O00978,P01161,C00591,NotAsDescribed,2026-07-03
R00764,O00298,P00199,C00179,Damaged,2026-05-17
R00765,O00171,P00594,C00102,ChangedMind,2026-06-16
R00766,O01375,P00404,C00834,ChangedMind,2026-06-12
R00767,O01723,P01084,C01044,ChangedMind,2026-06-16
R00768,O01515,P00270,C00922,LateDelivery,2026-05-18
R00769,O01205,P00281,C00727,LateDelivery,2026-06-18
R00770,O00069,P00766,C00044,Damaged,2026-05-19
R00771,O00754,P00744,C00452,Damaged,2026-06-29
R00772,O00531,P00161,C00318,LateDelivery,2026-06-01
R00773,O01320,P01099,C00801,ChangedMind,2026-07-06
R00774,O00587,P00486,C00351,LateDelivery,2026-06-09
R00775,O01267,P00786,C00767,Damaged,2026-06-06
R00776,O00335,P00765,C00199,SizeIssue,2026-06-16
R00777,O01689,P00546,C01022,LateDelivery,2026-05-17
R00778,O01943,P00088,C01164,Damaged,2026-05-20
R00779,O01636,P00888,C00993,ChangedMind,2026-06-17
R00780,O00132,P00232,C00083,Damaged,2026-05-31
R00781,O00319,P00903,C00190,ChangedMind,2026-05-26
R00782,O01276,P00628,C00773,Damaged,2026-06-25
R00783,O00578,P01043,C00345,LateDelivery,2026-05-05
R00784,O01946,P00407,C01165,SizeIssue,2026-05-25
R00785,O01364,P01100,C00828,Damaged,2026-05-14
R00786,O01089,P00872,C00659,LateDelivery,2026-07-04
R00787,O01490,P00993,C00907,Damaged,2026-07-02
R00788,O00067,P00321,C00043,LateDelivery,2026-06-16
R00789,O01885,P00542,C01130,LateDelivery,2026-05-23
R00790,O01413,P00526,C00860,ChangedMind,2026-06-20
R00791,O00380,P00252,C00229,ChangedMind,2026-06-12
R00792,O01590,P00499,C00965,LateDelivery,2026-06-25
R00793,O01764,P00568,C01065,LateDelivery,2026-06-28
R00794,O00273,P00235,C00164,SizeIssue,2026-06-22
R00795,O01398,P00306,C00850,LateDelivery,2026-06-23
R00796,O01733,P01032,C01048,LateDelivery,2026-05-19
R00797,O01584,P00139,C00961,LateDelivery,2026-05-10
R00798,O00176,P00610,C00106,NotAsDescribed,2026-05-09
R00799,O01689,P00546,C01022,SizeIssue,2026-05-25
R00800,O00012,P01014,C00008,SizeIssue,2026-06-11
R00801,O00943,P00849,C00569,Damaged,2026-06-18
R00802,O01987,P00288,C01193,LateDelivery,2026-06-09
R00803,O00133,P00358,C00083,SizeIssue,2026-06-16
R00804,O01179,P00785,C00712,LateDelivery,2026-06-29
R00805,O01521,P00655,C00925,Damaged,2026-05-22
R00806,O00946,P00686,C00571,NotAsDescribed,2026-06-16
R00807,O00845,P01152,C00509,SizeIssue,2026-06-25
R00808,O00387,P00430,C00234,LateDelivery,2026-07-13
R00809,O00943,P00849,C00569,NotAsDescribed,2026-06-07
R00810,O00703,P00424,C00421,ChangedMind,2026-06-02
R00811,O00286,P00927,C00171,Damaged,2026-06-18
R00812,O01636,P00888,C00993,ChangedMind,2026-06-25
R00813,O01069,P00023,C00647,SizeIssue,2026-06-16
R00814,O01731,P00322,C01048,LateDelivery,2026-06-04
R00815,O01885,P00542,C01130,NotAsDescribed,2026-05-23
R00816,O01538,P00855,C00935,ChangedMind,2026-07-10
R00817,O00101,P00179,C00062,ChangedMind,2026-06-06
R00818,O01731,P01184,C01048,NotAsDescribed,2026-06-02
R00819,O00460,P01151,C00278,Damaged,2026-06-08
R00820,O00606,P00209,C00363,LateDelivery,2026-06-03
R00821,O01342,P00371,C00814,NotAsDescribed,2026-05-16
R00822,O01847,P00152,C01110,SizeIssue,2026-05-28
R00823,O01179,P00785,C00712,Damaged,2026-07-02
R00824,O01371,P00564,C00832,NotAsDescribed,2026-06-07
R00825,O00678,P00924,C00406,SizeIssue,2026-06-05
R00826,O00025,P00752,C00016,LateDelivery,2026-05-20
R00827,O00531,P01081,C00318,LateDelivery,2026-05-30
R00828,O00535,P00145,C00320,ChangedMind,2026-06-19
R00829,O00242,P00784,C00145,NotAsDescribed,2026-06-05
R00830,O00133,P00358,C00083,LateDelivery,2026-06-10
R00831,O00972,P00067,C00587,NotAsDescribed,2026-06-17
R00832,O01826,P00022,C01099,ChangedMind,2026-06-22
R00833,O01413,P00526,C00860,LateDelivery,2026-06-20
R00834,O00298,P00199,C00179,LateDelivery,2026-05-18
R00835,O00021,P01138,C00013,Damaged,2026-06-30
R00836,O00191,P00717,C00115,LateDelivery,2026-05-15
R00837,O00440,P00650,C00267,NotAsDescribed,2026-06-30
R00838,O00628,P00095,C00372,LateDelivery,2026-05-13
R00839,O01883,P00685,C01129,ChangedMind,2026-06-21
R00840,O00306,P01161,C00183,NotAsDescribed,2026-06-03
R00841,O01364,P01100,C00828,ChangedMind,2026-05-23
R00842,O01171,P01069,C00707,ChangedMind,2026-06-24
R00843,O01614,P00172,C00981,Damaged,2026-05-29
R00844,O01307,P00919,C00794,SizeIssue,2026-05-27
R00845,O01116,P00988,C00676,LateDelivery,2026-06-20
R00846,O00754,P00744,C00452,Damaged,2026-06-30
R00847,O00596,P00803,C00356,SizeIssue,2026-05-16
R00848,O00306,P01161,C00183,LateDelivery,2026-06-02
R00849,O00140,P00308,C00086,ChangedMind,2026-05-25
R00850,O00254,P01020,C00152,LateDelivery,2026-07-10
R00851,O00727,P00816,C00436,NotAsDescribed,2026-05-11
R00852,O01408,P00505,C00857,Damaged,2026-06-05
R00853,O00530,P00116,C00318,Damaged,2026-06-20
R00854,O00142,P01013,C00086,SizeIssue,2026-05-30
R00855,O01760,P00842,C01063,ChangedMind,2026-05-18
R00856,O01241,P00240,C00750,NotAsDescribed,2026-06-11
R00857,O00911,P00631,C00545,ChangedMind,2026-06-29
R00858,O00063,P00410,C00040,LateDelivery,2026-05-19
R00859,O00592,P00361,C00354,NotAsDescribed,2026-06-01
R00860,O00032,P00936,C00020,Damaged,2026-05-27
R00861,O01089,P00872,C00659,SizeIssue,2026-07-03
R00862,O01549,P00641,C00940,NotAsDescribed,2026-06-16
R00863,O00808,P00223,C00483,SizeIssue,2026-05-27
R00864,O00100,P00226,C00061,SizeIssue,2026-06-04
R00865,O00034,P01107,C00020,SizeIssue,2026-05-28
R00866,O01623,P01027,C00986,LateDelivery,2026-05-23
R00867,O00516,P00431,C00308,ChangedMind,2026-06-23
R00868,O01609,P00881,C00978,NotAsDescribed,2026-06-18
R00869,O01847,P00860,C01110,Damaged,2026-06-04
R00870,O00949,P00918,C00572,LateDelivery,2026-05-18
R00871,O00530,P00116,C00318,ChangedMind,2026-06-22
R00872,O00329,P00987,C00197,ChangedMind,2026-06-09
R00873,O01652,P01069,C01004,ChangedMind,2026-06-13
R00874,O00229,P00697,C00137,SizeIssue,2026-05-30
R00875,O01202,P00354,C00725,NotAsDescribed,2026-06-25
R00876,O01136,P00527,C00687,Damaged,2026-06-08
R00877,O01328,P00311,C00805,LateDelivery,2026-06-03
R00878,O00577,P00070,C00344,LateDelivery,2026-05-13
R00879,O00685,P00462,C00409,Damaged,2026-07-06
R00880,O00989,P00886,C00598,ChangedMind,2026-05-04
R00881,O01002,P00950,C00609,ChangedMind,2026-06-23
R00882,O00327,P00279,C00196,SizeIssue,2026-06-24
R00883,O01314,P01137,C00798,LateDelivery,2026-05-19
R00884,O01504,P00261,C00915,NotAsDescribed,2026-06-10
R00885,O01322,P00575,C00802,LateDelivery,2026-06-06
R00886,O01408,P01188,C00857,LateDelivery,2026-06-10
R00887,O00596,P01107,C00356,ChangedMind,2026-05-15
R00888,O01204,P00116,C00726,LateDelivery,2026-06-21
R00889,O00553,P00752,C00331,Damaged,2026-06-21
R00890,O01340,P00408,C00812,LateDelivery,2026-05-23
R00891,O01437,P01170,C00873,LateDelivery,2026-06-09
R00892,O00945,P01068,C00570,SizeIssue,2026-06-30
R00893,O00254,P01020,C00152,Damaged,2026-07-04
R00894,O01058,P00676,C00642,NotAsDescribed,2026-05-15
R00895,O00389,P01146,C00235,ChangedMind,2026-05-22
R00896,O01058,P00676,C00642,Damaged,2026-05-20
R00897,O00155,P00853,C00093,Damaged,2026-07-07
R00898,O01171,P01069,C00707,ChangedMind,2026-06-23
R00899,O00821,P00529,C00490,LateDelivery,2026-06-25
R00900,O00399,P00358,C00241,LateDelivery,2026-06-02
R00901,O00989,P01132,C00598,ChangedMind,2026-05-12
R00902,O01811,P00439,C01091,LateDelivery,2026-06-18
R00903,O01750,P00180,C01059,LateDelivery,2026-05-19
R00904,O01145,P00167,C00692,SizeIssue,2026-05-31
R00905,O00316,P00971,C00188,Damaged,2026-05-10
R00906,O00703,P00408,C00421,Damaged,2026-06-01
R00907,O01482,P00017,C00903,ChangedMind,2026-07-06
R00908,O00482,P00728,C00290,SizeIssue,2026-06-19
R00909,O00039,P01045,C00024,Damaged,2026-05-21
R00910,O01892,P00268,C01133,SizeIssue,2026-05-29
R00911,O00464,P00659,C00280,ChangedMind,2026-06-07
R00912,O01679,P00470,C01016,LateDelivery,2026-05-13
R00913,O01515,P00270,C00922,ChangedMind,2026-05-12
R00914,O00930,P00971,C00561,ChangedMind,2026-05-24
R00915,O01504,P00261,C00915,SizeIssue,2026-06-09
R00916,O01245,P01058,C00752,ChangedMind,2026-05-24
R00917,O00751,P00608,C00451,ChangedMind,2026-06-12
R00918,O00870,P00832,C00521,ChangedMind,2026-05-12
R00919,O01221,P01073,C00737,LateDelivery,2026-07-05
R00920,O01043,P00873,C00632,ChangedMind,2026-05-18
R00921,O01198,P00729,C00722,LateDelivery,2026-06-09
R00922,O00973,P00515,C00588,ChangedMind,2026-06-16
R00923,O01421,P01149,C00864,LateDelivery,2026-06-11
R00924,O01453,P00256,C00884,ChangedMind,2026-06-18
R00925,O00083,P00717,C00052,SizeIssue,2026-07-08
R00926,O01182,P00016,C00713,SizeIssue,2026-05-16
R00927,O01504,P00261,C00915,NotAsDescribed,2026-06-01
R00928,O00333,P00920,C00199,NotAsDescribed,2026-06-09
R00929,O01885,P00542,C01130,NotAsDescribed,2026-05-17
R00930,O00306,P01161,C00183,NotAsDescribed,2026-05-31
R00931,O00835,P00162,C00501,NotAsDescribed,2026-07-03
R00932,O00803,P00089,C00480,ChangedMind,2026-05-15
R00933,O00404,P00150,C00245,NotAsDescribed,2026-06-30
R00934,O01364,P01100,C00828,ChangedMind,2026-05-20
R00935,O00142,P00706,C00086,NotAsDescribed,2026-05-25
R00936,O01364,P01100,C00828,ChangedMind,2026-05-24
R00937,O00891,P01046,C00534,NotAsDescribed,2026-05-22
R00938,O00254,P01020,C00152,LateDelivery,2026-07-05
R00939,O01075,P00242,C00650,LateDelivery,2026-05-20
R00940,O01874,P00555,C01125,Damaged,2026-05-28
R00941,O01234,P00799,C00746,NotAsDescribed,2026-05-21
R00942,O01043,P00873,C00632,NotAsDescribed,2026-05-20
R00943,O01322,P00750,C00802,LateDelivery,2026-06-02
R00944,O00078,P00583,C00049,ChangedMind,2026-06-22
R00945,O00813,P00300,C00486,SizeIssue,2026-05-08
R00946,O01356,P00578,C00823,LateDelivery,2026-05-21
R00947,O01234,P00197,C00746,Damaged,2026-05-23
R00948,O01489,P00654,C00906,ChangedMind,2026-07-01
R00949,O00782,P01082,C00467,NotAsDescribed,2026-05-15
R00950,O01215,P01142,C00734,NotAsDescribed,2026-07-08
R00951,O01869,P00160,C01122,Damaged,2026-07-04
R00952,O00387,P00430,C00234,NotAsDescribed,2026-07-06
R00953,O01687,P00835,C01020,SizeIssue,2026-06-20
R00954,O00776,P00211,C00465,Damaged,2026-06-18
R00955,O00382,P01196,C00230,ChangedMind,2026-05-20
R00956,O00468,P01042,C00282,SizeIssue,2026-05-21
R00957,O00678,P00440,C00406,LateDelivery,2026-05-26
R00958,O01307,P00919,C00794,ChangedMind,2026-05-31
R00959,O01682,P00769,C01018,ChangedMind,2026-06-27
R00960,O00319,P00903,C00190,NotAsDescribed,2026-06-04
R00961,O01490,P00549,C00907,NotAsDescribed,2026-06-29
R00962,O01286,P01033,C00780,ChangedMind,2026-06-26
R00963,O01234,P00706,C00746,LateDelivery,2026-05-19
R00964,O01553,P00898,C00944,SizeIssue,2026-06-14
R00965,O01577,P00761,C00957,ChangedMind,2026-07-05
R00966,O01293,P00691,C00785,ChangedMind,2026-06-02
R00967,O00754,P00744,C00452,ChangedMind,2026-07-03
R00968,O00910,P01065,C00544,ChangedMind,2026-06-10
R00969,O00973,P00762,C00588,LateDelivery,2026-06-25
R00970,O00065,P00929,C00042,LateDelivery,2026-06-02
R00971,O00662,P01075,C00394,Damaged,2026-05-25
R00972,O01593,P00298,C00967,NotAsDescribed,2026-07-01
R00973,O01382,P00501,C00838,LateDelivery,2026-05-15
R00974,O00521,P01010,C00311,NotAsDescribed,2026-07-01
R00975,O00606,P00209,C00363,SizeIssue,2026-06-09
R00976,O00530,P00116,C00318,SizeIssue,2026-06-26
R00977,O00249,P00868,C00150,LateDelivery,2026-07-03
R00978,O00703,P00408,C00421,ChangedMind,2026-06-07
R00979,O01198,P00729,C00722,LateDelivery,2026-06-09
R00980,O00346,P00161,C00207,Damaged,2026-06-06
R00981,O01255,P00921,C00758,LateDelivery,2026-05-24
R00982,O01082,P01153,C00655,NotAsDescribed,2026-06-30
R00983,O01727,P01168,C01046,LateDelivery,2026-06-22
R00984,O00098,P01049,C00060,SizeIssue,2026-06-30
R00985,O00087,P00001,C00056,ChangedMind,2026-05-17
R00986,O00286,P00753,C00171,NotAsDescribed,2026-06-20
R00987,O00449,P00994,C00273,LateDelivery,2026-05-11
R00988,O00949,P00918,C00572,Damaged,2026-05-14
R00989,O01760,P00842,C01063,NotAsDescribed,2026-05-20
R00990,O00521,P01010,C00311,SizeIssue,2026-07-07
R00991,O01092,P00832,C00662,NotAsDescribed,2026-05-26
R00992,O00514,P00245,C00307,ChangedMind,2026-06-26
R00993,O01421,P01149,C00864,LateDelivery,2026-06-04
R00994,O01577,P00244,C00957,SizeIssue,2026-07-03
R00995,O01614,P00172,C00981,ChangedMind,2026-06-06
R00996,O01677,P00354,C01015,LateDelivery,2026-06-07
R00997,O00457,P01040,C00277,ChangedMind,2026-05-07
R00998,O00596,P00803,C00356,SizeIssue,2026-05-15
R00999,O01987,P00969,C01193,SizeIssue,2026-06-01
R01000,O00335,P00725,C00199,ChangedMind,2026-06-22
