shipment_id,order_id,shipment_status,delivered_at
SH00001,O00001,InTransit,
SH00002,O00002,Delivered,2026-06-07T10:00:00+09:00
SH00003,O00003,InTransit,
SH00004,O00004,Delayed,2026-06-05T09:00:00+09:00
SH00005,O00005,InTransit,
SH00006,O00006,Delayed,2026-06-10T11:00:00+09:00
SH00007,O00007,Delivered,2026-07-03T11:00:00+09:00
SH00008,O00008,Delayed,2026-06-07T11:00:00+09:00
SH00009,O00009,Delayed,2026-07-01T04:00:00+09:00
SH00010,O00010,InTransit,
SH00011,O00011,Delivered,2026-06-23T04:00:00+09:00
SH00012,O00012,Delayed,2026-06-08T12:00:00+09:00
SH00013,O00013,InTransit,
SH00014,O00014,InTransit,
SH00015,O00015,Delivered,2026-05-23T10:00:00+09:00
SH00016,O00016,InTransit,
SH00017,O00017,Delivered,2026-06-17T03:00:00+09:00
SH00018,O00018,InTransit,
SH00019,O00019,Delivered,2026-05-12T03:00:00+09:00
SH00020,O00020,Delivered,2026-06-07T07:00:00+09:00
SH00021,O00021,Delayed,2026-06-21T11:00:00+09:00
SH00022,O00022,InTransit,
SH00023,O00023,Delivered,2026-06-12T05:00:00+09:00
SH00024,O00024,Delayed,2026-05-08T11:00:00+09:00
SH00025,O00025,Delayed,2026-05-11T10:00:00+09:00
SH00026,O00026,InTransit,
SH00027,O00027,Delivered,2026-06-10T02:00:00+09:00
SH00028,O00028,InTransit,
SH00029,O00029,InTransit,
SH00030,O00030,InTransit,
SH00031,O00031,InTransit,
SH00032,O00032,Delayed,2026-05-27T00:00:00+09:00
SH00033,O00033,Delivered,2026-05-19T02:00:00+09:00
SH00034,O00034,Delayed,2026-05-14T04:00:00+09:00
SH00035,O00035,Delivered,2026-06-23T04:00:00+09:00
SH00036,O00036,InTransit,
SH00037,O00037,Delivered,2026-06-25T00:00:00+09:00
SH00038,O00038,Delayed,2026-05-14T05:00:00+09:00
SH00039,O00039,Delivered,2026-05-13T02:00:00+09:00
SH00040,O00040,InTransit,
SH00041,O00041,Delayed,2026-05-30T00:00:00+09:00
SH00042,O00042,Delivered,2026-06-24T12:00:00+09:00
SH00043,O00043,InTransit,
SH00044,O00044,Delayed,2026-05-29T02:00:00+09:00
SH00045,O00045,Delivered,2026-05-22T01:00:00+09:00
SH00046,O00046,Delayed,2026-06-09T08:00:00+09:00
SH00047,O00047,Delayed,2026-05-19T06:00:00+09:00
SH00048,O00048,InTransit,
SH00049,O00049,InTransit,
SH00050,O00050,InTransit,
SH00051,O00051,Delivered,2026-06-20T07:00:00+09:00
SH00052,O00052,InTransit,
SH00053,O00053,Delivered,2026-05-11T03:00:00+09:00
SH00054,O00054,InTransit,
SH00055,O00055,Delivered,2026-05-15T09:00:00+09:00
SH00056,O00056,Delivered,2026-05-26T06:00:00+09:00
SH00057,O00057,InTransit,
SH00058,O00058,Delivered,2026-05-07T09:00:00+09:00
SH00059,O00059,Delivered,2026-05-12T00:00:00+09:00
SH00060,O00060,InTransit,
SH00061,O00061,Delivered,2026-05-26T01:00:00+09:00
SH00062,O00062,InTransit,
SH00063,O00063,Delayed,2026-05-13T03:00:00+09:00
SH00064,O00064,Delivered,2026-06-22T12:00:00+09:00
SH00065,O00065,InTransit,
SH00066,O00066,InTransit,
SH00067,O00067,Delivered,2026-06-12T07:00:00+09:00
SH00068,O00068,Delivered,2026-05-22T08:00:00+09:00
SH00069,O00069,Delivered,2026-05-08T12:00:00+09:00
SH00070,O00070,Delivered,2026-06-20T05:00:00+09:00
SH00071,O00071,Delayed,2026-06-23T00:00:00+09:00
SH00072,O00072,Delivered,2026-05-14T03:00:00+09:00
SH00073,O00073,Delayed,2026-07-01T10:00:00+09:00
SH00074,O00074,Delivered,2026-05-25T03:00:00+09:00
SH00075,O00075,Delivered,2026-05-11T10:00:00+09:00
SH00076,O00076,InTransit,
SH00077,O00077,Delayed,2026-06-07T08:00:00+09:00
SH00078,O00078,Delayed,2026-06-19T01:00:00+09:00
SH00079,O00079,InTransit,
SH00080,O00080,Delivered,2026-05-24T11:00:00+09:00
SH00081,O00081,Delayed,2026-06-19T01:00:00+09:00
SH00082,O00082,Delayed,2026-06-13T03:00:00+09:00
SH00083,O00083,Delayed,2026-07-02T11:00:00+09:00
SH00084,O00084,Delayed,2026-05-10T04:00:00+09:00
SH00085,O00085,Delayed,2026-06-22T05:00:00+09:00
SH00086,O00086,InTransit,
SH00087,O00087,Delivered,2026-05-07T11:00:00+09:00
SH00088,O00088,Delivered,2026-06-07T12:00:00+09:00
SH00089,O00089,Delayed,2026-06-06T03:00:00+09:00
SH00090,O00090,Delayed,2026-06-05T10:00:00+09:00
SH00091,O00091,Delivered,2026-06-05T07:00:00+09:00
SH00092,O00092,Delivered,2026-05-27T08:00:00+09:00
SH00093,O00093,Delayed,2026-06-04T04:00:00+09:00
SH00094,O00094,Delayed,2026-05-22T11:00:00+09:00
SH00095,O00095,Delivered,2026-05-21T10:00:00+09:00
SH00096,O00096,Delayed,2026-05-18T03:00:00+09:00
SH00097,O00097,Delivered,2026-05-23T08:00:00+09:00
SH00098,O00098,InTransit,
SH00099,O00099,Delivered,2026-05-22T06:00:00+09:00
SH00100,O00100,Delayed,2026-06-01T07:00:00+09:00
SH00101,O00101,Delayed,2026-06-06T09:00:00+09:00
SH00102,O00102,Delayed,2026-07-01T02:00:00+09:00
SH00103,O00103,InTransit,
SH00104,O00104,Delayed,2026-05-18T01:00:00+09:00
SH00105,O00105,InTransit,
SH00106,O00106,InTransit,
SH00107,O00107,Delayed,2026-06-05T01:00:00+09:00
SH00108,O00108,InTransit,
SH00109,O00109,Delivered,2026-05-08T02:00:00+09:00
SH00110,O00110,InTransit,
SH00111,O00111,Delivered,2026-06-19T11:00:00+09:00
SH00112,O00112,Delivered,2026-06-04T12:00:00+09:00
SH00113,O00113,Delivered,2026-06-16T06:00:00+09:00
SH00114,O00114,Delivered,2026-05-18T11:00:00+09:00
SH00115,O00115,Delayed,2026-05-07T07:00:00+09:00
SH00116,O00116,InTransit,
SH00117,O00117,InTransit,
SH00118,O00118,Delivered,2026-05-20T07:00:00+09:00
SH00119,O00119,InTransit,
SH00120,O00120,Delivered,2026-06-19T02:00:00+09:00
SH00121,O00121,Delayed,2026-06-19T11:00:00+09:00
SH00122,O00122,Delivered,2026-06-04T08:00:00+09:00
SH00123,O00123,Delivered,2026-06-27T11:00:00+09:00
SH00124,O00124,Delivered,2026-06-03T12:00:00+09:00
SH00125,O00125,InTransit,
SH00126,O00126,Delivered,2026-06-17T03:00:00+09:00
SH00127,O00127,Delayed,2026-05-25T02:00:00+09:00
SH00128,O00128,InTransit,
SH00129,O00129,Delayed,2026-06-11T06:00:00+09:00
SH00130,O00130,Delayed,2026-05-09T07:00:00+09:00
SH00131,O00131,Delivered,2026-05-26T01:00:00+09:00
SH00132,O00132,Delayed,2026-05-22T06:00:00+09:00
SH00133,O00133,Delayed,2026-06-09T02:00:00+09:00
SH00134,O00134,Delayed,2026-06-01T02:00:00+09:00
SH00135,O00135,InTransit,
SH00136,O00136,Delayed,2026-05-15T08:00:00+09:00
SH00137,O00137,Delivered,2026-06-28T01:00:00+09:00
SH00138,O00138,Delayed,2026-06-30T03:00:00+09:00
SH00139,O00139,Delivered,2026-07-01T08:00:00+09:00
SH00140,O00140,Delayed,2026-05-23T02:00:00+09:00
SH00141,O00141,InTransit,
SH00142,O00142,Delivered,2026-05-24T07:00:00+09:00
SH00143,O00143,Delayed,2026-05-09T00:00:00+09:00
SH00144,O00144,Delayed,2026-06-24T02:00:00+09:00
SH00145,O00145,InTransit,
SH00146,O00146,Delivered,2026-06-17T10:00:00+09:00
SH00147,O00147,InTransit,
SH00148,O00148,Delayed,2026-05-05T12:00:00+09:00
SH00149,O00149,Delayed,2026-05-06T01:00:00+09:00
SH00150,O00150,Delivered,2026-06-21T10:00:00+09:00
SH00151,O00151,InTransit,
SH00152,O00152,Delivered,2026-05-22T12:00:00+09:00
SH00153,O00153,Delivered,2026-05-03T11:00:00+09:00
SH00154,O00154,Delivered,2026-06-17T05:00:00+09:00
SH00155,O00155,Delayed,2026-07-04T01:00:00+09:00
SH00156,O00156,Delayed,2026-06-13T00:00:00+09:00
SH00157,O00157,InTransit,
SH00158,O00158,Delivered,2026-06-05T10:00:00+09:00
SH00159,O00159,Delayed,2026-06-01T08:00:00+09:00
SH00160,O00160,Delivered,2026-06-05T01:00:00+09:00
SH00161,O00161,InTransit,
SH00162,O00162,Delivered,2026-05-21T05:00:00+09:00
SH00163,O00163,Delayed,2026-05-30T11:00:00+09:00
SH00164,O00164,Delivered,2026-06-14T04:00:00+09:00
SH00165,O00165,Delayed,2026-05-16T10:00:00+09:00
SH00166,O00166,Delivered,2026-05-02T08:00:00+09:00
SH00167,O00167,InTransit,
SH00168,O00168,Delivered,2026-06-05T06:00:00+09:00
SH00169,O00169,Delivered,2026-06-16T09:00:00+09:00
SH00170,O00170,Delayed,2026-05-26T05:00:00+09:00
SH00171,O00171,Delivered,2026-06-08T10:00:00+09:00
SH00172,O00172,InTransit,
SH00173,O00173,InTransit,
SH00174,O00174,Delivered,2026-05-13T01:00:00+09:00
SH00175,O00175,InTransit,
SH00176,O00176,Delayed,2026-05-07T12:00:00+09:00
SH00177,O00177,InTransit,
SH00178,O00178,Delayed,2026-06-09T03:00:00+09:00
SH00179,O00179,InTransit,
SH00180,O00180,Delayed,2026-06-17T02:00:00+09:00
SH00181,O00181,Delayed,2026-06-14T02:00:00+09:00
SH00182,O00182,InTransit,
SH00183,O00183,Delivered,2026-06-17T03:00:00+09:00
SH00184,O00184,Delayed,2026-05-26T02:00:00+09:00
SH00185,O00185,Delivered,2026-05-21T07:00:00+09:00
SH00186,O00186,Delayed,2026-06-15T12:00:00+09:00
SH00187,O00187,Delayed,2026-05-08T08:00:00+09:00
SH00188,O00188,Delayed,2026-07-01T10:00:00+09:00
SH00189,O00189,Delivered,2026-06-19T03:00:00+09:00
SH00190,O00190,Delivered,2026-05-06T12:00:00+09:00
SH00191,O00191,Delayed,2026-05-07T07:00:00+09:00
SH00192,O00192,Delivered,2026-05-14T01:00:00+09:00
SH00193,O00193,Delivered,2026-06-29T03:00:00+09:00
SH00194,O00194,Delivered,2026-06-16T05:00:00+09:00
SH00195,O00195,Delivered,2026-05-24T04:00:00+09:00
SH00196,O00196,Delivered,2026-05-27T10:00:00+09:00
SH00197,O00197,Delayed,2026-05-17T08:00:00+09:00
SH00198,O00198,Delayed,2026-05-27T05:00:00+09:00
SH00199,O00199,Delivered,2026-06-29T06:00:00+09:00
SH00200,O00200,InTransit,
SH00201,O00201,Delivered,2026-05-25T07:00:00+09:00
SH00202,O00202,InTransit,
SH00203,O00203,Delivered,2026-06-06T10:00:00+09:00
SH00204,O00204,InTransit,
SH00205,O00205,Delivered,2026-06-27T00:00:00+09:00
SH00206,O00206,InTransit,
SH00207,O00207,InTransit,
SH00208,O00208,Delivered,2026-05-27T10:00:00+09:00
SH00209,O00209,Delivered,2026-05-07T02:00:00+09:00
SH00210,O00210,InTransit,
SH00211,O00211,InTransit,
SH00212,O00212,Delayed,2026-06-17T07:00:00+09:00
SH00213,O00213,Delivered,2026-05-12T03:00:00+09:00
SH00214,O00214,InTransit,
SH00215,O00215,Delayed,2026-05-08T11:00:00+09:00
SH00216,O00216,Delivered,2026-06-24T03:00:00+09:00
SH00217,O00217,Delivered,2026-05-31T05:00:00+09:00
SH00218,O00218,Delivered,2026-07-03T09:00:00+09:00
SH00219,O00219,Delivered,2026-06-28T06:00:00+09:00
SH00220,O00220,Delivered,2026-05-12T01:00:00+09:00
SH00221,O00221,InTransit,
SH00222,O00222,Delivered,2026-05-09T09:00:00+09:00
SH00223,O00223,InTransit,
SH00224,O00224,InTransit,
SH00225,O00225,InTransit,
SH00226,O00226,Delayed,2026-05-23T07:00:00+09:00
SH00227,O00227,Delivered,2026-06-10T07:00:00+09:00
SH00228,O00228,InTransit,
SH00229,O00229,Delivered,2026-05-22T00:00:00+09:00
SH00230,O00230,InTransit,
SH00231,O00231,Delivered,2026-07-01T04:00:00+09:00
SH00232,O00232,InTransit,
SH00233,O00233,Delivered,2026-06-21T04:00:00+09:00
SH00234,O00234,Delivered,2026-06-21T08:00:00+09:00
SH00235,O00235,Delivered,2026-05-25T00:00:00+09:00
SH00236,O00236,Delayed,2026-06-22T08:00:00+09:00
SH00237,O00237,Delivered,2026-05-17T02:00:00+09:00
SH00238,O00238,Delivered,2026-06-24T01:00:00+09:00
SH00239,O00239,InTransit,
SH00240,O00240,InTransit,
SH00241,O00241,Delayed,2026-06-08T03:00:00+09:00
SH00242,O00242,InTransit,
SH00243,O00243,InTransit,
SH00244,O00244,InTransit,
SH00245,O00245,InTransit,
SH00246,O00246,Delayed,2026-05-23T04:00:00+09:00
SH00247,O00247,Delivered,2026-06-11T08:00:00+09:00
SH00248,O00248,Delayed,2026-05-06T04:00:00+09:00
SH00249,O00249,InTransit,
SH00250,O00250,Delivered,2026-05-28T11:00:00+09:00
SH00251,O00251,Delivered,2026-05-17T01:00:00+09:00
SH00252,O00252,Delivered,2026-06-24T12:00:00+09:00
SH00253,O00253,InTransit,
SH00254,O00254,Delivered,2026-07-01T04:00:00+09:00
SH00255,O00255,Delivered,2026-05-30T07:00:00+09:00
SH00256,O00256,Delivered,2026-05-07T10:00:00+09:00
SH00257,O00257,Delivered,2026-06-23T03:00:00+09:00
SH00258,O00258,Delivered,2026-05-26T12:00:00+09:00
SH00259,O00259,Delivered,2026-05-20T12:00:00+09:00
SH00260,O00260,InTransit,
SH00261,O00261,InTransit,
SH00262,O00262,Delayed,2026-06-23T04:00:00+09:00
SH00263,O00263,Delivered,2026-05-18T05:00:00+09:00
SH00264,O00264,Delivered,2026-07-02T07:00:00+09:00
SH00265,O00265,InTransit,
SH00266,O00266,InTransit,
SH00267,O00267,Delayed,2026-06-28T10:00:00+09:00
SH00268,O00268,InTransit,
SH00269,O00269,Delayed,2026-05-21T06:00:00+09:00
SH00270,O00270,Delivered,2026-05-25T07:00:00+09:00
SH00271,O00271,Delivered,2026-05-20T03:00:00+09:00
SH00272,O00272,Delivered,2026-06-19T11:00:00+09:00
SH00273,O00273,Delayed,2026-06-09T02:00:00+09:00
SH00274,O00274,Delayed,2026-07-01T03:00:00+09:00
SH00275,O00275,Delayed,2026-05-26T03:00:00+09:00
SH00276,O00276,Delayed,2026-06-15T10:00:00+09:00
SH00277,O00277,Delivered,2026-06-03T07:00:00+09:00
SH00278,O00278,Delivered,2026-05-30T11:00:00+09:00
SH00279,O00279,InTransit,
SH00280,O00280,Delayed,2026-06-18T11:00:00+09:00
SH00281,O00281,InTransit,
SH00282,O00282,InTransit,
SH00283,O00283,Delivered,2026-05-05T04:00:00+09:00
SH00284,O00284,Delayed,2026-06-27T08:00:00+09:00
SH00285,O00285,Delivered,2026-05-24T00:00:00+09:00
SH00286,O00286,InTransit,
SH00287,O00287,Delivered,2026-05-20T01:00:00+09:00
SH00288,O00288,Delayed,2026-05-19T00:00:00+09:00
SH00289,O00289,Delivered,2026-05-06T09:00:00+09:00
SH00290,O00290,Delayed,2026-06-03T12:00:00+09:00
SH00291,O00291,Delayed,2026-05-12T05:00:00+09:00
SH00292,O00292,Delivered,2026-06-17T04:00:00+09:00
SH00293,O00293,Delayed,2026-06-20T09:00:00+09:00
SH00294,O00294,Delayed,2026-06-22T03:00:00+09:00
SH00295,O00295,Delivered,2026-06-14T00:00:00+09:00
SH00296,O00296,InTransit,
SH00297,O00297,Delivered,2026-06-21T05:00:00+09:00
SH00298,O00298,Delayed,2026-05-08T00:00:00+09:00
SH00299,O00299,InTransit,
SH00300,O00300,Delivered,2026-06-24T10:00:00+09:00
SH00301,O00301,InTransit,
SH00302,O00302,Delivered,2026-05-13T06:00:00+09:00
SH00303,O00303,InTransit,
SH00304,O00304,Delayed,2026-06-20T09:00:00+09:00
SH00305,O00305,Delivered,2026-05-15T11:00:00+09:00
SH00306,O00306,Delayed,2026-06-03T02:00:00+09:00
SH00307,O00307,Delayed,2026-05-29T08:00:00+09:00
SH00308,O00308,Delivered,2026-05-09T09:00:00+09:00
SH00309,O00309,InTransit,
SH00310,O00310,Delayed,2026-05-09T07:00:00+09:00
SH00311,O00311,Delayed,2026-06-15T11:00:00+09:00
SH00312,O00312,InTransit,
SH00313,O00313,Delivered,2026-06-10T06:00:00+09:00
SH00314,O00314,Delayed,2026-06-12T07:00:00+09:00
SH00315,O00315,Delayed,2026-05-05T03:00:00+09:00
SH00316,O00316,Delayed,2026-05-09T06:00:00+09:00
SH00317,O00317,Delivered,2026-05-31T12:00:00+09:00
SH00318,O00318,Delayed,2026-05-31T07:00:00+09:00
SH00319,O00319,InTransit,
SH00320,O00320,Delivered,2026-06-02T09:00:00+09:00
SH00321,O00321,Delivered,2026-06-30T10:00:00+09:00
SH00322,O00322,Delayed,2026-06-02T03:00:00+09:00
SH00323,O00323,Delayed,2026-05-16T03:00:00+09:00
SH00324,O00324,Delivered,2026-06-12T10:00:00+09:00
SH00325,O00325,InTransit,
SH00326,O00326,InTransit,
SH00327,O00327,Delivered,2026-06-15T02:00:00+09:00
SH00328,O00328,Delivered,2026-06-24T07:00:00+09:00
SH00329,O00329,Delivered,2026-06-12T05:00:00+09:00
SH00330,O00330,Delayed,2026-06-18T01:00:00+09:00
SH00331,O00331,Delivered,2026-06-26T10:00:00+09:00
SH00332,O00332,Delivered,2026-06-02T04:00:00+09:00
SH00333,O00333,Delayed,2026-06-07T04:00:00+09:00
SH00334,O00334,Delayed,2026-05-24T04:00:00+09:00
SH00335,O00335,Delayed,2026-06-10T05:00:00+09:00
SH00336,O00336,InTransit,
SH00337,O00337,Delivered,2026-06-19T10:00:00+09:00
SH00338,O00338,Delivered,2026-06-16T07:00:00+09:00
SH00339,O00339,InTransit,
SH00340,O00340,Delayed,2026-06-03T09:00:00+09:00
SH00341,O00341,Delayed,2026-06-26T09:00:00+09:00
SH00342,O00342,Delivered,2026-06-07T12:00:00+09:00
SH00343,O00343,Delayed,2026-05-17T01:00:00+09:00
SH00344,O00344,InTransit,
SH00345,O00345,InTransit,
SH00346,O00346,Delayed,2026-06-05T02:00:00+09:00
SH00347,O00347,Delivered,2026-06-17T09:00:00+09:00
SH00348,O00348,InTransit,
SH00349,O00349,InTransit,
SH00350,O00350,Delivered,2026-06-28T10:00:00+09:00
SH00351,O00351,Delivered,2026-05-04T12:00:00+09:00
SH00352,O00352,Delayed,2026-05-14T11:00:00+09:00
SH00353,O00353,Delivered,2026-06-10T04:00:00+09:00
SH00354,O00354,Delivered,2026-05-16T10:00:00+09:00
SH00355,O00355,Delivered,2026-06-13T07:00:00+09:00
SH00356,O00356,InTransit,
SH00357,O00357,InTransit,
SH00358,O00358,Delayed,2026-06-12T00:00:00+09:00
SH00359,O00359,Delivered,2026-05-27T11:00:00+09:00
SH00360,O00360,Delivered,2026-06-16T09:00:00+09:00
SH00361,O00361,Delivered,2026-06-30T06:00:00+09:00
SH00362,O00362,InTransit,
SH00363,O00363,Delivered,2026-06-11T09:00:00+09:00
SH00364,O00364,InTransit,
SH00365,O00365,Delayed,2026-05-18T06:00:00+09:00
SH00366,O00366,Delivered,2026-06-15T04:00:00+09:00
SH00367,O00367,InTransit,
SH00368,O00368,Delayed,2026-06-24T07:00:00+09:00
SH00369,O00369,Delivered,2026-05-23T02:00:00+09:00
SH00370,O00370,Delivered,2026-06-09T09:00:00+09:00
SH00371,O00371,Delivered,2026-06-25T03:00:00+09:00
SH00372,O00372,Delayed,2026-05-14T00:00:00+09:00
SH00373,O00373,Delivered,2026-06-21T01:00:00+09:00
SH00374,O00374,Delayed,2026-05-30T00:00:00+09:00
SH00375,O00375,Delivered,2026-05-23T12:00:00+09:00
SH00376,O00376,Delayed,2026-06-14T08:00:00+09:00
SH00377,O00377,Delivered,2026-05-30T12:00:00+09:00
SH00378,O00378,Delayed,2026-06-17T07:00:00+09:00
SH00379,O00379,Delayed,2026-06-06T09:00:00+09:00
SH00380,O00380,Delayed,2026-05-30T12:00:00+09:00
SH00381,O00381,Delayed,2026-06-25T09:00:00+09:00
SH00382,O00382,Delayed,2026-05-17T04:00:00+09:00
SH00383,O00383,InTransit,
SH00384,O00384,Delivered,2026-06-23T06:00:00+09:00
SH00385,O00385,InTransit,
SH00386,O00386,Delivered,2026-05-20T08:00:00+09:00
SH00387,O00387,Delivered,2026-07-05T01:00:00+09:00
SH00388,O00388,Delivered,2026-06-10T12:00:00+09:00
SH00389,O00389,InTransit,
SH00390,O00390,Delivered,2026-06-24T05:00:00+09:00
SH00391,O00391,Delivered,2026-06-26T00:00:00+09:00
SH00392,O00392,Delivered,2026-06-07T10:00:00+09:00
SH00393,O00393,Delivered,2026-05-31T02:00:00+09:00
SH00394,O00394,Delayed,2026-06-12T08:00:00+09:00
SH00395,O00395,Delayed,2026-06-12T02:00:00+09:00
SH00396,O00396,Delivered,2026-05-31T02:00:00+09:00
SH00397,O00397,Delivered,2026-06-16T06:00:00+09:00
SH00398,O00398,InTransit,
SH00399,O00399,InTransit,
SH00400,O00400,Delayed,2026-07-02T01:00:00+09:00
SH00401,O00401,InTransit,
SH00402,O00402,Delayed,2026-05-31T01:00:00+09:00
SH00403,O00403,Delivered,2026-05-27T09:00:00+09:00
SH00404,O00404,InTransit,
SH00405,O00405,Delayed,2026-05-15T04:00:00+09:00
SH00406,O00406,Delivered,2026-07-04T05:00:00+09:00
SH00407,O00407,Delivered,2026-07-02T07:00:00+09:00
SH00408,O00408,InTransit,
SH00409,O00409,Delayed,2026-06-30T07:00:00+09:00
SH00410,O00410,Delayed,2026-05-22T12:00:00+09:00
SH00411,O00411,Delivered,2026-07-02T08:00:00+09:00
SH00412,O00412,InTransit,
SH00413,O00413,Delivered,2026-06-02T07:00:00+09:00
SH00414,O00414,Delayed,2026-06-14T10:00:00+09:00
SH00415,O00415,InTransit,
SH00416,O00416,InTransit,
SH00417,O00417,Delivered,2026-06-11T12:00:00+09:00
SH00418,O00418,InTransit,
SH00419,O00419,InTransit,
SH00420,O00420,Delivered,2026-06-15T01:00:00+09:00
SH00421,O00421,InTransit,
SH00422,O00422,InTransit,
SH00423,O00423,Delivered,2026-05-31T01:00:00+09:00
SH00424,O00424,InTransit,
SH00425,O00425,Delayed,2026-05-25T05:00:00+09:00
SH00426,O00426,Delayed,2026-05-22T08:00:00+09:00
SH00427,O00427,Delivered,2026-06-17T07:00:00+09:00
SH00428,O00428,Delayed,2026-06-30T09:00:00+09:00
SH00429,O00429,InTransit,
SH00430,O00430,Delivered,2026-06-26T01:00:00+09:00
SH00431,O00431,InTransit,
SH00432,O00432,InTransit,
SH00433,O00433,Delayed,2026-07-02T02:00:00+09:00
SH00434,O00434,Delivered,2026-05-22T08:00:00+09:00
SH00435,O00435,Delivered,2026-06-26T11:00:00+09:00
SH00436,O00436,InTransit,
SH00437,O00437,Delayed,2026-05-23T05:00:00+09:00
SH00438,O00438,Delayed,2026-06-17T12:00:00+09:00
SH00439,O00439,InTransit,
SH00440,O00440,Delayed,2026-06-25T12:00:00+09:00
SH00441,O00441,Delayed,2026-07-01T11:00:00+09:00
SH00442,O00442,InTransit,
SH00443,O00443,Delayed,2026-06-01T10:00:00+09:00
SH00444,O00444,Delayed,2026-05-20T11:00:00+09:00
SH00445,O00445,Delivered,2026-06-23T07:00:00+09:00
SH00446,O00446,Delivered,2026-06-19T09:00:00+09:00
SH00447,O00447,Delivered,2026-05-27T07:00:00+09:00
SH00448,O00448,Delivered,2026-06-09T07:00:00+09:00
SH00449,O00449,InTransit,
SH00450,O00450,Delayed,2026-05-26T00:00:00+09:00
SH00451,O00451,InTransit,
SH00452,O00452,Delivered,2026-06-10T03:00:00+09:00
SH00453,O00453,InTransit,
SH00454,O00454,InTransit,
SH00455,O00455,Delivered,2026-05-12T10:00:00+09:00
SH00456,O00456,InTransit,
SH00457,O00457,Delivered,2026-05-03T07:00:00+09:00
SH00458,O00458,Delivered,2026-05-14T10:00:00+09:00
SH00459,O00459,Delivered,2026-05-04T10:00:00+09:00
SH00460,O00460,Delayed,2026-06-01T06:00:00+09:00
SH00461,O00461,Delivered,2026-06-15T03:00:00+09:00
SH00462,O00462,InTransit,
SH00463,O00463,InTransit,
SH00464,O00464,InTransit,
SH00465,O00465,Delayed,2026-06-25T08:00:00+09:00
SH00466,O00466,InTransit,
SH00467,O00467,Delayed,2026-05-12T00:00:00+09:00
SH00468,O00468,InTransit,
SH00469,O00469,Delivered,2026-06-02T02:00:00+09:00
SH00470,O00470,Delayed,2026-05-17T02:00:00+09:00
SH00471,O00471,InTransit,
SH00472,O00472,InTransit,
SH00473,O00473,InTransit,
SH00474,O00474,Delivered,2026-06-29T08:00:00+09:00
SH00475,O00475,InTransit,
SH00476,O00476,Delivered,2026-05-14T11:00:00+09:00
SH00477,O00477,Delivered,2026-05-06T10:00:00+09:00
SH00478,O00478,Delivered,2026-05-23T01:00:00+09:00
SH00479,O00479,Delayed,2026-06-03T06:00:00+09:00
SH00480,O00480,Delivered,2026-06-27T07:00:00+09:00
SH00481,O00481,Delayed,2026-07-01T02:00:00+09:00
SH00482,O00482,Delivered,2026-06-10T05:00:00+09:00
SH00483,O00483,InTransit,
SH00484,O00484,Delivered,2026-06-22T09:00:00+09:00
SH00485,O00485,Delayed,2026-06-05T03:00:00+09:00
SH00486,O00486,InTransit,
SH00487,O00487,Delivered,2026-06-06T07:00:00+09:00
SH00488,O00488,InTransit,
SH00489,O00489,Delivered,2026-05-30T11:00:00+09:00
SH00490,O00490,Delayed,2026-06-18T10:00:00+09:00
SH00491,O00491,Delivered,2026-05-16T04:00:00+09:00
SH00492,O00492,InTransit,
SH00493,O00493,Delayed,2026-05-24T08:00:00+09:00
SH00494,O00494,Delayed,2026-06-28T09:00:00+09:00
SH00495,O00495,InTransit,
SH00496,O00496,Delivered,2026-05-13T07:00:00+09:00
SH00497,O00497,Delivered,2026-05-18T01:00:00+09:00
SH00498,O00498,Delivered,2026-05-31T01:00:00+09:00
SH00499,O00499,InTransit,
SH00500,O00500,Delivered,2026-05-29T05:00:00+09:00
SH00501,O00501,Delayed,2026-07-01T12:00:00+09:00
SH00502,O00502,InTransit,
SH00503,O00503,InTransit,
SH00504,O00504,Delayed,2026-06-15T01:00:00+09:00
SH00505,O00505,InTransit,
SH00506,O00506,InTransit,
SH00507,O00507,Delivered,2026-05-13T00:00:00+09:00
SH00508,O00508,InTransit,
SH00509,O00509,Delivered,2026-05-30T07:00:00+09:00
SH00510,O00510,Delivered,2026-06-27T07:00:00+09:00
SH00511,O00511,Delivered,2026-05-28T05:00:00+09:00
SH00512,O00512,Delivered,2026-06-21T05:00:00+09:00
SH00513,O00513,Delayed,2026-06-12T10:00:00+09:00
SH00514,O00514,Delayed,2026-06-22T05:00:00+09:00
SH00515,O00515,Delivered,2026-05-09T11:00:00+09:00
SH00516,O00516,Delivered,2026-06-15T09:00:00+09:00
SH00517,O00517,Delivered,2026-05-29T08:00:00+09:00
SH00518,O00518,Delivered,2026-05-10T05:00:00+09:00
SH00519,O00519,Delayed,2026-05-30T04:00:00+09:00
SH00520,O00520,Delivered,2026-05-17T03:00:00+09:00
SH00521,O00521,InTransit,
SH00522,O00522,InTransit,
SH00523,O00523,InTransit,
SH00524,O00524,Delivered,2026-05-05T12:00:00+09:00
SH00525,O00525,Delayed,2026-06-09T08:00:00+09:00
SH00526,O00526,Delivered,2026-06-13T01:00:00+09:00
SH00527,O00527,Delayed,2026-06-20T00:00:00+09:00
SH00528,O00528,InTransit,
SH00529,O00529,Delayed,2026-05-24T08:00:00+09:00
SH00530,O00530,Delivered,2026-06-13T09:00:00+09:00
SH00531,O00531,Delayed,2026-05-28T02:00:00+09:00
SH00532,O00532,Delayed,2026-06-16T10:00:00+09:00
SH00533,O00533,InTransit,
SH00534,O00534,Delivered,2026-06-24T10:00:00+09:00
SH00535,O00535,InTransit,
SH00536,O00536,Delayed,2026-05-10T11:00:00+09:00
SH00537,O00537,Delivered,2026-05-18T07:00:00+09:00
SH00538,O00538,Delayed,2026-06-02T01:00:00+09:00
SH00539,O00539,Delayed,2026-06-30T01:00:00+09:00
SH00540,O00540,Delayed,2026-06-06T07:00:00+09:00
SH00541,O00541,Delayed,2026-05-07T01:00:00+09:00
SH00542,O00542,Delayed,2026-06-01T09:00:00+09:00
SH00543,O00543,Delayed,2026-06-10T06:00:00+09:00
SH00544,O00544,InTransit,
SH00545,O00545,Delayed,2026-06-15T07:00:00+09:00
SH00546,O00546,InTransit,
SH00547,O00547,Delivered,2026-06-15T09:00:00+09:00
SH00548,O00548,Delivered,2026-05-25T02:00:00+09:00
SH00549,O00549,InTransit,
SH00550,O00550,Delivered,2026-06-30T06:00:00+09:00
SH00551,O00551,Delayed,2026-06-16T11:00:00+09:00
SH00552,O00552,Delivered,2026-05-08T09:00:00+09:00
SH00553,O00553,Delayed,2026-06-24T07:00:00+09:00
SH00554,O00554,Delivered,2026-06-13T05:00:00+09:00
SH00555,O00555,InTransit,
SH00556,O00556,InTransit,
SH00557,O00557,Delayed,2026-07-02T00:00:00+09:00
SH00558,O00558,Delayed,2026-06-14T11:00:00+09:00
SH00559,O00559,Delivered,2026-06-14T05:00:00+09:00
SH00560,O00560,Delivered,2026-05-28T08:00:00+09:00
SH00561,O00561,InTransit,
SH00562,O00562,Delivered,2026-06-30T00:00:00+09:00
SH00563,O00563,Delivered,2026-06-03T02:00:00+09:00
SH00564,O00564,Delivered,2026-07-01T12:00:00+09:00
SH00565,O00565,Delayed,2026-05-19T08:00:00+09:00
SH00566,O00566,InTransit,
SH00567,O00567,InTransit,
SH00568,O00568,InTransit,
SH00569,O00569,Delayed,2026-05-11T11:00:00+09:00
SH00570,O00570,InTransit,
SH00571,O00571,InTransit,
SH00572,O00572,Delivered,2026-05-23T12:00:00+09:00
SH00573,O00573,InTransit,
SH00574,O00574,InTransit,
SH00575,O00575,Delayed,2026-05-31T06:00:00+09:00
SH00576,O00576,Delayed,2026-06-04T02:00:00+09:00
SH00577,O00577,Delayed,2026-05-12T00:00:00+09:00
SH00578,O00578,Delayed,2026-05-03T12:00:00+09:00
SH00579,O00579,Delivered,2026-07-01T00:00:00+09:00
SH00580,O00580,Delayed,2026-06-20T05:00:00+09:00
SH00581,O00581,Delayed,2026-05-29T04:00:00+09:00
SH00582,O00582,Delivered,2026-06-08T00:00:00+09:00
SH00583,O00583,InTransit,
SH00584,O00584,Delivered,2026-05-05T03:00:00+09:00
SH00585,O00585,InTransit,
SH00586,O00586,InTransit,
SH00587,O00587,Delayed,2026-06-02T12:00:00+09:00
SH00588,O00588,Delayed,2026-06-16T01:00:00+09:00
SH00589,O00589,InTransit,
SH00590,O00590,Delayed,2026-05-24T09:00:00+09:00
SH00591,O00591,Delayed,2026-06-24T07:00:00+09:00
SH00592,O00592,Delivered,2026-05-26T09:00:00+09:00
SH00593,O00593,InTransit,
SH00594,O00594,Delayed,2026-05-29T11:00:00+09:00
SH00595,O00595,InTransit,
SH00596,O00596,Delivered,2026-05-14T02:00:00+09:00
SH00597,O00597,Delivered,2026-06-26T08:00:00+09:00
SH00598,O00598,Delayed,2026-06-13T09:00:00+09:00
SH00599,O00599,InTransit,
SH00600,O00600,Delivered,2026-05-16T07:00:00+09:00
SH00601,O00601,InTransit,
SH00602,O00602,Delivered,2026-06-15T02:00:00+09:00
SH00603,O00603,Delayed,2026-06-30T04:00:00+09:00
SH00604,O00604,Delayed,2026-05-24T05:00:00+09:00
SH00605,O00605,InTransit,
SH00606,O00606,Delayed,2026-06-02T12:00:00+09:00
SH00607,O00607,Delivered,2026-06-28T03:00:00+09:00
SH00608,O00608,Delivered,2026-05-15T03:00:00+09:00
SH00609,O00609,Delayed,2026-06-16T01:00:00+09:00
SH00610,O00610,InTransit,
SH00611,O00611,InTransit,
SH00612,O00612,Delayed,2026-05-28T08:00:00+09:00
SH00613,O00613,Delayed,2026-06-23T01:00:00+09:00
SH00614,O00614,Delayed,2026-06-03T02:00:00+09:00
SH00615,O00615,Delayed,2026-06-17T04:00:00+09:00
SH00616,O00616,Delayed,2026-05-14T09:00:00+09:00
SH00617,O00617,InTransit,
SH00618,O00618,Delayed,2026-05-06T03:00:00+09:00
SH00619,O00619,Delayed,2026-05-11T07:00:00+09:00
SH00620,O00620,InTransit,
SH00621,O00621,Delayed,2026-05-27T11:00:00+09:00
SH00622,O00622,Delayed,2026-05-20T05:00:00+09:00
SH00623,O00623,Delivered,2026-06-30T05:00:00+09:00
SH00624,O00624,InTransit,
SH00625,O00625,Delivered,2026-05-16T03:00:00+09:00
SH00626,O00626,InTransit,
SH00627,O00627,Delivered,2026-06-01T03:00:00+09:00
SH00628,O00628,Delayed,2026-05-14T00:00:00+09:00
SH00629,O00629,Delivered,2026-05-20T09:00:00+09:00
SH00630,O00630,Delivered,2026-07-02T11:00:00+09:00
SH00631,O00631,Delivered,2026-05-20T07:00:00+09:00
SH00632,O00632,Delayed,2026-06-02T01:00:00+09:00
SH00633,O00633,Delayed,2026-05-10T10:00:00+09:00
SH00634,O00634,Delivered,2026-06-30T07:00:00+09:00
SH00635,O00635,Delivered,2026-05-11T12:00:00+09:00
SH00636,O00636,Delivered,2026-05-31T04:00:00+09:00
SH00637,O00637,Delayed,2026-05-06T09:00:00+09:00
SH00638,O00638,Delivered,2026-06-11T03:00:00+09:00
SH00639,O00639,Delivered,2026-05-22T07:00:00+09:00
SH00640,O00640,Delivered,2026-05-06T12:00:00+09:00
SH00641,O00641,Delivered,2026-06-01T08:00:00+09:00
SH00642,O00642,InTransit,
SH00643,O00643,InTransit,
SH00644,O00644,Delivered,2026-07-02T06:00:00+09:00
SH00645,O00645,Delayed,2026-05-21T01:00:00+09:00
SH00646,O00646,Delivered,2026-05-09T10:00:00+09:00
SH00647,O00647,Delayed,2026-06-03T04:00:00+09:00
SH00648,O00648,Delivered,2026-06-07T09:00:00+09:00
SH00649,O00649,InTransit,
SH00650,O00650,Delivered,2026-05-31T02:00:00+09:00
SH00651,O00651,Delivered,2026-06-22T00:00:00+09:00
SH00652,O00652,Delayed,2026-05-28T00:00:00+09:00
SH00653,O00653,Delayed,2026-06-06T00:00:00+09:00
SH00654,O00654,Delayed,2026-06-15T03:00:00+09:00
SH00655,O00655,InTransit,
SH00656,O00656,InTransit,
SH00657,O00657,InTransit,
SH00658,O00658,Delivered,2026-05-03T09:00:00+09:00
SH00659,O00659,Delayed,2026-06-03T03:00:00+09:00
SH00660,O00660,Delayed,2026-05-25T03:00:00+09:00
SH00661,O00661,Delayed,2026-07-01T07:00:00+09:00
SH00662,O00662,Delayed,2026-05-21T01:00:00+09:00
SH00663,O00663,InTransit,
SH00664,O00664,Delivered,2026-06-01T03:00:00+09:00
SH00665,O00665,Delivered,2026-06-12T05:00:00+09:00
SH00666,O00666,Delivered,2026-06-13T03:00:00+09:00
SH00667,O00667,Delayed,2026-06-17T08:00:00+09:00
SH00668,O00668,Delivered,2026-06-05T00:00:00+09:00
SH00669,O00669,Delivered,2026-07-03T05:00:00+09:00
SH00670,O00670,InTransit,
SH00671,O00671,Delivered,2026-06-10T11:00:00+09:00
SH00672,O00672,InTransit,
SH00673,O00673,Delivered,2026-05-27T03:00:00+09:00
SH00674,O00674,InTransit,
SH00675,O00675,Delivered,2026-06-04T01:00:00+09:00
SH00676,O00676,Delivered,2026-05-23T12:00:00+09:00
SH00677,O00677,Delayed,2026-05-14T10:00:00+09:00
SH00678,O00678,Delayed,2026-05-26T09:00:00+09:00
SH00679,O00679,Delayed,2026-06-02T01:00:00+09:00
SH00680,O00680,Delayed,2026-07-03T05:00:00+09:00
SH00681,O00681,Delayed,2026-05-10T02:00:00+09:00
SH00682,O00682,InTransit,
SH00683,O00683,Delivered,2026-06-16T08:00:00+09:00
SH00684,O00684,InTransit,
SH00685,O00685,Delivered,2026-07-01T03:00:00+09:00
SH00686,O00686,Delayed,2026-05-08T05:00:00+09:00
SH00687,O00687,Delayed,2026-05-07T04:00:00+09:00
SH00688,O00688,InTransit,
SH00689,O00689,Delivered,2026-06-17T00:00:00+09:00
SH00690,O00690,InTransit,
SH00691,O00691,Delivered,2026-05-15T00:00:00+09:00
SH00692,O00692,InTransit,
SH00693,O00693,Delayed,2026-05-12T05:00:00+09:00
SH00694,O00694,Delivered,2026-05-24T11:00:00+09:00
SH00695,O00695,Delayed,2026-05-14T12:00:00+09:00
SH00696,O00696,Delivered,2026-06-13T02:00:00+09:00
SH00697,O00697,InTransit,
SH00698,O00698,InTransit,
SH00699,O00699,Delivered,2026-06-21T11:00:00+09:00
SH00700,O00700,Delivered,2026-06-10T11:00:00+09:00
SH00701,O00701,Delivered,2026-05-16T11:00:00+09:00
SH00702,O00702,Delivered,2026-05-12T04:00:00+09:00
SH00703,O00703,InTransit,
SH00704,O00704,Delivered,2026-05-19T12:00:00+09:00
SH00705,O00705,Delayed,2026-05-26T05:00:00+09:00
SH00706,O00706,Delivered,2026-06-24T06:00:00+09:00
SH00707,O00707,Delayed,2026-05-13T08:00:00+09:00
SH00708,O00708,Delayed,2026-05-04T05:00:00+09:00
SH00709,O00709,Delivered,2026-05-04T03:00:00+09:00
SH00710,O00710,Delivered,2026-05-06T02:00:00+09:00
SH00711,O00711,Delivered,2026-06-11T03:00:00+09:00
SH00712,O00712,Delayed,2026-06-15T12:00:00+09:00
SH00713,O00713,InTransit,
SH00714,O00714,Delayed,2026-05-06T11:00:00+09:00
SH00715,O00715,Delayed,2026-05-06T00:00:00+09:00
SH00716,O00716,InTransit,
SH00717,O00717,Delivered,2026-06-22T05:00:00+09:00
SH00718,O00718,Delivered,2026-06-06T05:00:00+09:00
SH00719,O00719,InTransit,
SH00720,O00720,InTransit,
SH00721,O00721,InTransit,
SH00722,O00722,InTransit,
SH00723,O00723,InTransit,
SH00724,O00724,Delivered,2026-07-04T08:00:00+09:00
SH00725,O00725,InTransit,
SH00726,O00726,InTransit,
SH00727,O00727,Delayed,2026-05-10T11:00:00+09:00
SH00728,O00728,Delayed,2026-05-20T02:00:00+09:00
SH00729,O00729,InTransit,
SH00730,O00730,InTransit,
SH00731,O00731,Delivered,2026-06-29T01:00:00+09:00
SH00732,O00732,InTransit,
SH00733,O00733,Delayed,2026-05-13T06:00:00+09:00
SH00734,O00734,Delivered,2026-06-22T08:00:00+09:00
SH00735,O00735,Delayed,2026-07-01T02:00:00+09:00
SH00736,O00736,Delayed,2026-06-09T05:00:00+09:00
SH00737,O00737,Delivered,2026-07-01T04:00:00+09:00
SH00738,O00738,Delivered,2026-05-16T01:00:00+09:00
SH00739,O00739,InTransit,
SH00740,O00740,Delivered,2026-05-25T04:00:00+09:00
SH00741,O00741,Delivered,2026-06-22T08:00:00+09:00
SH00742,O00742,InTransit,
SH00743,O00743,Delayed,2026-05-31T07:00:00+09:00
SH00744,O00744,InTransit,
SH00745,O00745,Delivered,2026-05-04T06:00:00+09:00
SH00746,O00746,Delivered,2026-06-28T02:00:00+09:00
SH00747,O00747,InTransit,
SH00748,O00748,InTransit,
SH00749,O00749,Delayed,2026-07-01T01:00:00+09:00
SH00750,O00750,Delivered,2026-06-23T06:00:00+09:00
SH00751,O00751,Delayed,2026-06-02T10:00:00+09:00
SH00752,O00752,InTransit,
SH00753,O00753,InTransit,
SH00754,O00754,Delayed,2026-07-02T08:00:00+09:00
SH00755,O00755,InTransit,
SH00756,O00756,Delayed,2026-07-02T12:00:00+09:00
SH00757,O00757,InTransit,
SH00758,O00758,InTransit,
SH00759,O00759,Delivered,2026-05-22T09:00:00+09:00
SH00760,O00760,Delivered,2026-05-07T06:00:00+09:00
SH00761,O00761,InTransit,
SH00762,O00762,Delayed,2026-05-08T00:00:00+09:00
SH00763,O00763,Delayed,2026-06-26T03:00:00+09:00
SH00764,O00764,Delivered,2026-05-21T06:00:00+09:00
SH00765,O00765,Delivered,2026-06-24T08:00:00+09:00
SH00766,O00766,Delayed,2026-06-18T11:00:00+09:00
SH00767,O00767,InTransit,
SH00768,O00768,Delivered,2026-06-30T05:00:00+09:00
SH00769,O00769,Delivered,2026-05-19T06:00:00+09:00
SH00770,O00770,Delivered,2026-06-17T12:00:00+09:00
SH00771,O00771,Delivered,2026-06-10T00:00:00+09:00
SH00772,O00772,Delivered,2026-05-31T02:00:00+09:00
SH00773,O00773,Delayed,2026-06-04T02:00:00+09:00
SH00774,O00774,Delayed,2026-05-26T05:00:00+09:00
SH00775,O00775,Delayed,2026-06-30T03:00:00+09:00
SH00776,O00776,Delayed,2026-06-09T03:00:00+09:00
SH00777,O00777,Delayed,2026-05-17T11:00:00+09:00
SH00778,O00778,Delivered,2026-05-24T11:00:00+09:00
SH00779,O00779,InTransit,
SH00780,O00780,InTransit,
SH00781,O00781,Delivered,2026-05-08T06:00:00+09:00
SH00782,O00782,Delivered,2026-05-11T02:00:00+09:00
SH00783,O00783,Delayed,2026-06-14T07:00:00+09:00
SH00784,O00784,Delivered,2026-06-18T06:00:00+09:00
SH00785,O00785,Delivered,2026-05-11T04:00:00+09:00
SH00786,O00786,Delivered,2026-06-13T05:00:00+09:00
SH00787,O00787,InTransit,
SH00788,O00788,InTransit,
SH00789,O00789,Delayed,2026-06-27T00:00:00+09:00
SH00790,O00790,Delayed,2026-05-29T12:00:00+09:00
SH00791,O00791,Delivered,2026-06-20T02:00:00+09:00
SH00792,O00792,InTransit,
SH00793,O00793,Delivered,2026-05-11T01:00:00+09:00
SH00794,O00794,Delivered,2026-05-27T09:00:00+09:00
SH00795,O00795,InTransit,
SH00796,O00796,InTransit,
SH00797,O00797,Delayed,2026-05-03T09:00:00+09:00
SH00798,O00798,Delivered,2026-05-29T09:00:00+09:00
SH00799,O00799,Delivered,2026-07-01T09:00:00+09:00
SH00800,O00800,Delivered,2026-06-01T00:00:00+09:00
SH00801,O00801,Delayed,2026-06-27T11:00:00+09:00
SH00802,O00802,Delayed,2026-06-15T01:00:00+09:00
SH00803,O00803,Delivered,2026-05-06T04:00:00+09:00
SH00804,O00804,InTransit,
SH00805,O00805,Delayed,2026-05-16T10:00:00+09:00
SH00806,O00806,Delivered,2026-06-24T05:00:00+09:00
SH00807,O00807,Delayed,2026-06-09T12:00:00+09:00
SH00808,O00808,InTransit,
SH00809,O00809,InTransit,
SH00810,O00810,InTransit,
SH00811,O00811,Delayed,2026-06-12T01:00:00+09:00
SH00812,O00812,Delayed,2026-05-18T08:00:00+09:00
SH00813,O00813,Delayed,2026-05-08T02:00:00+09:00
SH00814,O00814,InTransit,
SH00815,O00815,Delayed,2026-05-10T11:00:00+09:00
SH00816,O00816,Delivered,2026-06-20T01:00:00+09:00
SH00817,O00817,Delayed,2026-06-30T08:00:00+09:00
SH00818,O00818,InTransit,
SH00819,O00819,Delivered,2026-07-01T05:00:00+09:00
SH00820,O00820,InTransit,
SH00821,O00821,Delayed,2026-06-16T12:00:00+09:00
SH00822,O00822,Delayed,2026-05-09T00:00:00+09:00
SH00823,O00823,Delayed,2026-06-03T06:00:00+09:00
SH00824,O00824,Delivered,2026-06-17T04:00:00+09:00
SH00825,O00825,InTransit,
SH00826,O00826,Delivered,2026-07-04T00:00:00+09:00
SH00827,O00827,Delayed,2026-06-29T08:00:00+09:00
SH00828,O00828,Delayed,2026-06-25T08:00:00+09:00
SH00829,O00829,InTransit,
SH00830,O00830,Delivered,2026-05-16T12:00:00+09:00
SH00831,O00831,Delivered,2026-05-24T01:00:00+09:00
SH00832,O00832,Delivered,2026-06-19T09:00:00+09:00
SH00833,O00833,Delayed,2026-06-15T11:00:00+09:00
SH00834,O00834,Delivered,2026-05-25T06:00:00+09:00
SH00835,O00835,Delayed,2026-07-01T00:00:00+09:00
SH00836,O00836,Delayed,2026-05-02T11:00:00+09:00
SH00837,O00837,Delayed,2026-05-19T03:00:00+09:00
SH00838,O00838,InTransit,
SH00839,O00839,Delivered,2026-05-23T03:00:00+09:00
SH00840,O00840,InTransit,
SH00841,O00841,InTransit,
SH00842,O00842,InTransit,
SH00843,O00843,InTransit,
SH00844,O00844,Delayed,2026-06-09T09:00:00+09:00
SH00845,O00845,Delayed,2026-06-23T03:00:00+09:00
SH00846,O00846,InTransit,
SH00847,O00847,Delivered,2026-05-08T08:00:00+09:00
SH00848,O00848,Delayed,2026-05-26T10:00:00+09:00
SH00849,O00849,InTransit,
SH00850,O00850,Delayed,2026-06-07T12:00:00+09:00
SH00851,O00851,InTransit,
SH00852,O00852,Delivered,2026-06-24T11:00:00+09:00
SH00853,O00853,Delivered,2026-05-29T08:00:00+09:00
SH00854,O00854,Delivered,2026-05-29T05:00:00+09:00
SH00855,O00855,Delayed,2026-07-03T10:00:00+09:00
SH00856,O00856,Delivered,2026-05-31T01:00:00+09:00
SH00857,O00857,InTransit,
SH00858,O00858,Delivered,2026-06-17T05:00:00+09:00
SH00859,O00859,Delivered,2026-06-19T11:00:00+09:00
SH00860,O00860,Delivered,2026-07-02T12:00:00+09:00
SH00861,O00861,InTransit,
SH00862,O00862,InTransit,
SH00863,O00863,Delivered,2026-06-11T00:00:00+09:00
SH00864,O00864,Delayed,2026-06-19T03:00:00+09:00
SH00865,O00865,Delivered,2026-06-18T11:00:00+09:00
SH00866,O00866,Delayed,2026-05-14T07:00:00+09:00
SH00867,O00867,InTransit,
SH00868,O00868,Delivered,2026-06-26T08:00:00+09:00
SH00869,O00869,InTransit,
SH00870,O00870,InTransit,
SH00871,O00871,Delivered,2026-05-27T05:00:00+09:00
SH00872,O00872,Delivered,2026-05-08T06:00:00+09:00
SH00873,O00873,Delayed,2026-05-18T02:00:00+09:00
SH00874,O00874,Delivered,2026-05-30T07:00:00+09:00
SH00875,O00875,Delayed,2026-05-08T03:00:00+09:00
SH00876,O00876,InTransit,
SH00877,O00877,Delayed,2026-05-22T01:00:00+09:00
SH00878,O00878,InTransit,
SH00879,O00879,Delayed,2026-06-19T05:00:00+09:00
SH00880,O00880,InTransit,
SH00881,O00881,Delivered,2026-06-15T06:00:00+09:00
SH00882,O00882,Delayed,2026-06-19T03:00:00+09:00
SH00883,O00883,InTransit,
SH00884,O00884,Delivered,2026-05-08T07:00:00+09:00
SH00885,O00885,InTransit,
SH00886,O00886,Delivered,2026-06-28T07:00:00+09:00
SH00887,O00887,InTransit,
SH00888,O00888,Delivered,2026-07-02T08:00:00+09:00
SH00889,O00889,InTransit,
SH00890,O00890,Delivered,2026-05-20T12:00:00+09:00
SH00891,O00891,Delayed,2026-05-21T02:00:00+09:00
SH00892,O00892,Delivered,2026-06-15T10:00:00+09:00
SH00893,O00893,InTransit,
SH00894,O00894,InTransit,
SH00895,O00895,Delivered,2026-05-20T05:00:00+09:00
SH00896,O00896,Delivered,2026-05-22T09:00:00+09:00
SH00897,O00897,Delivered,2026-05-26T09:00:00+09:00
SH00898,O00898,Delivered,2026-05-07T05:00:00+09:00
SH00899,O00899,Delayed,2026-05-03T06:00:00+09:00
SH00900,O00900,Delayed,2026-05-26T08:00:00+09:00
SH00901,O00901,InTransit,
SH00902,O00902,Delayed,2026-06-15T06:00:00+09:00
SH00903,O00903,Delivered,2026-06-04T11:00:00+09:00
SH00904,O00904,Delivered,2026-06-19T00:00:00+09:00
SH00905,O00905,InTransit,
SH00906,O00906,InTransit,
SH00907,O00907,Delivered,2026-06-02T12:00:00+09:00
SH00908,O00908,Delivered,2026-05-22T11:00:00+09:00
SH00909,O00909,InTransit,
SH00910,O00910,Delivered,2026-06-07T05:00:00+09:00
SH00911,O00911,Delivered,2026-06-19T10:00:00+09:00
SH00912,O00912,Delayed,2026-07-01T10:00:00+09:00
SH00913,O00913,Delayed,2026-06-14T04:00:00+09:00
SH00914,O00914,Delayed,2026-06-19T04:00:00+09:00
SH00915,O00915,Delayed,2026-06-11T01:00:00+09:00
SH00916,O00916,Delayed,2026-05-27T06:00:00+09:00
SH00917,O00917,InTransit,
SH00918,O00918,Delivered,2026-07-02T07:00:00+09:00
SH00919,O00919,Delivered,2026-05-23T10:00:00+09:00
SH00920,O00920,Delayed,2026-06-17T12:00:00+09:00
SH00921,O00921,InTransit,
SH00922,O00922,InTransit,
SH00923,O00923,InTransit,
SH00924,O00924,Delivered,2026-05-18T07:00:00+09:00
SH00925,O00925,Delivered,2026-06-18T09:00:00+09:00
SH00926,O00926,Delivered,2026-06-16T06:00:00+09:00
SH00927,O00927,Delayed,2026-06-26T04:00:00+09:00
SH00928,O00928,InTransit,
SH00929,O00929,Delivered,2026-06-05T00:00:00+09:00
SH00930,O00930,Delivered,2026-05-16T10:00:00+09:00
SH00931,O00931,Delivered,2026-06-04T08:00:00+09:00
SH00932,O00932,Delivered,2026-05-19T12:00:00+09:00
SH00933,O00933,Delayed,2026-06-17T06:00:00+09:00
SH00934,O00934,Delivered,2026-05-19T05:00:00+09:00
SH00935,O00935,InTransit,
SH00936,O00936,Delivered,2026-05-10T03:00:00+09:00
SH00937,O00937,InTransit,
SH00938,O00938,Delayed,2026-06-10T00:00:00+09:00
SH00939,O00939,Delivered,2026-05-10T12:00:00+09:00
SH00940,O00940,Delivered,2026-06-25T02:00:00+09:00
SH00941,O00941,Delivered,2026-06-25T11:00:00+09:00
SH00942,O00942,Delivered,2026-06-12T12:00:00+09:00
SH00943,O00943,Delayed,2026-06-06T00:00:00+09:00
SH00944,O00944,Delivered,2026-06-19T05:00:00+09:00
SH00945,O00945,Delivered,2026-06-25T04:00:00+09:00
SH00946,O00946,Delivered,2026-06-15T10:00:00+09:00
SH00947,O00947,Delivered,2026-06-27T08:00:00+09:00
SH00948,O00948,Delivered,2026-06-29T02:00:00+09:00
SH00949,O00949,Delayed,2026-05-12T11:00:00+09:00
SH00950,O00950,Delayed,2026-05-25T05:00:00+09:00
SH00951,O00951,Delayed,2026-05-19T04:00:00+09:00
SH00952,O00952,InTransit,
SH00953,O00953,Delivered,2026-06-25T05:00:00+09:00
SH00954,O00954,Delivered,2026-06-26T09:00:00+09:00
SH00955,O00955,Delivered,2026-05-26T12:00:00+09:00
SH00956,O00956,Delivered,2026-05-29T05:00:00+09:00
SH00957,O00957,Delivered,2026-05-19T01:00:00+09:00
SH00958,O00958,Delayed,2026-05-11T10:00:00+09:00
SH00959,O00959,Delivered,2026-05-08T01:00:00+09:00
SH00960,O00960,Delivered,2026-07-03T02:00:00+09:00
SH00961,O00961,Delivered,2026-05-17T10:00:00+09:00
SH00962,O00962,Delivered,2026-06-29T05:00:00+09:00
SH00963,O00963,Delayed,2026-06-06T11:00:00+09:00
SH00964,O00964,Delivered,2026-06-07T08:00:00+09:00
SH00965,O00965,Delivered,2026-06-18T02:00:00+09:00
SH00966,O00966,Delivered,2026-05-12T05:00:00+09:00
SH00967,O00967,Delayed,2026-06-23T02:00:00+09:00
SH00968,O00968,Delivered,2026-05-30T04:00:00+09:00
SH00969,O00969,Delayed,2026-05-29T02:00:00+09:00
SH00970,O00970,Delayed,2026-06-27T07:00:00+09:00
SH00971,O00971,InTransit,
SH00972,O00972,Delivered,2026-06-09T00:00:00+09:00
SH00973,O00973,Delivered,2026-06-14T06:00:00+09:00
SH00974,O00974,InTransit,
SH00975,O00975,InTransit,
SH00976,O00976,Delivered,2026-05-19T10:00:00+09:00
SH00977,O00977,InTransit,
SH00978,O00978,Delivered,2026-06-22T09:00:00+09:00
SH00979,O00979,Delivered,2026-05-10T03:00:00+09:00
SH00980,O00980,Delayed,2026-06-06T10:00:00+09:00
SH00981,O00981,Delivered,2026-06-26T06:00:00+09:00
SH00982,O00982,Delivered,2026-05-29T12:00:00+09:00
SH00983,O00983,Delivered,2026-05-29T00:00:00+09:00
SH00984,O00984,Delayed,2026-05-07T04:00:00+09:00
SH00985,O00985,Delivered,2026-05-10T03:00:00+09:00
SH00986,O00986,InTransit,
SH00987,O00987,InTransit,
SH00988,O00988,Delivered,2026-05-20T04:00:00+09:00
SH00989,O00989,Delivered,2026-05-03T12:00:00+09:00
SH00990,O00990,Delayed,2026-06-27T01:00:00+09:00
SH00991,O00991,Delivered,2026-06-22T03:00:00+09:00
SH00992,O00992,Delayed,2026-05-15T11:00:00+09:00
SH00993,O00993,InTransit,
SH00994,O00994,InTransit,
SH00995,O00995,Delivered,2026-05-31T07:00:00+09:00
SH00996,O00996,Delayed,2026-06-18T11:00:00+09:00
SH00997,O00997,Delivered,2026-06-30T02:00:00+09:00
SH00998,O00998,InTransit,
SH00999,O00999,Delivered,2026-06-10T03:00:00+09:00
SH01000,O01000,Delivered,2026-05-07T09:00:00+09:00
SH01001,O01001,Delayed,2026-05-25T05:00:00+09:00
SH01002,O01002,Delivered,2026-06-19T00:00:00+09:00
SH01003,O01003,Delayed,2026-05-18T05:00:00+09:00
SH01004,O01004,Delivered,2026-06-09T01:00:00+09:00
SH01005,O01005,Delivered,2026-05-15T00:00:00+09:00
SH01006,O01006,Delayed,2026-06-09T00:00:00+09:00
SH01007,O01007,Delayed,2026-06-15T07:00:00+09:00
SH01008,O01008,Delivered,2026-05-15T12:00:00+09:00
SH01009,O01009,Delayed,2026-05-10T08:00:00+09:00
SH01010,O01010,Delivered,2026-05-15T00:00:00+09:00
SH01011,O01011,Delivered,2026-05-18T06:00:00+09:00
SH01012,O01012,Delivered,2026-06-30T11:00:00+09:00
SH01013,O01013,InTransit,
SH01014,O01014,Delivered,2026-06-28T05:00:00+09:00
SH01015,O01015,InTransit,
SH01016,O01016,Delivered,2026-05-14T01:00:00+09:00
SH01017,O01017,Delivered,2026-05-15T08:00:00+09:00
SH01018,O01018,Delivered,2026-06-11T01:00:00+09:00
SH01019,O01019,InTransit,
SH01020,O01020,Delayed,2026-06-12T12:00:00+09:00
SH01021,O01021,Delayed,2026-06-28T10:00:00+09:00
SH01022,O01022,Delayed,2026-07-01T12:00:00+09:00
SH01023,O01023,Delivered,2026-06-21T00:00:00+09:00
SH01024,O01024,Delayed,2026-06-06T06:00:00+09:00
SH01025,O01025,Delivered,2026-06-03T03:00:00+09:00
SH01026,O01026,Delivered,2026-05-24T09:00:00+09:00
SH01027,O01027,Delivered,2026-06-03T06:00:00+09:00
SH01028,O01028,Delivered,2026-06-18T10:00:00+09:00
SH01029,O01029,Delivered,2026-06-08T01:00:00+09:00
SH01030,O01030,Delivered,2026-06-27T03:00:00+09:00
SH01031,O01031,Delayed,2026-06-09T01:00:00+09:00
SH01032,O01032,Delivered,2026-06-04T10:00:00+09:00
SH01033,O01033,Delivered,2026-05-17T09:00:00+09:00
SH01034,O01034,Delivered,2026-06-09T06:00:00+09:00
SH01035,O01035,Delivered,2026-05-26T10:00:00+09:00
SH01036,O01036,Delayed,2026-06-26T11:00:00+09:00
SH01037,O01037,Delayed,2026-06-01T06:00:00+09:00
SH01038,O01038,Delivered,2026-06-19T06:00:00+09:00
SH01039,O01039,InTransit,
SH01040,O01040,Delivered,2026-06-27T05:00:00+09:00
SH01041,O01041,Delayed,2026-06-21T05:00:00+09:00
SH01042,O01042,Delivered,2026-05-29T02:00:00+09:00
SH01043,O01043,Delayed,2026-05-10T10:00:00+09:00
SH01044,O01044,Delivered,2026-06-04T03:00:00+09:00
SH01045,O01045,Delivered,2026-06-12T05:00:00+09:00
SH01046,O01046,Delayed,2026-06-01T09:00:00+09:00
SH01047,O01047,Delivered,2026-05-17T12:00:00+09:00
SH01048,O01048,Delivered,2026-05-18T09:00:00+09:00
SH01049,O01049,Delayed,2026-06-23T12:00:00+09:00
SH01050,O01050,Delayed,2026-05-19T07:00:00+09:00
SH01051,O01051,InTransit,
SH01052,O01052,Delayed,2026-06-09T08:00:00+09:00
SH01053,O01053,InTransit,
SH01054,O01054,Delivered,2026-06-04T11:00:00+09:00
SH01055,O01055,Delivered,2026-05-10T05:00:00+09:00
SH01056,O01056,Delivered,2026-05-05T03:00:00+09:00
SH01057,O01057,Delivered,2026-05-26T10:00:00+09:00
SH01058,O01058,InTransit,
SH01059,O01059,Delivered,2026-06-03T11:00:00+09:00
SH01060,O01060,Delivered,2026-05-24T06:00:00+09:00
SH01061,O01061,Delivered,2026-05-11T04:00:00+09:00
SH01062,O01062,Delivered,2026-06-03T02:00:00+09:00
SH01063,O01063,InTransit,
SH01064,O01064,Delivered,2026-05-06T06:00:00+09:00
SH01065,O01065,Delivered,2026-06-22T01:00:00+09:00
SH01066,O01066,InTransit,
SH01067,O01067,Delayed,2026-06-02T11:00:00+09:00
SH01068,O01068,Delayed,2026-06-21T12:00:00+09:00
SH01069,O01069,Delayed,2026-06-10T00:00:00+09:00
SH01070,O01070,Delayed,2026-05-29T08:00:00+09:00
SH01071,O01071,Delayed,2026-06-18T02:00:00+09:00
SH01072,O01072,InTransit,
SH01073,O01073,InTransit,
SH01074,O01074,InTransit,
SH01075,O01075,Delayed,2026-05-19T10:00:00+09:00
SH01076,O01076,Delivered,2026-06-30T00:00:00+09:00
SH01077,O01077,InTransit,
SH01078,O01078,Delayed,2026-05-20T05:00:00+09:00
SH01079,O01079,Delivered,2026-06-17T09:00:00+09:00
SH01080,O01080,Delivered,2026-05-25T12:00:00+09:00
SH01081,O01081,Delayed,2026-05-21T00:00:00+09:00
SH01082,O01082,Delayed,2026-07-03T03:00:00+09:00
SH01083,O01083,InTransit,
SH01084,O01084,Delivered,2026-05-14T00:00:00+09:00
SH01085,O01085,InTransit,
SH01086,O01086,Delivered,2026-06-13T11:00:00+09:00
SH01087,O01087,InTransit,
SH01088,O01088,InTransit,
SH01089,O01089,Delayed,2026-06-25T03:00:00+09:00
SH01090,O01090,Delivered,2026-05-26T01:00:00+09:00
SH01091,O01091,Delivered,2026-06-01T08:00:00+09:00
SH01092,O01092,InTransit,
SH01093,O01093,InTransit,
SH01094,O01094,Delayed,2026-06-10T05:00:00+09:00
SH01095,O01095,Delivered,2026-06-03T05:00:00+09:00
SH01096,O01096,Delayed,2026-05-12T00:00:00+09:00
SH01097,O01097,Delayed,2026-05-16T05:00:00+09:00
SH01098,O01098,Delayed,2026-05-15T02:00:00+09:00
SH01099,O01099,InTransit,
SH01100,O01100,Delayed,2026-07-01T01:00:00+09:00
SH01101,O01101,Delivered,2026-06-05T11:00:00+09:00
SH01102,O01102,InTransit,
SH01103,O01103,InTransit,
SH01104,O01104,InTransit,
SH01105,O01105,Delayed,2026-06-15T05:00:00+09:00
SH01106,O01106,Delivered,2026-05-27T03:00:00+09:00
SH01107,O01107,Delayed,2026-06-17T02:00:00+09:00
SH01108,O01108,Delayed,2026-05-31T03:00:00+09:00
SH01109,O01109,Delayed,2026-05-21T10:00:00+09:00
SH01110,O01110,Delivered,2026-05-21T10:00:00+09:00
SH01111,O01111,Delivered,2026-05-22T08:00:00+09:00
SH01112,O01112,Delivered,2026-06-07T00:00:00+09:00
SH01113,O01113,InTransit,
SH01114,O01114,Delayed,2026-06-08T12:00:00+09:00
SH01115,O01115,Delivered,2026-06-02T01:00:00+09:00
SH01116,O01116,Delayed,2026-06-15T08:00:00+09:00
SH01117,O01117,Delivered,2026-06-30T02:00:00+09:00
SH01118,O01118,Delayed,2026-05-10T02:00:00+09:00
SH01119,O01119,InTransit,
SH01120,O01120,InTransit,
SH01121,O01121,Delivered,2026-05-07T02:00:00+09:00
SH01122,O01122,InTransit,
SH01123,O01123,Delivered,2026-05-28T02:00:00+09:00
SH01124,O01124,Delayed,2026-05-25T11:00:00+09:00
SH01125,O01125,Delayed,2026-06-06T03:00:00+09:00
SH01126,O01126,Delayed,2026-05-31T00:00:00+09:00
SH01127,O01127,InTransit,
SH01128,O01128,Delayed,2026-06-30T05:00:00+09:00
SH01129,O01129,Delayed,2026-05-12T09:00:00+09:00
SH01130,O01130,Delivered,2026-05-16T10:00:00+09:00
SH01131,O01131,Delayed,2026-06-18T07:00:00+09:00
SH01132,O01132,InTransit,
SH01133,O01133,InTransit,
SH01134,O01134,InTransit,
SH01135,O01135,InTransit,
SH01136,O01136,Delivered,2026-05-30T02:00:00+09:00
SH01137,O01137,Delivered,2026-06-11T04:00:00+09:00
SH01138,O01138,Delayed,2026-06-06T05:00:00+09:00
SH01139,O01139,Delivered,2026-06-22T03:00:00+09:00
SH01140,O01140,Delivered,2026-05-31T07:00:00+09:00
SH01141,O01141,InTransit,
SH01142,O01142,Delivered,2026-06-04T04:00:00+09:00
SH01143,O01143,Delayed,2026-06-08T06:00:00+09:00
SH01144,O01144,Delivered,2026-06-05T07:00:00+09:00
SH01145,O01145,InTransit,
SH01146,O01146,Delivered,2026-06-25T09:00:00+09:00
SH01147,O01147,InTransit,
SH01148,O01148,InTransit,
SH01149,O01149,InTransit,
SH01150,O01150,InTransit,
SH01151,O01151,Delivered,2026-05-28T03:00:00+09:00
SH01152,O01152,Delivered,2026-06-19T02:00:00+09:00
SH01153,O01153,Delivered,2026-05-08T10:00:00+09:00
SH01154,O01154,Delayed,2026-06-15T12:00:00+09:00
SH01155,O01155,Delivered,2026-06-01T08:00:00+09:00
SH01156,O01156,InTransit,
SH01157,O01157,Delivered,2026-05-03T11:00:00+09:00
SH01158,O01158,Delayed,2026-06-16T12:00:00+09:00
SH01159,O01159,Delivered,2026-06-24T00:00:00+09:00
SH01160,O01160,InTransit,
SH01161,O01161,Delivered,2026-06-23T05:00:00+09:00
SH01162,O01162,Delayed,2026-06-27T12:00:00+09:00
SH01163,O01163,Delayed,2026-06-29T00:00:00+09:00
SH01164,O01164,Delivered,2026-05-04T06:00:00+09:00
SH01165,O01165,Delayed,2026-06-03T08:00:00+09:00
SH01166,O01166,Delayed,2026-05-13T00:00:00+09:00
SH01167,O01167,InTransit,
SH01168,O01168,Delayed,2026-06-07T11:00:00+09:00
SH01169,O01169,Delayed,2026-05-19T06:00:00+09:00
SH01170,O01170,Delayed,2026-06-22T08:00:00+09:00
SH01171,O01171,Delivered,2026-06-19T00:00:00+09:00
SH01172,O01172,InTransit,
SH01173,O01173,Delivered,2026-06-07T12:00:00+09:00
SH01174,O01174,Delivered,2026-05-30T08:00:00+09:00
SH01175,O01175,Delivered,2026-05-08T01:00:00+09:00
SH01176,O01176,Delivered,2026-05-25T03:00:00+09:00
SH01177,O01177,InTransit,
SH01178,O01178,Delivered,2026-06-14T02:00:00+09:00
SH01179,O01179,Delayed,2026-06-29T11:00:00+09:00
SH01180,O01180,Delivered,2026-06-29T00:00:00+09:00
SH01181,O01181,Delayed,2026-05-11T06:00:00+09:00
SH01182,O01182,Delayed,2026-05-09T04:00:00+09:00
SH01183,O01183,InTransit,
SH01184,O01184,InTransit,
SH01185,O01185,Delivered,2026-06-09T01:00:00+09:00
SH01186,O01186,Delivered,2026-05-11T12:00:00+09:00
SH01187,O01187,Delayed,2026-06-13T09:00:00+09:00
SH01188,O01188,Delayed,2026-05-18T08:00:00+09:00
SH01189,O01189,Delivered,2026-05-15T12:00:00+09:00
SH01190,O01190,Delivered,2026-06-21T04:00:00+09:00
SH01191,O01191,Delivered,2026-06-12T00:00:00+09:00
SH01192,O01192,InTransit,
SH01193,O01193,Delayed,2026-05-22T00:00:00+09:00
SH01194,O01194,Delivered,2026-05-14T06:00:00+09:00
SH01195,O01195,InTransit,
SH01196,O01196,Delayed,2026-05-27T07:00:00+09:00
SH01197,O01197,InTransit,
SH01198,O01198,Delayed,2026-05-30T12:00:00+09:00
SH01199,O01199,Delayed,2026-06-20T05:00:00+09:00
SH01200,O01200,InTransit,
SH01201,O01201,Delivered,2026-05-14T03:00:00+09:00
SH01202,O01202,Delivered,2026-06-14T10:00:00+09:00
SH01203,O01203,Delivered,2026-05-29T10:00:00+09:00
SH01204,O01204,Delayed,2026-06-09T08:00:00+09:00
SH01205,O01205,Delayed,2026-06-04T05:00:00+09:00
SH01206,O01206,InTransit,
SH01207,O01207,Delayed,2026-05-13T03:00:00+09:00
SH01208,O01208,InTransit,
SH01209,O01209,Delivered,2026-06-04T09:00:00+09:00
SH01210,O01210,Delivered,2026-05-29T11:00:00+09:00
SH01211,O01211,Delivered,2026-05-20T00:00:00+09:00
SH01212,O01212,Delayed,2026-06-23T11:00:00+09:00
SH01213,O01213,Delayed,2026-06-20T01:00:00+09:00
SH01214,O01214,Delayed,2026-06-03T02:00:00+09:00
SH01215,O01215,Delayed,2026-07-03T12:00:00+09:00
SH01216,O01216,Delayed,2026-06-18T08:00:00+09:00
SH01217,O01217,Delayed,2026-05-29T07:00:00+09:00
SH01218,O01218,Delayed,2026-06-27T12:00:00+09:00
SH01219,O01219,Delivered,2026-06-08T06:00:00+09:00
SH01220,O01220,InTransit,
SH01221,O01221,Delayed,2026-06-26T08:00:00+09:00
SH01222,O01222,Delivered,2026-05-31T02:00:00+09:00
SH01223,O01223,Delivered,2026-05-18T01:00:00+09:00
SH01224,O01224,Delayed,2026-06-23T12:00:00+09:00
SH01225,O01225,Delayed,2026-05-06T09:00:00+09:00
SH01226,O01226,Delivered,2026-05-13T05:00:00+09:00
SH01227,O01227,Delivered,2026-05-03T11:00:00+09:00
SH01228,O01228,Delayed,2026-05-16T04:00:00+09:00
SH01229,O01229,Delayed,2026-05-11T00:00:00+09:00
SH01230,O01230,Delayed,2026-06-29T05:00:00+09:00
SH01231,O01231,Delivered,2026-06-07T09:00:00+09:00
SH01232,O01232,Delivered,2026-06-14T03:00:00+09:00
SH01233,O01233,Delayed,2026-06-01T07:00:00+09:00
SH01234,O01234,Delayed,2026-05-12T08:00:00+09:00
SH01235,O01235,Delayed,2026-06-13T04:00:00+09:00
SH01236,O01236,InTransit,
SH01237,O01237,InTransit,
SH01238,O01238,InTransit,
SH01239,O01239,Delivered,2026-06-08T06:00:00+09:00
SH01240,O01240,Delivered,2026-05-15T12:00:00+09:00
SH01241,O01241,Delayed,2026-06-01T10:00:00+09:00
SH01242,O01242,InTransit,
SH01243,O01243,Delivered,2026-05-30T04:00:00+09:00
SH01244,O01244,InTransit,
SH01245,O01245,Delayed,2026-05-16T12:00:00+09:00
SH01246,O01246,Delivered,2026-05-20T04:00:00+09:00
SH01247,O01247,InTransit,
SH01248,O01248,InTransit,
SH01249,O01249,Delivered,2026-05-19T03:00:00+09:00
SH01250,O01250,Delayed,2026-05-06T07:00:00+09:00
SH01251,O01251,InTransit,
SH01252,O01252,InTransit,
SH01253,O01253,InTransit,
SH01254,O01254,Delivered,2026-07-02T00:00:00+09:00
SH01255,O01255,Delayed,2026-05-14T00:00:00+09:00
SH01256,O01256,Delivered,2026-06-18T04:00:00+09:00
SH01257,O01257,Delivered,2026-05-21T01:00:00+09:00
SH01258,O01258,Delayed,2026-05-10T09:00:00+09:00
SH01259,O01259,Delivered,2026-06-14T07:00:00+09:00
SH01260,O01260,Delivered,2026-06-07T08:00:00+09:00
SH01261,O01261,Delivered,2026-05-21T02:00:00+09:00
SH01262,O01262,InTransit,
SH01263,O01263,Delivered,2026-06-25T00:00:00+09:00
SH01264,O01264,Delivered,2026-05-12T02:00:00+09:00
SH01265,O01265,Delayed,2026-06-30T01:00:00+09:00
SH01266,O01266,InTransit,
SH01267,O01267,Delayed,2026-06-03T06:00:00+09:00
SH01268,O01268,Delivered,2026-05-21T12:00:00+09:00
SH01269,O01269,InTransit,
SH01270,O01270,InTransit,
SH01271,O01271,Delayed,2026-05-19T11:00:00+09:00
SH01272,O01272,InTransit,
SH01273,O01273,Delivered,2026-06-13T06:00:00+09:00
SH01274,O01274,Delivered,2026-05-12T11:00:00+09:00
SH01275,O01275,Delayed,2026-05-20T04:00:00+09:00
SH01276,O01276,Delivered,2026-06-22T05:00:00+09:00
SH01277,O01277,Delivered,2026-06-12T10:00:00+09:00
SH01278,O01278,Delivered,2026-07-05T08:00:00+09:00
SH01279,O01279,Delayed,2026-05-10T09:00:00+09:00
SH01280,O01280,Delayed,2026-05-17T08:00:00+09:00
SH01281,O01281,Delayed,2026-06-05T01:00:00+09:00
SH01282,O01282,Delivered,2026-06-30T09:00:00+09:00
SH01283,O01283,InTransit,
SH01284,O01284,InTransit,
SH01285,O01285,Delivered,2026-05-05T10:00:00+09:00
SH01286,O01286,Delayed,2026-06-19T04:00:00+09:00
SH01287,O01287,InTransit,
SH01288,O01288,Delivered,2026-06-04T08:00:00+09:00
SH01289,O01289,InTransit,
SH01290,O01290,Delayed,2026-05-11T11:00:00+09:00
SH01291,O01291,Delayed,2026-06-15T10:00:00+09:00
SH01292,O01292,Delivered,2026-05-08T11:00:00+09:00
SH01293,O01293,Delayed,2026-05-23T07:00:00+09:00
SH01294,O01294,Delivered,2026-06-09T01:00:00+09:00
SH01295,O01295,InTransit,
SH01296,O01296,Delivered,2026-05-17T10:00:00+09:00
SH01297,O01297,Delayed,2026-06-08T04:00:00+09:00
SH01298,O01298,Delayed,2026-05-10T07:00:00+09:00
SH01299,O01299,Delivered,2026-06-08T02:00:00+09:00
SH01300,O01300,InTransit,
SH01301,O01301,Delayed,2026-06-29T02:00:00+09:00
SH01302,O01302,InTransit,
SH01303,O01303,InTransit,
SH01304,O01304,InTransit,
SH01305,O01305,Delayed,2026-06-12T10:00:00+09:00
SH01306,O01306,Delivered,2026-06-08T09:00:00+09:00
SH01307,O01307,Delivered,2026-05-28T07:00:00+09:00
SH01308,O01308,Delivered,2026-05-29T12:00:00+09:00
SH01309,O01309,Delivered,2026-05-16T11:00:00+09:00
SH01310,O01310,Delayed,2026-05-13T12:00:00+09:00
SH01311,O01311,Delivered,2026-05-21T02:00:00+09:00
SH01312,O01312,Delayed,2026-06-17T01:00:00+09:00
SH01313,O01313,Delayed,2026-05-16T09:00:00+09:00
SH01314,O01314,Delayed,2026-05-14T07:00:00+09:00
SH01315,O01315,Delayed,2026-06-01T05:00:00+09:00
SH01316,O01316,Delayed,2026-06-05T08:00:00+09:00
SH01317,O01317,Delayed,2026-06-27T03:00:00+09:00
SH01318,O01318,Delayed,2026-05-07T11:00:00+09:00
SH01319,O01319,InTransit,
SH01320,O01320,Delayed,2026-06-25T09:00:00+09:00
SH01321,O01321,Delayed,2026-06-14T02:00:00+09:00
SH01322,O01322,InTransit,
SH01323,O01323,InTransit,
SH01324,O01324,Delayed,2026-06-03T02:00:00+09:00
SH01325,O01325,InTransit,
SH01326,O01326,Delivered,2026-06-30T01:00:00+09:00
SH01327,O01327,Delayed,2026-06-16T04:00:00+09:00
SH01328,O01328,Delayed,2026-05-29T12:00:00+09:00
SH01329,O01329,Delivered,2026-06-21T12:00:00+09:00
SH01330,O01330,Delayed,2026-06-24T03:00:00+09:00
SH01331,O01331,Delivered,2026-06-12T11:00:00+09:00
SH01332,O01332,InTransit,
SH01333,O01333,Delayed,2026-06-06T01:00:00+09:00
SH01334,O01334,Delayed,2026-06-13T11:00:00+09:00
SH01335,O01335,InTransit,
SH01336,O01336,Delivered,2026-05-26T12:00:00+09:00
SH01337,O01337,Delayed,2026-05-20T03:00:00+09:00
SH01338,O01338,Delivered,2026-06-07T11:00:00+09:00
SH01339,O01339,Delivered,2026-05-21T11:00:00+09:00
SH01340,O01340,Delayed,2026-05-16T09:00:00+09:00
SH01341,O01341,Delivered,2026-05-29T01:00:00+09:00
SH01342,O01342,Delayed,2026-05-14T02:00:00+09:00
SH01343,O01343,InTransit,
SH01344,O01344,Delivered,2026-06-20T11:00:00+09:00
SH01345,O01345,InTransit,
SH01346,O01346,Delivered,2026-06-03T04:00:00+09:00
SH01347,O01347,Delayed,2026-06-14T06:00:00+09:00
SH01348,O01348,Delayed,2026-06-01T03:00:00+09:00
SH01349,O01349,Delivered,2026-05-14T09:00:00+09:00
SH01350,O01350,InTransit,
SH01351,O01351,Delayed,2026-05-07T06:00:00+09:00
SH01352,O01352,Delayed,2026-06-05T05:00:00+09:00
SH01353,O01353,Delayed,2026-06-04T12:00:00+09:00
SH01354,O01354,Delivered,2026-06-27T11:00:00+09:00
SH01355,O01355,Delayed,2026-05-18T01:00:00+09:00
SH01356,O01356,Delayed,2026-05-17T02:00:00+09:00
SH01357,O01357,Delivered,2026-05-16T08:00:00+09:00
SH01358,O01358,Delivered,2026-06-25T11:00:00+09:00
SH01359,O01359,Delivered,2026-05-22T03:00:00+09:00
SH01360,O01360,Delayed,2026-05-24T06:00:00+09:00
SH01361,O01361,Delayed,2026-05-30T02:00:00+09:00
SH01362,O01362,Delivered,2026-06-29T08:00:00+09:00
SH01363,O01363,Delivered,2026-06-16T10:00:00+09:00
SH01364,O01364,Delivered,2026-05-14T02:00:00+09:00
SH01365,O01365,Delayed,2026-07-05T07:00:00+09:00
SH01366,O01366,InTransit,
SH01367,O01367,Delivered,2026-07-04T02:00:00+09:00
SH01368,O01368,Delayed,2026-06-26T07:00:00+09:00
SH01369,O01369,Delayed,2026-05-16T05:00:00+09:00
SH01370,O01370,Delayed,2026-05-12T09:00:00+09:00
SH01371,O01371,Delivered,2026-06-06T07:00:00+09:00
SH01372,O01372,Delivered,2026-06-11T07:00:00+09:00
SH01373,O01373,Delivered,2026-06-18T12:00:00+09:00
SH01374,O01374,InTransit,
SH01375,O01375,Delivered,2026-05-31T07:00:00+09:00
SH01376,O01376,InTransit,
SH01377,O01377,Delayed,2026-05-22T03:00:00+09:00
SH01378,O01378,InTransit,
SH01379,O01379,InTransit,
SH01380,O01380,Delivered,2026-06-28T00:00:00+09:00
SH01381,O01381,Delivered,2026-06-10T08:00:00+09:00
SH01382,O01382,Delayed,2026-05-06T12:00:00+09:00
SH01383,O01383,Delayed,2026-06-07T01:00:00+09:00
SH01384,O01384,Delivered,2026-05-24T12:00:00+09:00
SH01385,O01385,InTransit,
SH01386,O01386,Delivered,2026-05-28T12:00:00+09:00
SH01387,O01387,InTransit,
SH01388,O01388,Delayed,2026-06-04T12:00:00+09:00
SH01389,O01389,Delivered,2026-06-06T03:00:00+09:00
SH01390,O01390,Delivered,2026-06-08T09:00:00+09:00
SH01391,O01391,InTransit,
SH01392,O01392,Delayed,2026-06-25T11:00:00+09:00
SH01393,O01393,Delivered,2026-05-20T01:00:00+09:00
SH01394,O01394,Delayed,2026-06-18T11:00:00+09:00
SH01395,O01395,Delivered,2026-05-18T11:00:00+09:00
SH01396,O01396,InTransit,
SH01397,O01397,Delivered,2026-06-04T06:00:00+09:00
SH01398,O01398,Delivered,2026-06-22T01:00:00+09:00
SH01399,O01399,Delivered,2026-05-28T09:00:00+09:00
SH01400,O01400,Delayed,2026-05-15T09:00:00+09:00
SH01401,O01401,Delayed,2026-05-12T07:00:00+09:00
SH01402,O01402,Delayed,2026-05-11T08:00:00+09:00
SH01403,O01403,InTransit,
SH01404,O01404,InTransit,
SH01405,O01405,InTransit,
SH01406,O01406,Delayed,2026-06-05T10:00:00+09:00
SH01407,O01407,Delivered,2026-06-05T02:00:00+09:00
SH01408,O01408,Delivered,2026-06-04T12:00:00+09:00
SH01409,O01409,Delayed,2026-06-12T01:00:00+09:00
SH01410,O01410,Delivered,2026-07-02T06:00:00+09:00
SH01411,O01411,Delayed,2026-06-10T02:00:00+09:00
SH01412,O01412,InTransit,
SH01413,O01413,Delayed,2026-06-13T10:00:00+09:00
SH01414,O01414,InTransit,
SH01415,O01415,Delivered,2026-05-13T08:00:00+09:00
SH01416,O01416,Delivered,2026-06-28T11:00:00+09:00
SH01417,O01417,Delayed,2026-05-05T11:00:00+09:00
SH01418,O01418,Delayed,2026-05-10T08:00:00+09:00
SH01419,O01419,Delayed,2026-06-03T10:00:00+09:00
SH01420,O01420,Delivered,2026-05-13T08:00:00+09:00
SH01421,O01421,Delayed,2026-05-29T05:00:00+09:00
SH01422,O01422,InTransit,
SH01423,O01423,InTransit,
SH01424,O01424,Delivered,2026-06-05T10:00:00+09:00
SH01425,O01425,Delivered,2026-05-10T07:00:00+09:00
SH01426,O01426,Delayed,2026-05-10T03:00:00+09:00
SH01427,O01427,Delivered,2026-05-31T04:00:00+09:00
SH01428,O01428,Delivered,2026-06-12T02:00:00+09:00
SH01429,O01429,Delayed,2026-05-08T03:00:00+09:00
SH01430,O01430,Delivered,2026-06-12T04:00:00+09:00
SH01431,O01431,InTransit,
SH01432,O01432,Delayed,2026-05-29T02:00:00+09:00
SH01433,O01433,InTransit,
SH01434,O01434,Delivered,2026-06-13T09:00:00+09:00
SH01435,O01435,InTransit,
SH01436,O01436,InTransit,
SH01437,O01437,Delayed,2026-06-04T01:00:00+09:00
SH01438,O01438,Delayed,2026-06-18T04:00:00+09:00
SH01439,O01439,Delivered,2026-06-09T04:00:00+09:00
SH01440,O01440,Delivered,2026-05-24T09:00:00+09:00
SH01441,O01441,Delivered,2026-05-26T05:00:00+09:00
SH01442,O01442,Delivered,2026-06-28T01:00:00+09:00
SH01443,O01443,Delayed,2026-06-12T03:00:00+09:00
SH01444,O01444,Delayed,2026-06-27T04:00:00+09:00
SH01445,O01445,Delayed,2026-05-04T08:00:00+09:00
SH01446,O01446,Delayed,2026-05-29T04:00:00+09:00
SH01447,O01447,Delivered,2026-05-06T02:00:00+09:00
SH01448,O01448,Delivered,2026-05-18T11:00:00+09:00
SH01449,O01449,Delivered,2026-05-06T05:00:00+09:00
SH01450,O01450,Delayed,2026-05-23T06:00:00+09:00
SH01451,O01451,Delivered,2026-06-05T09:00:00+09:00
SH01452,O01452,Delivered,2026-05-20T10:00:00+09:00
SH01453,O01453,Delayed,2026-06-12T00:00:00+09:00
SH01454,O01454,Delivered,2026-05-11T01:00:00+09:00
SH01455,O01455,Delayed,2026-06-30T05:00:00+09:00
SH01456,O01456,Delivered,2026-05-22T05:00:00+09:00
SH01457,O01457,Delayed,2026-05-27T10:00:00+09:00
SH01458,O01458,Delivered,2026-06-09T06:00:00+09:00
SH01459,O01459,Delayed,2026-05-15T04:00:00+09:00
SH01460,O01460,Delivered,2026-05-25T03:00:00+09:00
SH01461,O01461,Delayed,2026-05-20T07:00:00+09:00
SH01462,O01462,Delayed,2026-05-22T09:00:00+09:00
SH01463,O01463,InTransit,
SH01464,O01464,Delayed,2026-05-19T11:00:00+09:00
SH01465,O01465,Delayed,2026-05-20T06:00:00+09:00
SH01466,O01466,Delivered,2026-05-31T10:00:00+09:00
SH01467,O01467,Delayed,2026-06-14T04:00:00+09:00
SH01468,O01468,InTransit,
SH01469,O01469,Delivered,2026-06-07T11:00:00+09:00
SH01470,O01470,Delivered,2026-05-25T12:00:00+09:00
SH01471,O01471,Delivered,2026-05-09T03:00:00+09:00
SH01472,O01472,InTransit,
SH01473,O01473,Delayed,2026-06-21T00:00:00+09:00
SH01474,O01474,Delayed,2026-06-15T04:00:00+09:00
SH01475,O01475,Delivered,2026-07-04T00:00:00+09:00
SH01476,O01476,Delivered,2026-06-03T04:00:00+09:00
SH01477,O01477,Delayed,2026-05-17T09:00:00+09:00
SH01478,O01478,Delivered,2026-05-24T00:00:00+09:00
SH01479,O01479,Delivered,2026-06-23T11:00:00+09:00
SH01480,O01480,Delivered,2026-06-27T04:00:00+09:00
SH01481,O01481,Delayed,2026-06-03T11:00:00+09:00
SH01482,O01482,Delayed,2026-06-27T04:00:00+09:00
SH01483,O01483,InTransit,
SH01484,O01484,Delivered,2026-06-09T07:00:00+09:00
SH01485,O01485,Delayed,2026-05-25T07:00:00+09:00
SH01486,O01486,Delayed,2026-06-08T07:00:00+09:00
SH01487,O01487,Delayed,2026-06-29T07:00:00+09:00
SH01488,O01488,Delivered,2026-06-05T09:00:00+09:00
SH01489,O01489,Delivered,2026-06-27T11:00:00+09:00
SH01490,O01490,InTransit,
SH01491,O01491,Delivered,2026-06-18T04:00:00+09:00
SH01492,O01492,Delivered,2026-05-23T00:00:00+09:00
SH01493,O01493,Delivered,2026-06-21T08:00:00+09:00
SH01494,O01494,Delayed,2026-06-03T01:00:00+09:00
SH01495,O01495,InTransit,
SH01496,O01496,Delayed,2026-06-06T06:00:00+09:00
SH01497,O01497,Delivered,2026-05-31T07:00:00+09:00
SH01498,O01498,InTransit,
SH01499,O01499,InTransit,
SH01500,O01500,Delayed,2026-05-03T02:00:00+09:00
SH01501,O01501,Delivered,2026-06-27T02:00:00+09:00
SH01502,O01502,Delayed,2026-06-08T02:00:00+09:00
SH01503,O01503,Delayed,2026-06-27T02:00:00+09:00
SH01504,O01504,InTransit,
SH01505,O01505,Delivered,2026-07-02T04:00:00+09:00
SH01506,O01506,Delivered,2026-06-23T09:00:00+09:00
SH01507,O01507,InTransit,
SH01508,O01508,Delayed,2026-07-03T07:00:00+09:00
SH01509,O01509,InTransit,
SH01510,O01510,Delivered,2026-06-09T11:00:00+09:00
SH01511,O01511,Delayed,2026-06-22T12:00:00+09:00
SH01512,O01512,Delayed,2026-06-18T02:00:00+09:00
SH01513,O01513,InTransit,
SH01514,O01514,Delayed,2026-06-21T06:00:00+09:00
SH01515,O01515,Delayed,2026-05-13T09:00:00+09:00
SH01516,O01516,Delivered,2026-05-16T08:00:00+09:00
SH01517,O01517,Delayed,2026-05-11T09:00:00+09:00
SH01518,O01518,Delivered,2026-05-29T08:00:00+09:00
SH01519,O01519,Delivered,2026-05-28T03:00:00+09:00
SH01520,O01520,Delivered,2026-06-19T05:00:00+09:00
SH01521,O01521,InTransit,
SH01522,O01522,Delayed,2026-06-21T07:00:00+09:00
SH01523,O01523,Delivered,2026-06-11T01:00:00+09:00
SH01524,O01524,Delivered,2026-05-28T09:00:00+09:00
SH01525,O01525,Delayed,2026-05-21T05:00:00+09:00
SH01526,O01526,Delivered,2026-06-08T09:00:00+09:00
SH01527,O01527,Delivered,2026-06-04T06:00:00+09:00
SH01528,O01528,Delivered,2026-05-28T12:00:00+09:00
SH01529,O01529,Delivered,2026-05-17T12:00:00+09:00
SH01530,O01530,InTransit,
SH01531,O01531,Delivered,2026-06-21T10:00:00+09:00
SH01532,O01532,InTransit,
SH01533,O01533,Delivered,2026-05-19T06:00:00+09:00
SH01534,O01534,Delivered,2026-05-20T02:00:00+09:00
SH01535,O01535,Delayed,2026-06-23T04:00:00+09:00
SH01536,O01536,Delivered,2026-06-07T12:00:00+09:00
SH01537,O01537,Delayed,2026-06-12T10:00:00+09:00
SH01538,O01538,InTransit,
SH01539,O01539,InTransit,
SH01540,O01540,Delayed,2026-05-29T12:00:00+09:00
SH01541,O01541,InTransit,
SH01542,O01542,Delivered,2026-05-27T09:00:00+09:00
SH01543,O01543,Delayed,2026-06-02T10:00:00+09:00
SH01544,O01544,Delayed,2026-05-03T06:00:00+09:00
SH01545,O01545,InTransit,
SH01546,O01546,Delayed,2026-07-02T09:00:00+09:00
SH01547,O01547,Delivered,2026-05-21T09:00:00+09:00
SH01548,O01548,Delayed,2026-06-28T06:00:00+09:00
SH01549,O01549,InTransit,
SH01550,O01550,Delivered,2026-06-24T03:00:00+09:00
SH01551,O01551,Delayed,2026-05-25T04:00:00+09:00
SH01552,O01552,Delivered,2026-05-13T01:00:00+09:00
SH01553,O01553,InTransit,
SH01554,O01554,InTransit,
SH01555,O01555,Delivered,2026-06-25T05:00:00+09:00
SH01556,O01556,Delivered,2026-06-30T10:00:00+09:00
SH01557,O01557,InTransit,
SH01558,O01558,InTransit,
SH01559,O01559,Delivered,2026-06-24T01:00:00+09:00
SH01560,O01560,Delayed,2026-05-06T11:00:00+09:00
SH01561,O01561,Delivered,2026-06-04T01:00:00+09:00
SH01562,O01562,Delivered,2026-05-22T01:00:00+09:00
SH01563,O01563,Delayed,2026-05-22T01:00:00+09:00
SH01564,O01564,InTransit,
SH01565,O01565,Delayed,2026-05-14T06:00:00+09:00
SH01566,O01566,Delayed,2026-05-27T04:00:00+09:00
SH01567,O01567,Delivered,2026-06-01T01:00:00+09:00
SH01568,O01568,Delivered,2026-06-29T03:00:00+09:00
SH01569,O01569,Delivered,2026-06-17T00:00:00+09:00
SH01570,O01570,Delivered,2026-05-04T01:00:00+09:00
SH01571,O01571,Delivered,2026-05-24T09:00:00+09:00
SH01572,O01572,Delivered,2026-05-30T03:00:00+09:00
SH01573,O01573,Delivered,2026-06-28T08:00:00+09:00
SH01574,O01574,Delivered,2026-06-03T06:00:00+09:00
SH01575,O01575,Delayed,2026-06-05T03:00:00+09:00
SH01576,O01576,Delayed,2026-05-27T03:00:00+09:00
SH01577,O01577,Delayed,2026-06-29T09:00:00+09:00
SH01578,O01578,InTransit,
SH01579,O01579,Delayed,2026-05-20T01:00:00+09:00
SH01580,O01580,Delayed,2026-05-31T00:00:00+09:00
SH01581,O01581,Delivered,2026-06-17T11:00:00+09:00
SH01582,O01582,Delivered,2026-05-28T00:00:00+09:00
SH01583,O01583,Delayed,2026-05-29T04:00:00+09:00
SH01584,O01584,Delayed,2026-05-07T06:00:00+09:00
SH01585,O01585,Delivered,2026-05-12T02:00:00+09:00
SH01586,O01586,Delivered,2026-06-28T06:00:00+09:00
SH01587,O01587,Delayed,2026-06-21T07:00:00+09:00
SH01588,O01588,Delivered,2026-05-19T06:00:00+09:00
SH01589,O01589,Delivered,2026-06-14T03:00:00+09:00
SH01590,O01590,Delayed,2026-06-17T11:00:00+09:00
SH01591,O01591,Delayed,2026-06-21T01:00:00+09:00
SH01592,O01592,InTransit,
SH01593,O01593,InTransit,
SH01594,O01594,Delivered,2026-05-14T03:00:00+09:00
SH01595,O01595,Delayed,2026-06-03T10:00:00+09:00
SH01596,O01596,Delayed,2026-05-08T09:00:00+09:00
SH01597,O01597,Delivered,2026-06-19T10:00:00+09:00
SH01598,O01598,InTransit,
SH01599,O01599,InTransit,
SH01600,O01600,Delayed,2026-06-03T04:00:00+09:00
SH01601,O01601,Delayed,2026-05-23T05:00:00+09:00
SH01602,O01602,Delayed,2026-06-24T12:00:00+09:00
SH01603,O01603,Delivered,2026-05-26T08:00:00+09:00
SH01604,O01604,InTransit,
SH01605,O01605,Delayed,2026-05-11T04:00:00+09:00
SH01606,O01606,InTransit,
SH01607,O01607,InTransit,
SH01608,O01608,Delayed,2026-06-21T03:00:00+09:00
SH01609,O01609,Delayed,2026-06-13T01:00:00+09:00
SH01610,O01610,Delayed,2026-05-24T11:00:00+09:00
SH01611,O01611,Delivered,2026-06-23T01:00:00+09:00
SH01612,O01612,Delayed,2026-05-14T12:00:00+09:00
SH01613,O01613,InTransit,
SH01614,O01614,Delayed,2026-05-29T06:00:00+09:00
SH01615,O01615,InTransit,
SH01616,O01616,Delayed,2026-06-14T03:00:00+09:00
SH01617,O01617,InTransit,
SH01618,O01618,Delivered,2026-06-29T03:00:00+09:00
SH01619,O01619,Delivered,2026-06-12T01:00:00+09:00
SH01620,O01620,Delayed,2026-05-17T08:00:00+09:00
SH01621,O01621,Delayed,2026-05-16T11:00:00+09:00
SH01622,O01622,Delivered,2026-06-11T00:00:00+09:00
SH01623,O01623,Delayed,2026-05-10T00:00:00+09:00
SH01624,O01624,Delivered,2026-05-24T01:00:00+09:00
SH01625,O01625,Delayed,2026-06-21T03:00:00+09:00
SH01626,O01626,Delayed,2026-06-07T06:00:00+09:00
SH01627,O01627,Delayed,2026-06-02T00:00:00+09:00
SH01628,O01628,InTransit,
SH01629,O01629,Delivered,2026-05-09T01:00:00+09:00
SH01630,O01630,Delayed,2026-06-15T08:00:00+09:00
SH01631,O01631,Delayed,2026-07-03T05:00:00+09:00
SH01632,O01632,InTransit,
SH01633,O01633,Delayed,2026-06-15T12:00:00+09:00
SH01634,O01634,InTransit,
SH01635,O01635,InTransit,
SH01636,O01636,Delivered,2026-06-13T04:00:00+09:00
SH01637,O01637,InTransit,
SH01638,O01638,Delayed,2026-06-03T07:00:00+09:00
SH01639,O01639,Delivered,2026-06-04T07:00:00+09:00
SH01640,O01640,InTransit,
SH01641,O01641,Delivered,2026-06-16T08:00:00+09:00
SH01642,O01642,InTransit,
SH01643,O01643,Delayed,2026-06-15T11:00:00+09:00
SH01644,O01644,Delayed,2026-05-25T00:00:00+09:00
SH01645,O01645,Delivered,2026-06-24T00:00:00+09:00
SH01646,O01646,Delivered,2026-06-20T01:00:00+09:00
SH01647,O01647,InTransit,
SH01648,O01648,Delayed,2026-05-15T11:00:00+09:00
SH01649,O01649,Delivered,2026-06-08T09:00:00+09:00
SH01650,O01650,Delayed,2026-06-28T09:00:00+09:00
SH01651,O01651,Delayed,2026-06-03T07:00:00+09:00
SH01652,O01652,Delayed,2026-06-10T07:00:00+09:00
SH01653,O01653,Delivered,2026-05-26T03:00:00+09:00
SH01654,O01654,Delayed,2026-06-24T07:00:00+09:00
SH01655,O01655,Delayed,2026-06-13T09:00:00+09:00
SH01656,O01656,Delivered,2026-05-16T11:00:00+09:00
SH01657,O01657,Delayed,2026-06-25T12:00:00+09:00
SH01658,O01658,Delivered,2026-06-08T02:00:00+09:00
SH01659,O01659,Delayed,2026-05-06T01:00:00+09:00
SH01660,O01660,Delivered,2026-06-10T11:00:00+09:00
SH01661,O01661,InTransit,
SH01662,O01662,Delayed,2026-06-18T08:00:00+09:00
SH01663,O01663,Delivered,2026-05-23T09:00:00+09:00
SH01664,O01664,InTransit,
SH01665,O01665,Delayed,2026-06-05T03:00:00+09:00
SH01666,O01666,InTransit,
SH01667,O01667,Delayed,2026-06-12T12:00:00+09:00
SH01668,O01668,Delayed,2026-06-20T05:00:00+09:00
SH01669,O01669,Delivered,2026-06-16T11:00:00+09:00
SH01670,O01670,Delivered,2026-06-03T10:00:00+09:00
SH01671,O01671,Delayed,2026-05-09T05:00:00+09:00
SH01672,O01672,Delayed,2026-06-21T00:00:00+09:00
SH01673,O01673,Delivered,2026-06-17T10:00:00+09:00
SH01674,O01674,Delivered,2026-05-23T06:00:00+09:00
SH01675,O01675,InTransit,
SH01676,O01676,Delayed,2026-06-19T08:00:00+09:00
SH01677,O01677,Delivered,2026-06-01T10:00:00+09:00
SH01678,O01678,Delivered,2026-06-06T03:00:00+09:00
SH01679,O01679,Delayed,2026-05-13T09:00:00+09:00
SH01680,O01680,InTransit,
SH01681,O01681,Delivered,2026-06-24T01:00:00+09:00
SH01682,O01682,Delayed,2026-06-20T04:00:00+09:00
SH01683,O01683,Delayed,2026-06-16T11:00:00+09:00
SH01684,O01684,InTransit,
SH01685,O01685,InTransit,
SH01686,O01686,InTransit,
SH01687,O01687,InTransit,
SH01688,O01688,Delayed,2026-05-29T01:00:00+09:00
SH01689,O01689,InTransit,
SH01690,O01690,Delivered,2026-05-18T08:00:00+09:00
SH01691,O01691,Delivered,2026-06-22T06:00:00+09:00
SH01692,O01692,Delivered,2026-05-29T04:00:00+09:00
SH01693,O01693,Delayed,2026-06-01T06:00:00+09:00
SH01694,O01694,Delivered,2026-06-04T00:00:00+09:00
SH01695,O01695,InTransit,
SH01696,O01696,InTransit,
SH01697,O01697,Delivered,2026-05-30T00:00:00+09:00
SH01698,O01698,InTransit,
SH01699,O01699,Delayed,2026-05-22T03:00:00+09:00
SH01700,O01700,Delivered,2026-05-08T10:00:00+09:00
SH01701,O01701,Delivered,2026-05-21T07:00:00+09:00
SH01702,O01702,Delivered,2026-06-08T03:00:00+09:00
SH01703,O01703,Delayed,2026-06-20T07:00:00+09:00
SH01704,O01704,Delivered,2026-05-06T05:00:00+09:00
SH01705,O01705,Delayed,2026-07-01T08:00:00+09:00
SH01706,O01706,Delayed,2026-06-02T10:00:00+09:00
SH01707,O01707,Delivered,2026-05-16T05:00:00+09:00
SH01708,O01708,Delivered,2026-07-02T03:00:00+09:00
SH01709,O01709,InTransit,
SH01710,O01710,Delayed,2026-05-29T00:00:00+09:00
SH01711,O01711,Delivered,2026-05-17T12:00:00+09:00
SH01712,O01712,Delayed,2026-05-14T12:00:00+09:00
SH01713,O01713,Delayed,2026-05-22T12:00:00+09:00
SH01714,O01714,Delivered,2026-05-22T08:00:00+09:00
SH01715,O01715,Delivered,2026-05-21T06:00:00+09:00
SH01716,O01716,Delivered,2026-06-23T02:00:00+09:00
SH01717,O01717,Delayed,2026-06-17T12:00:00+09:00
SH01718,O01718,Delayed,2026-06-19T10:00:00+09:00
SH01719,O01719,Delayed,2026-07-05T02:00:00+09:00
SH01720,O01720,Delivered,2026-06-28T00:00:00+09:00
SH01721,O01721,Delayed,2026-05-21T02:00:00+09:00
SH01722,O01722,Delivered,2026-06-30T01:00:00+09:00
SH01723,O01723,Delayed,2026-06-13T00:00:00+09:00
SH01724,O01724,InTransit,
SH01725,O01725,Delivered,2026-06-21T01:00:00+09:00
SH01726,O01726,Delayed,2026-06-02T05:00:00+09:00
SH01727,O01727,Delayed,2026-06-23T10:00:00+09:00
SH01728,O01728,Delayed,2026-06-07T02:00:00+09:00
SH01729,O01729,InTransit,
SH01730,O01730,Delayed,2026-05-10T00:00:00+09:00
SH01731,O01731,Delayed,2026-05-25T08:00:00+09:00
SH01732,O01732,Delayed,2026-05-07T09:00:00+09:00
SH01733,O01733,Delayed,2026-05-09T09:00:00+09:00
SH01734,O01734,Delayed,2026-05-06T08:00:00+09:00
SH01735,O01735,Delayed,2026-06-21T07:00:00+09:00
SH01736,O01736,InTransit,
SH01737,O01737,Delayed,2026-05-25T11:00:00+09:00
SH01738,O01738,Delayed,2026-05-06T06:00:00+09:00
SH01739,O01739,Delivered,2026-06-18T01:00:00+09:00
SH01740,O01740,Delayed,2026-05-29T05:00:00+09:00
SH01741,O01741,InTransit,
SH01742,O01742,Delivered,2026-05-08T04:00:00+09:00
SH01743,O01743,Delayed,2026-05-12T08:00:00+09:00
SH01744,O01744,InTransit,
SH01745,O01745,Delayed,2026-05-24T05:00:00+09:00
SH01746,O01746,Delivered,2026-06-11T03:00:00+09:00
SH01747,O01747,InTransit,
SH01748,O01748,Delivered,2026-05-14T03:00:00+09:00
SH01749,O01749,Delivered,2026-06-15T02:00:00+09:00
SH01750,O01750,Delayed,2026-05-14T03:00:00+09:00
SH01751,O01751,Delivered,2026-05-21T00:00:00+09:00
SH01752,O01752,InTransit,
SH01753,O01753,Delivered,2026-06-05T04:00:00+09:00
SH01754,O01754,Delivered,2026-05-27T11:00:00+09:00
SH01755,O01755,Delivered,2026-05-25T08:00:00+09:00
SH01756,O01756,Delivered,2026-05-23T08:00:00+09:00
SH01757,O01757,Delayed,2026-06-27T00:00:00+09:00
SH01758,O01758,InTransit,
SH01759,O01759,InTransit,
SH01760,O01760,Delayed,2026-05-14T00:00:00+09:00
SH01761,O01761,Delivered,2026-07-01T07:00:00+09:00
SH01762,O01762,InTransit,
SH01763,O01763,Delayed,2026-06-27T07:00:00+09:00
SH01764,O01764,Delayed,2026-06-28T02:00:00+09:00
SH01765,O01765,InTransit,
SH01766,O01766,Delivered,2026-06-03T06:00:00+09:00
SH01767,O01767,Delivered,2026-06-06T03:00:00+09:00
SH01768,O01768,InTransit,
SH01769,O01769,Delivered,2026-06-26T08:00:00+09:00
SH01770,O01770,Delivered,2026-06-22T03:00:00+09:00
SH01771,O01771,InTransit,
SH01772,O01772,Delivered,2026-05-08T07:00:00+09:00
SH01773,O01773,Delivered,2026-05-23T11:00:00+09:00
SH01774,O01774,Delivered,2026-06-05T06:00:00+09:00
SH01775,O01775,InTransit,
SH01776,O01776,Delivered,2026-06-11T02:00:00+09:00
SH01777,O01777,Delivered,2026-06-02T11:00:00+09:00
SH01778,O01778,InTransit,
SH01779,O01779,InTransit,
SH01780,O01780,Delivered,2026-06-16T04:00:00+09:00
SH01781,O01781,InTransit,
SH01782,O01782,Delivered,2026-06-07T03:00:00+09:00
SH01783,O01783,Delayed,2026-06-19T04:00:00+09:00
SH01784,O01784,Delayed,2026-06-02T01:00:00+09:00
SH01785,O01785,Delayed,2026-05-10T01:00:00+09:00
SH01786,O01786,InTransit,
SH01787,O01787,InTransit,
SH01788,O01788,InTransit,
SH01789,O01789,Delivered,2026-06-06T08:00:00+09:00
SH01790,O01790,Delivered,2026-05-11T10:00:00+09:00
SH01791,O01791,Delayed,2026-06-14T08:00:00+09:00
SH01792,O01792,InTransit,
SH01793,O01793,Delayed,2026-05-12T12:00:00+09:00
SH01794,O01794,Delivered,2026-06-13T09:00:00+09:00
SH01795,O01795,InTransit,
SH01796,O01796,Delivered,2026-05-14T00:00:00+09:00
SH01797,O01797,InTransit,
SH01798,O01798,InTransit,
SH01799,O01799,Delivered,2026-05-04T09:00:00+09:00
SH01800,O01800,InTransit,
SH01801,O01801,Delivered,2026-05-17T01:00:00+09:00
SH01802,O01802,InTransit,
SH01803,O01803,Delayed,2026-06-23T11:00:00+09:00
SH01804,O01804,InTransit,
SH01805,O01805,Delayed,2026-06-10T12:00:00+09:00
SH01806,O01806,InTransit,
SH01807,O01807,InTransit,
SH01808,O01808,InTransit,
SH01809,O01809,Delayed,2026-06-04T03:00:00+09:00
SH01810,O01810,Delivered,2026-06-30T04:00:00+09:00
SH01811,O01811,Delayed,2026-06-17T05:00:00+09:00
SH01812,O01812,Delivered,2026-06-14T02:00:00+09:00
SH01813,O01813,Delayed,2026-06-19T07:00:00+09:00
SH01814,O01814,Delivered,2026-05-18T01:00:00+09:00
SH01815,O01815,Delivered,2026-05-23T01:00:00+09:00
SH01816,O01816,Delayed,2026-05-09T06:00:00+09:00
SH01817,O01817,Delayed,2026-05-24T03:00:00+09:00
SH01818,O01818,Delivered,2026-05-30T03:00:00+09:00
SH01819,O01819,Delayed,2026-05-16T01:00:00+09:00
SH01820,O01820,Delivered,2026-06-07T08:00:00+09:00
SH01821,O01821,InTransit,
SH01822,O01822,InTransit,
SH01823,O01823,Delayed,2026-06-07T00:00:00+09:00
SH01824,O01824,Delivered,2026-05-07T06:00:00+09:00
SH01825,O01825,Delayed,2026-05-17T09:00:00+09:00
SH01826,O01826,Delivered,2026-06-15T07:00:00+09:00
SH01827,O01827,InTransit,
SH01828,O01828,Delivered,2026-06-03T01:00:00+09:00
SH01829,O01829,Delivered,2026-05-03T03:00:00+09:00
SH01830,O01830,Delayed,2026-06-28T06:00:00+09:00
SH01831,O01831,InTransit,
SH01832,O01832,Delayed,2026-05-31T00:00:00+09:00
SH01833,O01833,Delayed,2026-05-13T02:00:00+09:00
SH01834,O01834,Delivered,2026-05-30T05:00:00+09:00
SH01835,O01835,Delayed,2026-05-18T09:00:00+09:00
SH01836,O01836,Delivered,2026-06-29T06:00:00+09:00
SH01837,O01837,Delayed,2026-06-05T07:00:00+09:00
SH01838,O01838,Delivered,2026-05-30T05:00:00+09:00
SH01839,O01839,Delivered,2026-05-21T11:00:00+09:00
SH01840,O01840,InTransit,
SH01841,O01841,Delivered,2026-06-09T10:00:00+09:00
SH01842,O01842,InTransit,
SH01843,O01843,Delayed,2026-06-11T04:00:00+09:00
SH01844,O01844,Delivered,2026-05-29T01:00:00+09:00
SH01845,O01845,InTransit,
SH01846,O01846,InTransit,
SH01847,O01847,Delayed,2026-05-27T12:00:00+09:00
SH01848,O01848,Delivered,2026-06-04T10:00:00+09:00
SH01849,O01849,Delivered,2026-05-27T00:00:00+09:00
SH01850,O01850,Delivered,2026-05-20T03:00:00+09:00
SH01851,O01851,Delivered,2026-07-01T00:00:00+09:00
SH01852,O01852,Delivered,2026-05-31T12:00:00+09:00
SH01853,O01853,Delivered,2026-06-14T09:00:00+09:00
SH01854,O01854,Delayed,2026-05-21T12:00:00+09:00
SH01855,O01855,Delivered,2026-06-13T03:00:00+09:00
SH01856,O01856,Delayed,2026-06-01T00:00:00+09:00
SH01857,O01857,Delayed,2026-05-02T08:00:00+09:00
SH01858,O01858,Delayed,2026-05-11T00:00:00+09:00
SH01859,O01859,Delayed,2026-05-24T11:00:00+09:00
SH01860,O01860,InTransit,
SH01861,O01861,Delayed,2026-05-13T05:00:00+09:00
SH01862,O01862,Delayed,2026-06-29T02:00:00+09:00
SH01863,O01863,InTransit,
SH01864,O01864,Delayed,2026-06-11T04:00:00+09:00
SH01865,O01865,InTransit,
SH01866,O01866,Delivered,2026-06-07T07:00:00+09:00
SH01867,O01867,Delivered,2026-05-10T05:00:00+09:00
SH01868,O01868,Delayed,2026-05-08T02:00:00+09:00
SH01869,O01869,Delayed,2026-06-23T01:00:00+09:00
SH01870,O01870,InTransit,
SH01871,O01871,Delayed,2026-06-01T07:00:00+09:00
SH01872,O01872,Delayed,2026-05-21T06:00:00+09:00
SH01873,O01873,Delivered,2026-06-20T07:00:00+09:00
SH01874,O01874,Delayed,2026-05-28T02:00:00+09:00
SH01875,O01875,Delivered,2026-06-06T10:00:00+09:00
SH01876,O01876,Delivered,2026-06-12T11:00:00+09:00
SH01877,O01877,Delayed,2026-06-10T07:00:00+09:00
SH01878,O01878,InTransit,
SH01879,O01879,Delivered,2026-06-24T08:00:00+09:00
SH01880,O01880,Delivered,2026-06-19T03:00:00+09:00
SH01881,O01881,InTransit,
SH01882,O01882,Delivered,2026-06-25T03:00:00+09:00
SH01883,O01883,Delivered,2026-06-19T10:00:00+09:00
SH01884,O01884,InTransit,
SH01885,O01885,Delayed,2026-05-17T01:00:00+09:00
SH01886,O01886,Delayed,2026-05-14T11:00:00+09:00
SH01887,O01887,InTransit,
SH01888,O01888,Delivered,2026-06-11T09:00:00+09:00
SH01889,O01889,Delayed,2026-05-12T09:00:00+09:00
SH01890,O01890,Delivered,2026-06-24T01:00:00+09:00
SH01891,O01891,InTransit,
SH01892,O01892,Delivered,2026-05-21T10:00:00+09:00
SH01893,O01893,Delivered,2026-06-02T05:00:00+09:00
SH01894,O01894,Delivered,2026-07-03T03:00:00+09:00
SH01895,O01895,InTransit,
SH01896,O01896,Delivered,2026-06-27T09:00:00+09:00
SH01897,O01897,Delayed,2026-06-21T06:00:00+09:00
SH01898,O01898,Delivered,2026-06-27T06:00:00+09:00
SH01899,O01899,Delayed,2026-06-21T11:00:00+09:00
SH01900,O01900,InTransit,
SH01901,O01901,InTransit,
SH01902,O01902,InTransit,
SH01903,O01903,InTransit,
SH01904,O01904,Delivered,2026-05-06T10:00:00+09:00
SH01905,O01905,Delivered,2026-06-21T12:00:00+09:00
SH01906,O01906,Delayed,2026-06-27T10:00:00+09:00
SH01907,O01907,Delivered,2026-05-16T12:00:00+09:00
SH01908,O01908,Delayed,2026-06-17T01:00:00+09:00
SH01909,O01909,Delivered,2026-06-19T09:00:00+09:00
SH01910,O01910,InTransit,
SH01911,O01911,InTransit,
SH01912,O01912,InTransit,
SH01913,O01913,Delayed,2026-06-21T08:00:00+09:00
SH01914,O01914,Delivered,2026-06-18T06:00:00+09:00
SH01915,O01915,InTransit,
SH01916,O01916,InTransit,
SH01917,O01917,Delivered,2026-06-02T04:00:00+09:00
SH01918,O01918,Delayed,2026-07-05T03:00:00+09:00
SH01919,O01919,Delivered,2026-06-07T00:00:00+09:00
SH01920,O01920,InTransit,
SH01921,O01921,Delivered,2026-06-10T12:00:00+09:00
SH01922,O01922,InTransit,
SH01923,O01923,Delayed,2026-06-24T08:00:00+09:00
SH01924,O01924,Delivered,2026-05-09T12:00:00+09:00
SH01925,O01925,Delayed,2026-05-06T09:00:00+09:00
SH01926,O01926,InTransit,
SH01927,O01927,Delivered,2026-05-29T00:00:00+09:00
SH01928,O01928,Delivered,2026-06-27T02:00:00+09:00
SH01929,O01929,InTransit,
SH01930,O01930,InTransit,
SH01931,O01931,Delivered,2026-06-17T05:00:00+09:00
SH01932,O01932,Delivered,2026-06-13T01:00:00+09:00
SH01933,O01933,InTransit,
SH01934,O01934,InTransit,
SH01935,O01935,InTransit,
SH01936,O01936,InTransit,
SH01937,O01937,InTransit,
SH01938,O01938,InTransit,
SH01939,O01939,InTransit,
SH01940,O01940,Delayed,2026-05-17T07:00:00+09:00
SH01941,O01941,Delivered,2026-05-05T09:00:00+09:00
SH01942,O01942,Delivered,2026-06-08T04:00:00+09:00
SH01943,O01943,InTransit,
SH01944,O01944,Delivered,2026-06-13T04:00:00+09:00
SH01945,O01945,InTransit,
SH01946,O01946,Delivered,2026-05-21T02:00:00+09:00
SH01947,O01947,InTransit,
SH01948,O01948,Delivered,2026-06-20T09:00:00+09:00
SH01949,O01949,Delivered,2026-05-21T07:00:00+09:00
SH01950,O01950,Delayed,2026-05-26T04:00:00+09:00
SH01951,O01951,Delayed,2026-06-26T10:00:00+09:00
SH01952,O01952,Delayed,2026-06-22T05:00:00+09:00
SH01953,O01953,InTransit,
SH01954,O01954,Delayed,2026-05-09T05:00:00+09:00
SH01955,O01955,Delivered,2026-05-12T06:00:00+09:00
SH01956,O01956,InTransit,
SH01957,O01957,Delivered,2026-05-28T04:00:00+09:00
SH01958,O01958,Delivered,2026-06-27T05:00:00+09:00
SH01959,O01959,InTransit,
SH01960,O01960,Delivered,2026-05-31T05:00:00+09:00
SH01961,O01961,InTransit,
SH01962,O01962,Delivered,2026-05-28T05:00:00+09:00
SH01963,O01963,Delivered,2026-05-16T01:00:00+09:00
SH01964,O01964,InTransit,
SH01965,O01965,Delayed,2026-07-01T01:00:00+09:00
SH01966,O01966,Delayed,2026-06-30T08:00:00+09:00
SH01967,O01967,Delivered,2026-06-09T05:00:00+09:00
SH01968,O01968,Delayed,2026-06-27T04:00:00+09:00
SH01969,O01969,Delivered,2026-05-09T06:00:00+09:00
SH01970,O01970,Delayed,2026-05-31T06:00:00+09:00
SH01971,O01971,Delivered,2026-05-20T08:00:00+09:00
SH01972,O01972,Delivered,2026-06-10T10:00:00+09:00
SH01973,O01973,InTransit,
SH01974,O01974,InTransit,
SH01975,O01975,Delivered,2026-05-31T03:00:00+09:00
SH01976,O01976,Delayed,2026-06-02T06:00:00+09:00
SH01977,O01977,Delivered,2026-06-02T07:00:00+09:00
SH01978,O01978,Delivered,2026-05-13T07:00:00+09:00
SH01979,O01979,InTransit,
SH01980,O01980,Delayed,2026-05-08T11:00:00+09:00
SH01981,O01981,InTransit,
SH01982,O01982,Delayed,2026-05-13T12:00:00+09:00
SH01983,O01983,InTransit,
SH01984,O01984,Delivered,2026-05-26T02:00:00+09:00
SH01985,O01985,Delayed,2026-05-26T04:00:00+09:00
SH01986,O01986,Delayed,2026-06-27T00:00:00+09:00
SH01987,O01987,Delivered,2026-05-31T08:00:00+09:00
SH01988,O01988,InTransit,
SH01989,O01989,InTransit,
SH01990,O01990,InTransit,
SH01991,O01991,Delayed,2026-05-06T11:00:00+09:00
SH01992,O01992,Delayed,2026-06-24T12:00:00+09:00
SH01993,O01993,Delayed,2026-06-18T01:00:00+09:00
SH01994,O01994,Delayed,2026-05-12T11:00:00+09:00
SH01995,O01995,Delayed,2026-05-18T06:00:00+09:00
SH01996,O01996,Delivered,2026-06-22T11:00:00+09:00
SH01997,O01997,Delivered,2026-05-12T09:00:00+09:00
SH01998,O01998,Delayed,2026-06-03T00:00:00+09:00
SH01999,O01999,Delivered,2026-06-28T06:00:00+09:00
SH02000,O02000,InTransit,
SH09001,O09001,Delayed,2026-05-22T20:00:00+09:00
SH09002,O09002,Delayed,2026-05-23T19:30:00+09:00
SH09003,O09003,InTransit,
SH00001,O00002,Delivered,2026-05-04T09:00:00+09:00
