ticket_id,customer_id,order_id,ticket_type,ticket_reason,created_at
T00001,C00003,O00003,Payment,PaymentFailed,2026-05-01T08:43:00+09:00
T00002,C00006,O00006,Shipping,NoTrackingUpdate,2026-05-01T08:56:00+09:00
T00003,C00009,O00009,Return,SizeIssue,2026-05-01T09:09:00+09:00
T00004,C00012,O00012,Inquiry,NotAsDescribed,2026-05-01T09:22:00+09:00
T00005,C00015,O00015,Complaint,,2026-05-01T09:35:00+09:00
T00006,C00018,O00018,Payment,LateDelivery,2026-05-01T09:48:00+09:00
T00007,C00021,O00021,Shipping,PaymentFailed,2026-05-01T10:01:00+09:00
T00008,C00024,O00024,Return,NoTrackingUpdate,2026-05-01T10:14:00+09:00
T00009,C00027,O00027,Inquiry,SizeIssue,2026-05-01T10:27:00+09:00
T00010,C00030,O00030,Complaint,NotAsDescribed,2026-05-01T10:40:00+09:00
T00011,C00033,O00033,Payment,GeneralQuestion,2026-05-01T10:53:00+09:00
T00012,C00036,O00036,Shipping,LateDelivery,2026-05-01T11:06:00+09:00
T00013,C00039,O00039,Return,PaymentFailed,2026-05-01T11:19:00+09:00
T00014,C00042,O00042,Inquiry,NoTrackingUpdate,2026-05-01T11:32:00+09:00
T00015,C00045,O00045,Complaint,SizeIssue,2026-05-01T11:45:00+09:00
T00016,C00048,O00048,Payment,NotAsDescribed,2026-05-01T11:58:00+09:00
T00017,C00051,O00051,Shipping,GeneralQuestion,2026-05-01T12:11:00+09:00
T00018,C00054,O00054,Return,LateDelivery,2026-05-01T12:24:00+09:00
T00019,C00057,O00057,Inquiry,PaymentFailed,2026-05-01T12:37:00+09:00
T00020,C00060,O00060,Complaint,NoTrackingUpdate,2026-05-01T12:50:00+09:00
T00021,C00063,O00063,Payment,SizeIssue,2026-05-01T13:03:00+09:00
T00022,C00066,O00066,Shipping,NotAsDescribed,2026-05-01T13:16:00+09:00
T00023,C00069,O00069,Return,GeneralQuestion,2026-05-01T13:29:00+09:00
T00024,C00072,O00072,Inquiry,LateDelivery,2026-05-01T13:42:00+09:00
T00025,C00075,O00075,Complaint,PaymentFailed,2026-05-01T13:55:00+09:00
T00026,C00078,O00078,Payment,NoTrackingUpdate,2026-05-01T14:08:00+09:00
T00027,C00081,O00081,Shipping,SizeIssue,2026-05-01T14:21:00+09:00
T00028,C00084,O00084,Return,NotAsDescribed,2026-05-01T14:34:00+09:00
T00029,C00087,O00087,Inquiry,GeneralQuestion,2026-05-01T14:47:00+09:00
T00030,C00090,O00090,Complaint,LateDelivery,2026-05-01T15:00:00+09:00
T00031,C00093,O00093,Payment,PaymentFailed,2026-05-01T15:13:00+09:00
T00032,C00096,O00096,Shipping,NoTrackingUpdate,2026-05-01T15:26:00+09:00
T00033,C00099,O00099,Return,SizeIssue,2026-05-01T15:39:00+09:00
T00034,C00102,O00102,Inquiry,NotAsDescribed,2026-05-01T15:52:00+09:00
T00035,C00105,O00105,Complaint,GeneralQuestion,2026-05-01T16:05:00+09:00
T00036,C00108,O00108,Payment,LateDelivery,2026-05-01T16:18:00+09:00
T00037,C00111,O00111,Shipping,PaymentFailed,2026-05-01T16:31:00+09:00
T00038,C00114,O00114,Return,NoTrackingUpdate,2026-05-01T16:44:00+09:00
T00039,C00117,O00117,Inquiry,SizeIssue,2026-05-01T16:57:00+09:00
T00040,C00120,O00120,Complaint,NotAsDescribed,2026-05-01T17:10:00+09:00
T00041,C00123,O00123,Payment,GeneralQuestion,2026-05-01T17:23:00+09:00
T00042,C00126,O00126,Shipping,LateDelivery,2026-05-01T17:36:00+09:00
T00043,C00129,O00129,Return,PaymentFailed,2026-05-01T17:49:00+09:00
T00044,C00132,O00132,Inquiry,NoTrackingUpdate,2026-05-01T18:02:00+09:00
T00045,C00135,O00135,Complaint,SizeIssue,2026-05-01T18:15:00+09:00
T00046,C00138,O00138,Payment,NotAsDescribed,2026-05-01T18:28:00+09:00
T00047,C00141,O00141,Shipping,GeneralQuestion,2026-05-01T18:41:00+09:00
T00048,C00144,O00144,Return,LateDelivery,2026-05-01T18:54:00+09:00
T00049,C00147,O00147,Inquiry,PaymentFailed,2026-05-01T19:07:00+09:00
T00050,C00150,O00150,Complaint,NoTrackingUpdate,2026-05-01T19:20:00+09:00
T00051,C00153,O00153,Payment,SizeIssue,2026-05-01T19:33:00+09:00
T00052,C00156,O00156,Shipping,NotAsDescribed,2026-05-01T19:46:00+09:00
T00053,C00159,O00159,Return,GeneralQuestion,2026-05-01T19:59:00+09:00
T00054,C00162,O00162,Inquiry,LateDelivery,2026-05-01T20:12:00+09:00
T00055,C00165,O00165,Complaint,PaymentFailed,2026-05-01T20:25:00+09:00
T00056,C00168,O00168,Payment,NoTrackingUpdate,2026-05-01T20:38:00+09:00
T00057,C00171,O00171,Shipping,SizeIssue,2026-05-01T20:51:00+09:00
T00058,C00174,O00174,Return,NotAsDescribed,2026-05-01T21:04:00+09:00
T00059,C00177,O00177,Inquiry,GeneralQuestion,2026-05-01T21:17:00+09:00
T00060,C00180,O00180,Complaint,LateDelivery,2026-05-01T21:30:00+09:00
T00061,C00183,O00183,Payment,PaymentFailed,2026-05-01T21:43:00+09:00
T00062,C00186,O00186,Shipping,NoTrackingUpdate,2026-05-01T21:56:00+09:00
T00063,C00189,O00189,Return,SizeIssue,2026-05-01T22:09:00+09:00
T00064,C00192,O00192,Inquiry,NotAsDescribed,2026-05-01T22:22:00+09:00
T00065,C00195,O00195,Complaint,GeneralQuestion,2026-05-01T22:35:00+09:00
T00066,C00198,O00198,Payment,LateDelivery,2026-05-01T22:48:00+09:00
T00067,C00201,O00201,Shipping,PaymentFailed,2026-05-01T23:01:00+09:00
T00068,C00204,O00204,Return,NoTrackingUpdate,2026-05-01T23:14:00+09:00
T00069,C00207,O00207,Inquiry,SizeIssue,2026-05-01T23:27:00+09:00
T00070,C00210,O00210,Complaint,NotAsDescribed,2026-05-01T23:40:00+09:00
T00071,C00213,O00213,Payment,GeneralQuestion,2026-05-01T23:53:00+09:00
T00072,C00216,O00216,Shipping,LateDelivery,2026-05-02T00:06:00+09:00
T00073,C00219,O00219,Return,PaymentFailed,2026-05-02T00:19:00+09:00
T00074,C00222,O00222,Inquiry,NoTrackingUpdate,2026-05-02T00:32:00+09:00
T00075,C00225,O00225,Complaint,SizeIssue,2026-05-02T00:45:00+09:00
T00076,C00228,O00228,Payment,NotAsDescribed,2026-05-02T00:58:00+09:00
T00077,C00231,O00231,Shipping,GeneralQuestion,2026-05-02T01:11:00+09:00
T00078,C00234,O00234,Return,LateDelivery,2026-05-02T01:24:00+09:00
T00079,C00237,O00237,Inquiry,PaymentFailed,2026-05-02T01:37:00+09:00
T00080,C00240,O00240,Complaint,NoTrackingUpdate,2026-05-02T01:50:00+09:00
T00081,C00243,O00243,Payment,SizeIssue,2026-05-02T02:03:00+09:00
T00082,C00246,O00246,Shipping,NotAsDescribed,2026-05-02T02:16:00+09:00
T00083,C00249,O00249,Return,GeneralQuestion,2026-05-02T02:29:00+09:00
T00084,C00252,O00252,Inquiry,LateDelivery,2026-05-02T02:42:00+09:00
T00085,C00255,O00255,Complaint,PaymentFailed,2026-05-02T02:55:00+09:00
T00086,C00258,O00258,Payment,NoTrackingUpdate,2026-05-02T03:08:00+09:00
T00087,C00261,O00261,Shipping,SizeIssue,2026-05-02T03:21:00+09:00
T00088,C00264,O00264,Return,NotAsDescribed,2026-05-02T03:34:00+09:00
T00089,C00267,O00267,Inquiry,GeneralQuestion,2026-05-02T03:47:00+09:00
T00090,C00270,O00270,Complaint,LateDelivery,2026-05-02T04:00:00+09:00
T00091,C00273,O00273,Payment,PaymentFailed,2026-05-02T04:13:00+09:00
T00092,C00276,O00276,Shipping,NoTrackingUpdate,2026-05-02T04:26:00+09:00
T00093,C00279,O00279,Return,SizeIssue,2026-05-02T04:39:00+09:00
T00094,C00282,O00282,Inquiry,NotAsDescribed,2026-05-02T04:52:00+09:00
T00095,C00285,O00285,Complaint,GeneralQuestion,2026-05-02T05:05:00+09:00
T00096,C00288,O00288,Payment,LateDelivery,2026-05-02T05:18:00+09:00
T00097,C00291,O00291,Shipping,PaymentFailed,2026-05-02T05:31:00+09:00
T00098,C00294,O00294,Return,NoTrackingUpdate,2026-05-02T05:44:00+09:00
T00099,C00297,O00297,Inquiry,SizeIssue,2026-05-02T05:57:00+09:00
T00100,C00300,O00300,Complaint,NotAsDescribed,2026-05-02T06:10:00+09:00
T00101,C00303,O00303,Payment,GeneralQuestion,2026-05-02T06:23:00+09:00
T00102,C00306,O00306,Shipping,LateDelivery,2026-05-02T06:36:00+09:00
T00103,C00309,O00309,Return,PaymentFailed,2026-05-02T06:49:00+09:00
T00104,C00312,O00312,Inquiry,NoTrackingUpdate,2026-05-02T07:02:00+09:00
T00105,C00315,O00315,Complaint,SizeIssue,2026-05-02T07:15:00+09:00
T00106,C00318,O00318,Payment,NotAsDescribed,2026-05-02T07:28:00+09:00
T00107,C00321,O00321,Shipping,GeneralQuestion,2026-05-02T07:41:00+09:00
T00108,C00324,O00324,Return,LateDelivery,2026-05-02T07:54:00+09:00
T00109,C00327,O00327,Inquiry,PaymentFailed,2026-05-02T08:07:00+09:00
T00110,C00330,O00330,Complaint,NoTrackingUpdate,2026-05-02T08:20:00+09:00
T00111,C00333,O00333,Payment,SizeIssue,2026-05-02T08:33:00+09:00
T00112,C00336,O00336,Shipping,NotAsDescribed,2026-05-02T08:46:00+09:00
T00113,C00339,O00339,Return,GeneralQuestion,2026-05-02T08:59:00+09:00
T00114,C00342,O00342,Inquiry,LateDelivery,2026-05-02T09:12:00+09:00
T00115,C00345,O00345,Complaint,PaymentFailed,2026-05-02T09:25:00+09:00
T00116,C00348,O00348,Payment,NoTrackingUpdate,2026-05-02T09:38:00+09:00
T00117,C00351,O00351,Shipping,SizeIssue,2026-05-02T09:51:00+09:00
T00118,C00354,O00354,Return,NotAsDescribed,2026-05-02T10:04:00+09:00
T00119,C00357,O00357,Inquiry,GeneralQuestion,2026-05-02T10:17:00+09:00
T00120,C00360,O00360,Complaint,LateDelivery,2026-05-02T10:30:00+09:00
T00121,C00363,O00363,Payment,PaymentFailed,2026-05-02T10:43:00+09:00
T00122,C00366,O00366,Shipping,NoTrackingUpdate,2026-05-02T10:56:00+09:00
T00123,C00369,O00369,Return,SizeIssue,2026-05-02T11:09:00+09:00
T00124,C00372,O00372,Inquiry,NotAsDescribed,2026-05-02T11:22:00+09:00
T00125,C00375,O00375,Complaint,GeneralQuestion,2026-05-02T11:35:00+09:00
T00126,C00378,O00378,Payment,LateDelivery,2026-05-02T11:48:00+09:00
T00127,C00381,O00381,Shipping,PaymentFailed,2026-05-02T12:01:00+09:00
T00128,C00384,O00384,Return,NoTrackingUpdate,2026-05-02T12:14:00+09:00
T00129,C00387,O00387,Inquiry,SizeIssue,2026-05-02T12:27:00+09:00
T00130,C00390,O00390,Complaint,NotAsDescribed,2026-05-02T12:40:00+09:00
T00131,C00393,O00393,Payment,GeneralQuestion,2026-05-02T12:53:00+09:00
T00132,C00396,O00396,Shipping,LateDelivery,2026-05-02T13:06:00+09:00
T00133,C00399,O00399,Return,PaymentFailed,2026-05-02T13:19:00+09:00
T00134,C00402,O00402,Inquiry,NoTrackingUpdate,2026-05-02T13:32:00+09:00
T00135,C00405,O00405,Complaint,SizeIssue,2026-05-02T13:45:00+09:00
T00136,C00408,O00408,Payment,NotAsDescribed,2026-05-02T13:58:00+09:00
T00137,C00411,O00411,Shipping,GeneralQuestion,2026-05-02T14:11:00+09:00
T00138,C00414,O00414,Return,LateDelivery,2026-05-02T14:24:00+09:00
T00139,C00417,O00417,Inquiry,PaymentFailed,2026-05-02T14:37:00+09:00
T00140,C00420,O00420,Complaint,NoTrackingUpdate,2026-05-02T14:50:00+09:00
T00141,C00423,O00423,Payment,SizeIssue,2026-05-02T15:03:00+09:00
T00142,C00426,O00426,Shipping,NotAsDescribed,2026-05-02T15:16:00+09:00
T00143,C00429,O00429,Return,GeneralQuestion,2026-05-02T15:29:00+09:00
T00144,C00432,O00432,Inquiry,LateDelivery,2026-05-02T15:42:00+09:00
T00145,C00435,O00435,Complaint,PaymentFailed,2026-05-02T15:55:00+09:00
T00146,C00438,O00438,Payment,NoTrackingUpdate,2026-05-02T16:08:00+09:00
T00147,C00441,O00441,Shipping,SizeIssue,2026-05-02T16:21:00+09:00
T00148,C00444,O00444,Return,NotAsDescribed,2026-05-02T16:34:00+09:00
T00149,C00447,O00447,Inquiry,GeneralQuestion,2026-05-02T16:47:00+09:00
T00150,C00450,O00450,Complaint,LateDelivery,2026-05-02T17:00:00+09:00
T00151,C00453,O00453,Payment,PaymentFailed,2026-05-02T17:13:00+09:00
T00152,C00456,O00456,Shipping,NoTrackingUpdate,2026-05-02T17:26:00+09:00
T00153,C00459,O00459,Return,SizeIssue,2026-05-02T17:39:00+09:00
T00154,C00462,O00462,Inquiry,NotAsDescribed,2026-05-02T17:52:00+09:00
T00155,C00465,O00465,Complaint,GeneralQuestion,2026-05-02T18:05:00+09:00
T00156,C00468,O00468,Payment,LateDelivery,2026-05-02T18:18:00+09:00
T00157,C00471,O00471,Shipping,PaymentFailed,2026-05-02T18:31:00+09:00
T00158,C00474,O00474,Return,NoTrackingUpdate,2026-05-02T18:44:00+09:00
T00159,C00477,O00477,Inquiry,SizeIssue,2026-05-02T18:57:00+09:00
T00160,C00480,O00480,Complaint,NotAsDescribed,2026-05-02T19:10:00+09:00
T00161,C00483,O00483,Payment,GeneralQuestion,2026-05-02T19:23:00+09:00
T00162,C00486,O00486,Shipping,LateDelivery,2026-05-02T19:36:00+09:00
T00163,C00489,O00489,Return,PaymentFailed,2026-05-02T19:49:00+09:00
T00164,C00492,O00492,Inquiry,NoTrackingUpdate,2026-05-02T20:02:00+09:00
T00165,C00495,O00495,Complaint,SizeIssue,2026-05-02T20:15:00+09:00
T00166,C00498,O00498,Payment,NotAsDescribed,2026-05-02T20:28:00+09:00
T00167,C00501,O00501,Shipping,GeneralQuestion,2026-05-02T20:41:00+09:00
T00168,C00504,O00504,Return,LateDelivery,2026-05-02T20:54:00+09:00
T00169,C00507,O00507,Inquiry,PaymentFailed,2026-05-02T21:07:00+09:00
T00170,C00510,O00510,Complaint,NoTrackingUpdate,2026-05-02T21:20:00+09:00
T00171,C00513,O00513,Payment,SizeIssue,2026-05-02T21:33:00+09:00
T00172,C00516,O00516,Shipping,NotAsDescribed,2026-05-02T21:46:00+09:00
T00173,C00519,O00519,Return,GeneralQuestion,2026-05-02T21:59:00+09:00
T00174,C00522,O00522,Inquiry,LateDelivery,2026-05-02T22:12:00+09:00
T00175,C00525,O00525,Complaint,PaymentFailed,2026-05-02T22:25:00+09:00
T00176,C00528,O00528,Payment,NoTrackingUpdate,2026-05-02T22:38:00+09:00
T00177,C00531,O00531,Shipping,SizeIssue,2026-05-02T22:51:00+09:00
T00178,C00534,O00534,Return,NotAsDescribed,2026-05-02T23:04:00+09:00
T00179,C00537,O00537,Inquiry,GeneralQuestion,2026-05-02T23:17:00+09:00
T00180,C00540,O00540,Complaint,LateDelivery,2026-05-02T23:30:00+09:00
T00181,C00543,O00543,Payment,PaymentFailed,2026-05-02T23:43:00+09:00
T00182,C00546,O00546,Shipping,NoTrackingUpdate,2026-05-02T23:56:00+09:00
T00183,C00549,O00549,Return,SizeIssue,2026-05-03T00:09:00+09:00
T00184,C00552,O00552,Inquiry,NotAsDescribed,2026-05-03T00:22:00+09:00
T00185,C00555,O00555,Complaint,GeneralQuestion,2026-05-03T00:35:00+09:00
T00186,C00558,O00558,Payment,LateDelivery,2026-05-03T00:48:00+09:00
T00187,C00561,O00561,Shipping,PaymentFailed,2026-05-03T01:01:00+09:00
T00188,C00564,O00564,Return,NoTrackingUpdate,2026-05-03T01:14:00+09:00
T00189,C00567,O00567,Inquiry,SizeIssue,2026-05-03T01:27:00+09:00
T00190,C00570,O00570,Complaint,NotAsDescribed,2026-05-03T01:40:00+09:00
T00191,C00573,O00573,Payment,GeneralQuestion,2026-05-03T01:53:00+09:00
T00192,C00576,O00576,Shipping,LateDelivery,2026-05-03T02:06:00+09:00
T00193,C00579,O00579,Return,PaymentFailed,2026-05-03T02:19:00+09:00
T00194,C00582,O00582,Inquiry,NoTrackingUpdate,2026-05-03T02:32:00+09:00
T00195,C00585,O00585,Complaint,SizeIssue,2026-05-03T02:45:00+09:00
T00196,C00588,O00588,Payment,NotAsDescribed,2026-05-03T02:58:00+09:00
T00197,C00591,O00591,Shipping,GeneralQuestion,2026-05-03T03:11:00+09:00
T00198,C00594,O00594,Return,LateDelivery,2026-05-03T03:24:00+09:00
T00199,C00597,O00597,Inquiry,PaymentFailed,2026-05-03T03:37:00+09:00
T00200,C00600,O00600,Complaint,NoTrackingUpdate,2026-05-03T03:50:00+09:00
T00201,C00603,O00603,Payment,SizeIssue,2026-05-03T04:03:00+09:00
T00202,C00606,O00606,Shipping,NotAsDescribed,2026-05-03T04:16:00+09:00
T00203,C00609,O00609,Return,GeneralQuestion,2026-05-03T04:29:00+09:00
T00204,C00612,O00612,Inquiry,LateDelivery,2026-05-03T04:42:00+09:00
T00205,C00615,O00615,Complaint,PaymentFailed,2026-05-03T04:55:00+09:00
T00206,C00618,O00618,Payment,NoTrackingUpdate,2026-05-03T05:08:00+09:00
T00207,C00621,O00621,Shipping,SizeIssue,2026-05-03T05:21:00+09:00
T00208,C00624,O00624,Return,NotAsDescribed,2026-05-03T05:34:00+09:00
T00209,C00627,O00627,Inquiry,GeneralQuestion,2026-05-03T05:47:00+09:00
T00210,C00630,O00630,Complaint,LateDelivery,2026-05-03T06:00:00+09:00
T00211,C00633,O00633,Payment,PaymentFailed,2026-05-03T06:13:00+09:00
T00212,C00636,O00636,Shipping,NoTrackingUpdate,2026-05-03T06:26:00+09:00
T00213,C00639,O00639,Return,SizeIssue,2026-05-03T06:39:00+09:00
T00214,C00642,O00642,Inquiry,NotAsDescribed,2026-05-03T06:52:00+09:00
T00215,C00645,O00645,Complaint,GeneralQuestion,2026-05-03T07:05:00+09:00
T00216,C00648,O00648,Payment,LateDelivery,2026-05-03T07:18:00+09:00
T00217,C00651,O00651,Shipping,PaymentFailed,2026-05-03T07:31:00+09:00
T00218,C00654,O00654,Return,NoTrackingUpdate,2026-05-03T07:44:00+09:00
T00219,C00657,O00657,Inquiry,SizeIssue,2026-05-03T07:57:00+09:00
T00220,C00660,O00660,Complaint,NotAsDescribed,2026-05-03T08:10:00+09:00
T00221,C00663,O00663,Payment,GeneralQuestion,2026-05-03T08:23:00+09:00
T00222,C00666,O00666,Shipping,LateDelivery,2026-05-03T08:36:00+09:00
T00223,C00669,O00669,Return,PaymentFailed,2026-05-03T08:49:00+09:00
T00224,C00672,O00672,Inquiry,NoTrackingUpdate,2026-05-03T09:02:00+09:00
T00225,C00675,O00675,Complaint,SizeIssue,2026-05-03T09:15:00+09:00
T00226,C00678,O00678,Payment,NotAsDescribed,2026-05-03T09:28:00+09:00
T00227,C00681,O00681,Shipping,GeneralQuestion,2026-05-03T09:41:00+09:00
T00228,C00684,O00684,Return,LateDelivery,2026-05-03T09:54:00+09:00
T00229,C00687,O00687,Inquiry,PaymentFailed,2026-05-03T10:07:00+09:00
T00230,C00690,O00690,Complaint,NoTrackingUpdate,2026-05-03T10:20:00+09:00
T00231,C00693,O00693,Payment,SizeIssue,2026-05-03T10:33:00+09:00
T00232,C00696,O00696,Shipping,NotAsDescribed,2026-05-03T10:46:00+09:00
T00233,C00699,O00699,Return,GeneralQuestion,2026-05-03T10:59:00+09:00
T00234,C00702,O00702,Inquiry,LateDelivery,2026-05-03T11:12:00+09:00
T00235,C00705,O00705,Complaint,PaymentFailed,2026-05-03T11:25:00+09:00
T00236,C00708,O00708,Payment,NoTrackingUpdate,2026-05-03T11:38:00+09:00
T00237,C00711,O00711,Shipping,SizeIssue,2026-05-03T11:51:00+09:00
T00238,C00714,O00714,Return,NotAsDescribed,2026-05-03T12:04:00+09:00
T00239,C00717,O00717,Inquiry,GeneralQuestion,2026-05-03T12:17:00+09:00
T00240,C00720,O00720,Complaint,LateDelivery,2026-05-03T12:30:00+09:00
T00241,C00723,O00723,Payment,PaymentFailed,2026-05-03T12:43:00+09:00
T00242,C00726,O00726,Shipping,NoTrackingUpdate,2026-05-03T12:56:00+09:00
T00243,C00729,O00729,Return,SizeIssue,2026-05-03T13:09:00+09:00
T00244,C00732,O00732,Inquiry,NotAsDescribed,2026-05-03T13:22:00+09:00
T00245,C00735,O00735,Complaint,GeneralQuestion,2026-05-03T13:35:00+09:00
T00246,C00738,O00738,Payment,LateDelivery,2026-05-03T13:48:00+09:00
T00247,C00741,O00741,Shipping,PaymentFailed,2026-05-03T14:01:00+09:00
T00248,C00744,O00744,Return,NoTrackingUpdate,2026-05-03T14:14:00+09:00
T00249,C00747,O00747,Inquiry,SizeIssue,2026-05-03T14:27:00+09:00
T00250,C00750,O00750,Complaint,NotAsDescribed,2026-05-03T14:40:00+09:00
T00251,C00753,O00753,Payment,GeneralQuestion,2026-05-03T14:53:00+09:00
T00252,C00756,O00756,Shipping,LateDelivery,2026-05-03T15:06:00+09:00
T00253,C00759,O00759,Return,PaymentFailed,2026-05-03T15:19:00+09:00
T00254,C00762,O00762,Inquiry,NoTrackingUpdate,2026-05-03T15:32:00+09:00
T00255,C00765,O00765,Complaint,SizeIssue,2026-05-03T15:45:00+09:00
T00256,C00768,O00768,Payment,NotAsDescribed,2026-05-03T15:58:00+09:00
T00257,C00771,O00771,Shipping,GeneralQuestion,2026-05-03T16:11:00+09:00
T00258,C00774,O00774,Return,LateDelivery,2026-05-03T16:24:00+09:00
T00259,C00777,O00777,Inquiry,PaymentFailed,2026-05-03T16:37:00+09:00
T00260,C00780,O00780,Complaint,NoTrackingUpdate,2026-05-03T16:50:00+09:00
T00261,C00783,O00783,Payment,SizeIssue,2026-05-03T17:03:00+09:00
T00262,C00786,O00786,Shipping,NotAsDescribed,2026-05-03T17:16:00+09:00
T00263,C00789,O00789,Return,GeneralQuestion,2026-05-03T17:29:00+09:00
T00264,C00792,O00792,Inquiry,LateDelivery,2026-05-03T17:42:00+09:00
T00265,C00795,O00795,Complaint,PaymentFailed,2026-05-03T17:55:00+09:00
T00266,C00798,O00798,Payment,NoTrackingUpdate,2026-05-03T18:08:00+09:00
T00267,C00801,O00801,Shipping,SizeIssue,2026-05-03T18:21:00+09:00
T00268,C00804,O00804,Return,NotAsDescribed,2026-05-03T18:34:00+09:00
T00269,C00807,O00807,Inquiry,GeneralQuestion,2026-05-03T18:47:00+09:00
T00270,C00810,O00810,Complaint,LateDelivery,2026-05-03T19:00:00+09:00
T00271,C00813,O00813,Payment,PaymentFailed,2026-05-03T19:13:00+09:00
T00272,C00816,O00816,Shipping,NoTrackingUpdate,2026-05-03T19:26:00+09:00
T00273,C00819,O00819,Return,SizeIssue,2026-05-03T19:39:00+09:00
T00274,C00822,O00822,Inquiry,NotAsDescribed,2026-05-03T19:52:00+09:00
T00275,C00825,O00825,Complaint,GeneralQuestion,2026-05-03T20:05:00+09:00
T00276,C00828,O00828,Payment,LateDelivery,2026-05-03T20:18:00+09:00
T00277,C00831,O00831,Shipping,PaymentFailed,2026-05-03T20:31:00+09:00
T00278,C00834,O00834,Return,NoTrackingUpdate,2026-05-03T20:44:00+09:00
T00279,C00837,O00837,Inquiry,SizeIssue,2026-05-03T20:57:00+09:00
T00280,C00840,O00840,Complaint,NotAsDescribed,2026-05-03T21:10:00+09:00
T00281,C00843,O00843,Payment,GeneralQuestion,2026-05-03T21:23:00+09:00
T00282,C00846,O00846,Shipping,LateDelivery,2026-05-03T21:36:00+09:00
T00283,C00849,O00849,Return,PaymentFailed,2026-05-03T21:49:00+09:00
T00284,C00852,O00852,Inquiry,NoTrackingUpdate,2026-05-03T22:02:00+09:00
T00285,C00855,O00855,Complaint,SizeIssue,2026-05-03T22:15:00+09:00
T00286,C00858,O00858,Payment,NotAsDescribed,2026-05-03T22:28:00+09:00
T00287,C00861,O00861,Shipping,GeneralQuestion,2026-05-03T22:41:00+09:00
T00288,C00864,O00864,Return,LateDelivery,2026-05-03T22:54:00+09:00
T00289,C00867,O00867,Inquiry,PaymentFailed,2026-05-03T23:07:00+09:00
T00290,C00870,O00870,Complaint,NoTrackingUpdate,2026-05-03T23:20:00+09:00
T00291,C00873,O00873,Payment,SizeIssue,2026-05-03T23:33:00+09:00
T00292,C00876,O00876,Shipping,NotAsDescribed,2026-05-03T23:46:00+09:00
T00293,C00879,O00879,Return,GeneralQuestion,2026-05-03T23:59:00+09:00
T00294,C00882,O00882,Inquiry,LateDelivery,2026-05-04T00:12:00+09:00
T00295,C00885,O00885,Complaint,PaymentFailed,2026-05-04T00:25:00+09:00
T00296,C00888,O00888,Payment,NoTrackingUpdate,2026-05-04T00:38:00+09:00
T00297,C00891,O00891,Shipping,SizeIssue,2026-05-04T00:51:00+09:00
T00298,C00894,O00894,Return,NotAsDescribed,2026-05-04T01:04:00+09:00
T00299,C00897,O00897,Inquiry,GeneralQuestion,2026-05-04T01:17:00+09:00
T00300,C00900,O00900,Complaint,LateDelivery,2026-05-04T01:30:00+09:00
T00301,C00903,O00903,Payment,PaymentFailed,2026-05-04T01:43:00+09:00
T00302,C00906,O00906,Shipping,NoTrackingUpdate,2026-05-04T01:56:00+09:00
T00303,C00909,O00909,Return,SizeIssue,2026-05-04T02:09:00+09:00
T00304,C00912,O00912,Inquiry,NotAsDescribed,2026-05-04T02:22:00+09:00
T00305,C00915,O00915,Complaint,GeneralQuestion,2026-05-04T02:35:00+09:00
T00306,C00918,O00918,Payment,LateDelivery,2026-05-04T02:48:00+09:00
T00307,C00921,O00921,Shipping,PaymentFailed,2026-05-04T03:01:00+09:00
T00308,C00924,O00924,Return,NoTrackingUpdate,2026-05-04T03:14:00+09:00
T00309,C00927,O00927,Inquiry,SizeIssue,2026-05-04T03:27:00+09:00
T00310,C00930,O00930,Complaint,NotAsDescribed,2026-05-04T03:40:00+09:00
T00311,C00933,O00933,Payment,GeneralQuestion,2026-05-04T03:53:00+09:00
T00312,C00936,O00936,Shipping,LateDelivery,2026-05-04T04:06:00+09:00
T00313,C00939,O00939,Return,PaymentFailed,2026-05-04T04:19:00+09:00
T00314,C00942,O00942,Inquiry,NoTrackingUpdate,2026-05-04T04:32:00+09:00
T00315,C00945,O00945,Complaint,SizeIssue,2026-05-04T04:45:00+09:00
T00316,C00948,O00948,Payment,NotAsDescribed,2026-05-04T04:58:00+09:00
T00317,C00951,O00951,Shipping,GeneralQuestion,2026-05-04T05:11:00+09:00
T00318,C00954,O00954,Return,LateDelivery,2026-05-04T05:24:00+09:00
T00319,C00957,O00957,Inquiry,PaymentFailed,2026-05-04T05:37:00+09:00
T00320,C00960,O00960,Complaint,NoTrackingUpdate,2026-05-04T05:50:00+09:00
T00321,C00963,O00963,Payment,SizeIssue,2026-05-04T06:03:00+09:00
T00322,C00966,O00966,Shipping,NotAsDescribed,2026-05-04T06:16:00+09:00
T00323,C00969,O00969,Return,GeneralQuestion,2026-05-04T06:29:00+09:00
T00324,C00972,O00972,Inquiry,LateDelivery,2026-05-04T06:42:00+09:00
T00325,C00975,O00975,Complaint,PaymentFailed,2026-05-04T06:55:00+09:00
T00326,C00978,O00978,Payment,NoTrackingUpdate,2026-05-04T07:08:00+09:00
T00327,C00981,O00981,Shipping,SizeIssue,2026-05-04T07:21:00+09:00
T00328,C00984,O00984,Return,NotAsDescribed,2026-05-04T07:34:00+09:00
T00329,C00987,O00987,Inquiry,GeneralQuestion,2026-05-04T07:47:00+09:00
T00330,C00990,O00990,Complaint,LateDelivery,2026-05-04T08:00:00+09:00
T00331,C00993,O00993,Payment,PaymentFailed,2026-05-04T08:13:00+09:00
T00332,C00996,O00996,Shipping,NoTrackingUpdate,2026-05-04T08:26:00+09:00
T00333,C00999,O00999,Return,SizeIssue,2026-05-04T08:39:00+09:00
T00334,C01002,O01002,Inquiry,NotAsDescribed,2026-05-04T08:52:00+09:00
T00335,C01005,O01005,Complaint,GeneralQuestion,2026-05-04T09:05:00+09:00
T00336,C01008,O01008,Payment,LateDelivery,2026-05-04T09:18:00+09:00
T00337,C01011,O01011,Shipping,PaymentFailed,2026-05-04T09:31:00+09:00
T00338,C01014,O01014,Return,NoTrackingUpdate,2026-05-04T09:44:00+09:00
T00339,C01017,O01017,Inquiry,SizeIssue,2026-05-04T09:57:00+09:00
T00340,C01020,O01020,Complaint,NotAsDescribed,2026-05-04T10:10:00+09:00
T00341,C01023,O01023,Payment,GeneralQuestion,2026-05-04T10:23:00+09:00
T00342,C01026,O01026,Shipping,LateDelivery,2026-05-04T10:36:00+09:00
T00343,C01029,O01029,Return,PaymentFailed,2026-05-04T10:49:00+09:00
T00344,C01032,O01032,Inquiry,NoTrackingUpdate,2026-05-04T11:02:00+09:00
T00345,C01035,O01035,Complaint,SizeIssue,2026-05-04T11:15:00+09:00
T00346,C01038,O01038,Payment,NotAsDescribed,2026-05-04T11:28:00+09:00
T00347,C01041,O01041,Shipping,GeneralQuestion,2026-05-04T11:41:00+09:00
T00348,C01044,O01044,Return,LateDelivery,2026-05-04T11:54:00+09:00
T00349,C01047,O01047,Inquiry,PaymentFailed,2026-05-04T12:07:00+09:00
T00350,C01050,O01050,Complaint,NoTrackingUpdate,2026-05-04T12:20:00+09:00
T00351,C01053,O01053,Payment,SizeIssue,2026-05-04T12:33:00+09:00
T00352,C01056,O01056,Shipping,NotAsDescribed,2026-05-04T12:46:00+09:00
T00353,C01059,O01059,Return,GeneralQuestion,2026-05-04T12:59:00+09:00
T00354,C01062,O01062,Inquiry,LateDelivery,2026-05-04T13:12:00+09:00
T00355,C01065,O01065,Complaint,PaymentFailed,2026-05-04T13:25:00+09:00
T00356,C01068,O01068,Payment,NoTrackingUpdate,2026-05-04T13:38:00+09:00
T00357,C01071,O01071,Shipping,SizeIssue,2026-05-04T13:51:00+09:00
T00358,C01074,O01074,Return,NotAsDescribed,2026-05-04T14:04:00+09:00
T00359,C01077,O01077,Inquiry,GeneralQuestion,2026-05-04T14:17:00+09:00
T00360,C01080,O01080,Complaint,LateDelivery,2026-05-04T14:30:00+09:00
T00361,C01083,O01083,Payment,PaymentFailed,2026-05-04T14:43:00+09:00
T00362,C01086,O01086,Shipping,NoTrackingUpdate,2026-05-04T14:56:00+09:00
T00363,C01089,O01089,Return,SizeIssue,2026-05-04T15:09:00+09:00
T00364,C01092,O01092,Inquiry,NotAsDescribed,2026-05-04T15:22:00+09:00
T00365,C01095,O01095,Complaint,GeneralQuestion,2026-05-04T15:35:00+09:00
T00366,C01098,O01098,Payment,LateDelivery,2026-05-04T15:48:00+09:00
T00367,C01101,O01101,Shipping,PaymentFailed,2026-05-04T16:01:00+09:00
T00368,C01104,O01104,Return,NoTrackingUpdate,2026-05-04T16:14:00+09:00
T00369,C01107,O01107,Inquiry,SizeIssue,2026-05-04T16:27:00+09:00
T00370,C01110,O01110,Complaint,NotAsDescribed,2026-05-04T16:40:00+09:00
T00371,C01113,O01113,Payment,GeneralQuestion,2026-05-04T16:53:00+09:00
T00372,C01116,O01116,Shipping,LateDelivery,2026-05-04T17:06:00+09:00
T00373,C01119,O01119,Return,PaymentFailed,2026-05-04T17:19:00+09:00
T00374,C01122,O01122,Inquiry,NoTrackingUpdate,2026-05-04T17:32:00+09:00
T00375,C01125,O01125,Complaint,SizeIssue,2026-05-04T17:45:00+09:00
T00376,C01128,O01128,Payment,NotAsDescribed,2026-05-04T17:58:00+09:00
T00377,C01131,O01131,Shipping,GeneralQuestion,2026-05-04T18:11:00+09:00
T00378,C01134,O01134,Return,LateDelivery,2026-05-04T18:24:00+09:00
T00379,C01137,O01137,Inquiry,PaymentFailed,2026-05-04T18:37:00+09:00
T00380,C01140,O01140,Complaint,NoTrackingUpdate,2026-05-04T18:50:00+09:00
T00381,C01143,O01143,Payment,SizeIssue,2026-05-04T19:03:00+09:00
T00382,C01146,O01146,Shipping,NotAsDescribed,2026-05-04T19:16:00+09:00
T00383,C01149,O01149,Return,GeneralQuestion,2026-05-04T19:29:00+09:00
T00384,C01152,O01152,Inquiry,LateDelivery,2026-05-04T19:42:00+09:00
T00385,C01155,O01155,Complaint,PaymentFailed,2026-05-04T19:55:00+09:00
T00386,C01158,O01158,Payment,NoTrackingUpdate,2026-05-04T20:08:00+09:00
T00387,C01161,O01161,Shipping,SizeIssue,2026-05-04T20:21:00+09:00
T00388,C01164,O01164,Return,NotAsDescribed,2026-05-04T20:34:00+09:00
T00389,C01167,O01167,Inquiry,GeneralQuestion,2026-05-04T20:47:00+09:00
T00390,C01170,O01170,Complaint,LateDelivery,2026-05-04T21:00:00+09:00
T00391,C01173,O01173,Payment,PaymentFailed,2026-05-04T21:13:00+09:00
T00392,C01176,O01176,Shipping,NoTrackingUpdate,2026-05-04T21:26:00+09:00
T00393,C01179,O01179,Return,SizeIssue,2026-05-04T21:39:00+09:00
T00394,C01182,O01182,Inquiry,NotAsDescribed,2026-05-04T21:52:00+09:00
T00395,C01185,O01185,Complaint,GeneralQuestion,2026-05-04T22:05:00+09:00
T00396,C01188,O01188,Payment,LateDelivery,2026-05-04T22:18:00+09:00
T00397,C01191,O01191,Shipping,PaymentFailed,2026-05-04T22:31:00+09:00
T00398,C01194,O01194,Return,NoTrackingUpdate,2026-05-04T22:44:00+09:00
T00399,C01197,O01197,Inquiry,SizeIssue,2026-05-04T22:57:00+09:00
T00400,C01200,O01200,Complaint,NotAsDescribed,2026-05-04T23:10:00+09:00
T00401,C00003,O01203,Payment,GeneralQuestion,2026-05-04T23:23:00+09:00
T00402,C00006,O01206,Shipping,LateDelivery,2026-05-04T23:36:00+09:00
T00403,C00009,O01209,Return,PaymentFailed,2026-05-04T23:49:00+09:00
T00404,C00012,O01212,Inquiry,NoTrackingUpdate,2026-05-05T00:02:00+09:00
T00405,C00015,O01215,Complaint,SizeIssue,2026-05-05T00:15:00+09:00
T00406,C00018,O01218,Payment,NotAsDescribed,2026-05-05T00:28:00+09:00
T00407,C00021,O01221,Shipping,GeneralQuestion,2026-05-05T00:41:00+09:00
T00408,C00024,O01224,Return,LateDelivery,2026-05-05T00:54:00+09:00
T00409,C00027,O01227,Inquiry,PaymentFailed,2026-05-05T01:07:00+09:00
T00410,C00030,O01230,Complaint,NoTrackingUpdate,2026-05-05T01:20:00+09:00
T00411,C00033,O01233,Payment,SizeIssue,2026-05-05T01:33:00+09:00
T00412,C00036,O01236,Shipping,NotAsDescribed,2026-05-05T01:46:00+09:00
T00413,C00039,O01239,Return,GeneralQuestion,2026-05-05T01:59:00+09:00
T00414,C00042,O01242,Inquiry,LateDelivery,2026-05-05T02:12:00+09:00
T00415,C00045,O01245,Complaint,PaymentFailed,2026-05-05T02:25:00+09:00
T00416,C00048,O01248,Payment,NoTrackingUpdate,2026-05-05T02:38:00+09:00
T00417,C00051,O01251,Shipping,SizeIssue,2026-05-05T02:51:00+09:00
T00418,C00054,O01254,Return,NotAsDescribed,2026-05-05T03:04:00+09:00
T00419,C00057,O01257,Inquiry,GeneralQuestion,2026-05-05T03:17:00+09:00
T00420,C00060,O01260,Complaint,LateDelivery,2026-05-05T03:30:00+09:00
T00421,C00063,O01263,Payment,PaymentFailed,2026-05-05T03:43:00+09:00
T00422,C00066,O01266,Shipping,NoTrackingUpdate,2026-05-05T03:56:00+09:00
T00423,C00069,O01269,Return,SizeIssue,2026-05-05T04:09:00+09:00
T00424,C00072,O01272,Inquiry,NotAsDescribed,2026-05-05T04:22:00+09:00
T00425,C00075,O01275,Complaint,GeneralQuestion,2026-05-05T04:35:00+09:00
T00426,C00078,O01278,Payment,LateDelivery,2026-05-05T04:48:00+09:00
T00427,C00081,O01281,Shipping,PaymentFailed,2026-05-05T05:01:00+09:00
T00428,C00084,O01284,Return,NoTrackingUpdate,2026-05-05T05:14:00+09:00
T00429,C00087,O01287,Inquiry,SizeIssue,2026-05-05T05:27:00+09:00
T00430,C00090,O01290,Complaint,NotAsDescribed,2026-05-05T05:40:00+09:00
T00431,C00093,O01293,Payment,GeneralQuestion,2026-05-05T05:53:00+09:00
T00432,C00096,O01296,Shipping,LateDelivery,2026-05-05T06:06:00+09:00
T00433,C00099,O01299,Return,PaymentFailed,2026-05-05T06:19:00+09:00
T00434,C00102,O01302,Inquiry,NoTrackingUpdate,2026-05-05T06:32:00+09:00
T00435,C00105,O01305,Complaint,SizeIssue,2026-05-05T06:45:00+09:00
T00436,C00108,O01308,Payment,NotAsDescribed,2026-05-05T06:58:00+09:00
T00437,C00111,O01311,Shipping,GeneralQuestion,2026-05-05T07:11:00+09:00
T00438,C00114,O01314,Return,LateDelivery,2026-05-05T07:24:00+09:00
T00439,C00117,O01317,Inquiry,PaymentFailed,2026-05-05T07:37:00+09:00
T00440,C00120,O01320,Complaint,NoTrackingUpdate,2026-05-05T07:50:00+09:00
T00441,C00123,O01323,Payment,SizeIssue,2026-05-05T08:03:00+09:00
T00442,C00126,O01326,Shipping,NotAsDescribed,2026-05-05T08:16:00+09:00
T00443,C00129,O01329,Return,GeneralQuestion,2026-05-05T08:29:00+09:00
T00444,C00132,O01332,Inquiry,LateDelivery,2026-05-05T08:42:00+09:00
T00445,C00135,O01335,Complaint,PaymentFailed,2026-05-05T08:55:00+09:00
T00446,C00138,O01338,Payment,NoTrackingUpdate,2026-05-05T09:08:00+09:00
T00447,C00141,O01341,Shipping,SizeIssue,2026-05-05T09:21:00+09:00
T00448,C00144,O01344,Return,NotAsDescribed,2026-05-05T09:34:00+09:00
T00449,C00147,O01347,Inquiry,GeneralQuestion,2026-05-05T09:47:00+09:00
T00450,C00150,O01350,Complaint,LateDelivery,2026-05-05T10:00:00+09:00
T00451,C00153,O01353,Payment,PaymentFailed,2026-05-05T10:13:00+09:00
T00452,C00156,O01356,Shipping,NoTrackingUpdate,2026-05-05T10:26:00+09:00
T00453,C00159,O01359,Return,SizeIssue,2026-05-05T10:39:00+09:00
T00454,C00162,O01362,Inquiry,NotAsDescribed,2026-05-05T10:52:00+09:00
T00455,C00165,O01365,Complaint,GeneralQuestion,2026-05-05T11:05:00+09:00
T00456,C00168,O01368,Payment,LateDelivery,2026-05-05T11:18:00+09:00
T00457,C00171,O01371,Shipping,PaymentFailed,2026-05-05T11:31:00+09:00
T00458,C00174,O01374,Return,NoTrackingUpdate,2026-05-05T11:44:00+09:00
T00459,C00177,O01377,Inquiry,SizeIssue,2026-05-05T11:57:00+09:00
T00460,C00180,O01380,Complaint,NotAsDescribed,2026-05-05T12:10:00+09:00
T00461,C00183,O01383,Payment,GeneralQuestion,2026-05-05T12:23:00+09:00
T00462,C00186,O01386,Shipping,LateDelivery,2026-05-05T12:36:00+09:00
T00463,C00189,O01389,Return,PaymentFailed,2026-05-05T12:49:00+09:00
T00464,C00192,O01392,Inquiry,NoTrackingUpdate,2026-05-05T13:02:00+09:00
T00465,C00195,O01395,Complaint,SizeIssue,2026-05-05T13:15:00+09:00
T00466,C00198,O01398,Payment,NotAsDescribed,2026-05-05T13:28:00+09:00
T00467,C00201,O01401,Shipping,GeneralQuestion,2026-05-05T13:41:00+09:00
T00468,C00204,O01404,Return,LateDelivery,2026-05-05T13:54:00+09:00
T00469,C00207,O01407,Inquiry,PaymentFailed,2026-05-05T14:07:00+09:00
T00470,C00210,O01410,Complaint,NoTrackingUpdate,2026-05-05T14:20:00+09:00
T00471,C00213,O01413,Payment,SizeIssue,2026-05-05T14:33:00+09:00
T00472,C00216,O01416,Shipping,NotAsDescribed,2026-05-05T14:46:00+09:00
T00473,C00219,O01419,Return,GeneralQuestion,2026-05-05T14:59:00+09:00
T00474,C00222,O01422,Inquiry,LateDelivery,2026-05-05T15:12:00+09:00
T00475,C00225,O01425,Complaint,PaymentFailed,2026-05-05T15:25:00+09:00
T00476,C00228,O01428,Payment,NoTrackingUpdate,2026-05-05T15:38:00+09:00
T00477,C00231,O01431,Shipping,SizeIssue,2026-05-05T15:51:00+09:00
T00478,C00234,O01434,Return,NotAsDescribed,2026-05-05T16:04:00+09:00
T00479,C00237,O01437,Inquiry,GeneralQuestion,2026-05-05T16:17:00+09:00
T00480,C00240,O01440,Complaint,LateDelivery,2026-05-05T16:30:00+09:00
T00481,C00243,O01443,Payment,PaymentFailed,2026-05-05T16:43:00+09:00
T00482,C00246,O01446,Shipping,NoTrackingUpdate,2026-05-05T16:56:00+09:00
T00483,C00249,O01449,Return,SizeIssue,2026-05-05T17:09:00+09:00
T00484,C00252,O01452,Inquiry,NotAsDescribed,2026-05-05T17:22:00+09:00
T00485,C00255,O01455,Complaint,GeneralQuestion,2026-05-05T17:35:00+09:00
T00486,C00258,O01458,Payment,LateDelivery,2026-05-05T17:48:00+09:00
T00487,C00261,O01461,Shipping,PaymentFailed,2026-05-05T18:01:00+09:00
T00488,C00264,O01464,Return,NoTrackingUpdate,2026-05-05T18:14:00+09:00
T00489,C00267,O01467,Inquiry,SizeIssue,2026-05-05T18:27:00+09:00
T00490,C00270,O01470,Complaint,NotAsDescribed,2026-05-05T18:40:00+09:00
T00491,C00273,O01473,Payment,GeneralQuestion,2026-05-05T18:53:00+09:00
T00492,C00276,O01476,Shipping,LateDelivery,2026-05-05T19:06:00+09:00
T00493,C00279,O01479,Return,PaymentFailed,2026-05-05T19:19:00+09:00
T00494,C00282,O01482,Inquiry,NoTrackingUpdate,2026-05-05T19:32:00+09:00
T00495,C00285,O01485,Complaint,SizeIssue,2026-05-05T19:45:00+09:00
T00496,C00288,O01488,Payment,NotAsDescribed,2026-05-05T19:58:00+09:00
T00497,C00291,O01491,Shipping,GeneralQuestion,2026-05-05T20:11:00+09:00
T00498,C00294,O01494,Return,LateDelivery,2026-05-05T20:24:00+09:00
T00499,C00297,O01497,Inquiry,PaymentFailed,2026-05-05T20:37:00+09:00
T00500,C00300,O01500,Complaint,NoTrackingUpdate,2026-05-05T20:50:00+09:00
T00501,C00303,O01503,Payment,SizeIssue,2026-05-05T21:03:00+09:00
T00502,C00306,O01506,Shipping,NotAsDescribed,2026-05-05T21:16:00+09:00
T00503,C00309,O01509,Return,GeneralQuestion,2026-05-05T21:29:00+09:00
T00504,C00312,O01512,Inquiry,LateDelivery,2026-05-05T21:42:00+09:00
T00505,C00315,O01515,Complaint,PaymentFailed,2026-05-05T21:55:00+09:00
T00506,C00318,O01518,Payment,NoTrackingUpdate,2026-05-05T22:08:00+09:00
T00507,C00321,O01521,Shipping,SizeIssue,2026-05-05T22:21:00+09:00
T00508,C00324,O01524,Return,NotAsDescribed,2026-05-05T22:34:00+09:00
T00509,C00327,O01527,Inquiry,GeneralQuestion,2026-05-05T22:47:00+09:00
T00510,C00330,O01530,Complaint,LateDelivery,2026-05-05T23:00:00+09:00
T00511,C00333,O01533,Payment,PaymentFailed,2026-05-05T23:13:00+09:00
T00512,C00336,O01536,Shipping,NoTrackingUpdate,2026-05-05T23:26:00+09:00
T00513,C00339,O01539,Return,SizeIssue,2026-05-05T23:39:00+09:00
T00514,C00342,O01542,Inquiry,NotAsDescribed,2026-05-05T23:52:00+09:00
T00515,C00345,O01545,Complaint,GeneralQuestion,2026-05-06T00:05:00+09:00
T00516,C00348,O01548,Payment,LateDelivery,2026-05-06T00:18:00+09:00
T00517,C00351,O01551,Shipping,PaymentFailed,2026-05-06T00:31:00+09:00
T00518,C00354,O01554,Return,NoTrackingUpdate,2026-05-06T00:44:00+09:00
T00519,C00357,O01557,Inquiry,SizeIssue,2026-05-06T00:57:00+09:00
T00520,C00360,O01560,Complaint,NotAsDescribed,2026-05-06T01:10:00+09:00
T00521,C00363,O01563,Payment,GeneralQuestion,2026-05-06T01:23:00+09:00
T00522,C00366,O01566,Shipping,LateDelivery,2026-05-06T01:36:00+09:00
T00523,C00369,O01569,Return,PaymentFailed,2026-05-06T01:49:00+09:00
T00524,C00372,O01572,Inquiry,NoTrackingUpdate,2026-05-06T02:02:00+09:00
T00525,C00375,O01575,Complaint,SizeIssue,2026-05-06T02:15:00+09:00
T00526,C00378,O01578,Payment,NotAsDescribed,2026-05-06T02:28:00+09:00
T00527,C00381,O01581,Shipping,GeneralQuestion,2026-05-06T02:41:00+09:00
T00528,C00384,O01584,Return,LateDelivery,2026-05-06T02:54:00+09:00
T00529,C00387,O01587,Inquiry,PaymentFailed,2026-05-06T03:07:00+09:00
T00530,C00390,O01590,Complaint,NoTrackingUpdate,2026-05-06T03:20:00+09:00
T00531,C00393,O01593,Payment,SizeIssue,2026-05-06T03:33:00+09:00
T00532,C00396,O01596,Shipping,NotAsDescribed,2026-05-06T03:46:00+09:00
T00533,C00399,O01599,Return,GeneralQuestion,2026-05-06T03:59:00+09:00
T00534,C00402,O01602,Inquiry,LateDelivery,2026-05-06T04:12:00+09:00
T00535,C00405,O01605,Complaint,PaymentFailed,2026-05-06T04:25:00+09:00
T00536,C00408,O01608,Payment,NoTrackingUpdate,2026-05-06T04:38:00+09:00
T00537,C00411,O01611,Shipping,SizeIssue,2026-05-06T04:51:00+09:00
T00538,C00414,O01614,Return,NotAsDescribed,2026-05-06T05:04:00+09:00
T00539,C00417,O01617,Inquiry,GeneralQuestion,2026-05-06T05:17:00+09:00
T00540,C00420,O01620,Complaint,LateDelivery,2026-05-06T05:30:00+09:00
T00541,C00423,O01623,Payment,PaymentFailed,2026-05-06T05:43:00+09:00
T00542,C00426,O01626,Shipping,NoTrackingUpdate,2026-05-06T05:56:00+09:00
T00543,C00429,O01629,Return,SizeIssue,2026-05-06T06:09:00+09:00
T00544,C00432,O01632,Inquiry,NotAsDescribed,2026-05-06T06:22:00+09:00
T00545,C00435,O01635,Complaint,GeneralQuestion,2026-05-06T06:35:00+09:00
T00546,C00438,O01638,Payment,LateDelivery,2026-05-06T06:48:00+09:00
T00547,C00441,O01641,Shipping,PaymentFailed,2026-05-06T07:01:00+09:00
T00548,C00444,O01644,Return,NoTrackingUpdate,2026-05-06T07:14:00+09:00
T00549,C00447,O01647,Inquiry,SizeIssue,2026-05-06T07:27:00+09:00
T00550,C00450,O01650,Complaint,NotAsDescribed,2026-05-06T07:40:00+09:00
T00551,C00453,O01653,Payment,GeneralQuestion,2026-05-06T07:53:00+09:00
T00552,C00456,O01656,Shipping,LateDelivery,2026-05-06T08:06:00+09:00
T00553,C00459,O01659,Return,PaymentFailed,2026-05-06T08:19:00+09:00
T00554,C00462,O01662,Inquiry,NoTrackingUpdate,2026-05-06T08:32:00+09:00
T00555,C00465,O01665,Complaint,SizeIssue,2026-05-06T08:45:00+09:00
T00556,C00468,O01668,Payment,NotAsDescribed,2026-05-06T08:58:00+09:00
T00557,C00471,O01671,Shipping,GeneralQuestion,2026-05-06T09:11:00+09:00
T00558,C00474,O01674,Return,LateDelivery,2026-05-06T09:24:00+09:00
T00559,C00477,O01677,Inquiry,PaymentFailed,2026-05-06T09:37:00+09:00
T00560,C00480,O01680,Complaint,NoTrackingUpdate,2026-05-06T09:50:00+09:00
T00561,C00483,O01683,Payment,SizeIssue,2026-05-06T10:03:00+09:00
T00562,C00486,O01686,Shipping,NotAsDescribed,2026-05-06T10:16:00+09:00
T00563,C00489,O01689,Return,GeneralQuestion,2026-05-06T10:29:00+09:00
T00564,C00492,O01692,Inquiry,LateDelivery,2026-05-06T10:42:00+09:00
T00565,C00495,O01695,Complaint,PaymentFailed,2026-05-06T10:55:00+09:00
T00566,C00498,O01698,Payment,NoTrackingUpdate,2026-05-06T11:08:00+09:00
T00567,C00501,O01701,Shipping,SizeIssue,2026-05-06T11:21:00+09:00
T00568,C00504,O01704,Return,NotAsDescribed,2026-05-06T11:34:00+09:00
T00569,C00507,O01707,Inquiry,GeneralQuestion,2026-05-06T11:47:00+09:00
T00570,C00510,O01710,Complaint,LateDelivery,2026-05-06T12:00:00+09:00
T00571,C00513,O01713,Payment,PaymentFailed,2026-05-06T12:13:00+09:00
T00572,C00516,O01716,Shipping,NoTrackingUpdate,2026-05-06T12:26:00+09:00
T00573,C00519,O01719,Return,SizeIssue,2026-05-06T12:39:00+09:00
T00574,C00522,O01722,Inquiry,NotAsDescribed,2026-05-06T12:52:00+09:00
T00575,C00525,O01725,Complaint,GeneralQuestion,2026-05-06T13:05:00+09:00
T00576,C00528,O01728,Payment,LateDelivery,2026-05-06T13:18:00+09:00
T00577,C00531,O01731,Shipping,PaymentFailed,2026-05-06T13:31:00+09:00
T00578,C00534,O01734,Return,NoTrackingUpdate,2026-05-06T13:44:00+09:00
T00579,C00537,O01737,Inquiry,SizeIssue,2026-05-06T13:57:00+09:00
T00580,C00540,O01740,Complaint,NotAsDescribed,2026-05-06T14:10:00+09:00
T00581,C00543,O01743,Payment,GeneralQuestion,2026-05-06T14:23:00+09:00
T00582,C00546,O01746,Shipping,LateDelivery,2026-05-06T14:36:00+09:00
T00583,C00549,O01749,Return,PaymentFailed,2026-05-06T14:49:00+09:00
T00584,C00552,O01752,Inquiry,NoTrackingUpdate,2026-05-06T15:02:00+09:00
T00585,C00555,O01755,Complaint,SizeIssue,2026-05-06T15:15:00+09:00
T00586,C00558,O01758,Payment,NotAsDescribed,2026-05-06T15:28:00+09:00
T00587,C00561,O01761,Shipping,GeneralQuestion,2026-05-06T15:41:00+09:00
T00588,C00564,O01764,Return,LateDelivery,2026-05-06T15:54:00+09:00
T00589,C00567,O01767,Inquiry,PaymentFailed,2026-05-06T16:07:00+09:00
T00590,C00570,O01770,Complaint,NoTrackingUpdate,2026-05-06T16:20:00+09:00
T00591,C00573,O01773,Payment,SizeIssue,2026-05-06T16:33:00+09:00
T00592,C00576,O01776,Shipping,NotAsDescribed,2026-05-06T16:46:00+09:00
T00593,C00579,O01779,Return,GeneralQuestion,2026-05-06T16:59:00+09:00
T00594,C00582,O01782,Inquiry,LateDelivery,2026-05-06T17:12:00+09:00
T00595,C00585,O01785,Complaint,PaymentFailed,2026-05-06T17:25:00+09:00
T00596,C00588,O01788,Payment,NoTrackingUpdate,2026-05-06T17:38:00+09:00
T00597,C00591,O01791,Shipping,SizeIssue,2026-05-06T17:51:00+09:00
T00598,C00594,O01794,Return,NotAsDescribed,2026-05-06T18:04:00+09:00
T00599,C00597,O01797,Inquiry,GeneralQuestion,2026-05-06T18:17:00+09:00
T00600,C00600,O01800,Complaint,LateDelivery,2026-05-06T18:30:00+09:00
T00601,C00603,O01803,Payment,PaymentFailed,2026-05-06T18:43:00+09:00
T00602,C00606,O01806,Shipping,NoTrackingUpdate,2026-05-06T18:56:00+09:00
T00603,C00609,O01809,Return,SizeIssue,2026-05-06T19:09:00+09:00
T00604,C00612,O01812,Inquiry,NotAsDescribed,2026-05-06T19:22:00+09:00
T00605,C00615,O01815,Complaint,GeneralQuestion,2026-05-06T19:35:00+09:00
T00606,C00618,O01818,Payment,LateDelivery,2026-05-06T19:48:00+09:00
T00607,C00621,O01821,Shipping,PaymentFailed,2026-05-06T20:01:00+09:00
T00608,C00624,O01824,Return,NoTrackingUpdate,2026-05-06T20:14:00+09:00
T00609,C00627,O01827,Inquiry,SizeIssue,2026-05-06T20:27:00+09:00
T00610,C00630,O01830,Complaint,NotAsDescribed,2026-05-06T20:40:00+09:00
T00611,C00633,O01833,Payment,GeneralQuestion,2026-05-06T20:53:00+09:00
T00612,C00636,O01836,Shipping,LateDelivery,2026-05-06T21:06:00+09:00
T00613,C00639,O01839,Return,PaymentFailed,2026-05-06T21:19:00+09:00
T00614,C00642,O01842,Inquiry,NoTrackingUpdate,2026-05-06T21:32:00+09:00
T00615,C00645,O01845,Complaint,SizeIssue,2026-05-06T21:45:00+09:00
T00616,C00648,O01848,Payment,NotAsDescribed,2026-05-06T21:58:00+09:00
T00617,C00651,O01851,Shipping,GeneralQuestion,2026-05-06T22:11:00+09:00
T00618,C00654,O01854,Return,LateDelivery,2026-05-06T22:24:00+09:00
T00619,C00657,O01857,Inquiry,PaymentFailed,2026-05-06T22:37:00+09:00
T00620,C00660,O01860,Complaint,NoTrackingUpdate,2026-05-06T22:50:00+09:00
T00621,C00663,O01863,Payment,SizeIssue,2026-05-06T23:03:00+09:00
T00622,C00666,O01866,Shipping,NotAsDescribed,2026-05-06T23:16:00+09:00
T00623,C00669,O01869,Return,GeneralQuestion,2026-05-06T23:29:00+09:00
T00624,C00672,O01872,Inquiry,LateDelivery,2026-05-06T23:42:00+09:00
T00625,C00675,O01875,Complaint,PaymentFailed,2026-05-06T23:55:00+09:00
T00626,C00678,O01878,Payment,NoTrackingUpdate,2026-05-07T00:08:00+09:00
T00627,C00681,O01881,Shipping,SizeIssue,2026-05-07T00:21:00+09:00
T00628,C00684,O01884,Return,NotAsDescribed,2026-05-07T00:34:00+09:00
T00629,C00687,O01887,Inquiry,GeneralQuestion,2026-05-07T00:47:00+09:00
T00630,C00690,O01890,Complaint,LateDelivery,2026-05-07T01:00:00+09:00
T00631,C00693,O01893,Payment,PaymentFailed,2026-05-07T01:13:00+09:00
T00632,C00696,O01896,Shipping,NoTrackingUpdate,2026-05-07T01:26:00+09:00
T00633,C00699,O01899,Return,SizeIssue,2026-05-07T01:39:00+09:00
T00634,C00702,O01902,Inquiry,NotAsDescribed,2026-05-07T01:52:00+09:00
T00635,C00705,O01905,Complaint,GeneralQuestion,2026-05-07T02:05:00+09:00
T00636,C00708,O01908,Payment,LateDelivery,2026-05-07T02:18:00+09:00
T00637,C00711,O01911,Shipping,PaymentFailed,2026-05-07T02:31:00+09:00
T00638,C00714,O01914,Return,NoTrackingUpdate,2026-05-07T02:44:00+09:00
T00639,C00717,O01917,Inquiry,SizeIssue,2026-05-07T02:57:00+09:00
T00640,C00720,O01920,Complaint,NotAsDescribed,2026-05-07T03:10:00+09:00
T00641,C00723,O01923,Payment,GeneralQuestion,2026-05-07T03:23:00+09:00
T00642,C00726,O01926,Shipping,LateDelivery,2026-05-07T03:36:00+09:00
T00643,C00729,O01929,Return,PaymentFailed,2026-05-07T03:49:00+09:00
T00644,C00732,O01932,Inquiry,NoTrackingUpdate,2026-05-07T04:02:00+09:00
T00645,C00735,O01935,Complaint,SizeIssue,2026-05-07T04:15:00+09:00
T00646,C00738,O01938,Payment,NotAsDescribed,2026-05-07T04:28:00+09:00
T00647,C00741,O01941,Shipping,GeneralQuestion,2026-05-07T04:41:00+09:00
T00648,C00744,O01944,Return,LateDelivery,2026-05-07T04:54:00+09:00
T00649,C00747,O01947,Inquiry,PaymentFailed,2026-05-07T05:07:00+09:00
T00650,C00750,O01950,Complaint,NoTrackingUpdate,2026-05-07T05:20:00+09:00
T00651,C00753,O01953,Payment,SizeIssue,2026-05-07T05:33:00+09:00
T00652,C00756,O01956,Shipping,NotAsDescribed,2026-05-07T05:46:00+09:00
T00653,C00759,O01959,Return,GeneralQuestion,2026-05-07T05:59:00+09:00
T00654,C00762,O01962,Inquiry,LateDelivery,2026-05-07T06:12:00+09:00
T00655,C00765,O01965,Complaint,PaymentFailed,2026-05-07T06:25:00+09:00
T00656,C00768,O01968,Payment,NoTrackingUpdate,2026-05-07T06:38:00+09:00
T00657,C00771,O01971,Shipping,SizeIssue,2026-05-07T06:51:00+09:00
T00658,C00774,O01974,Return,NotAsDescribed,2026-05-07T07:04:00+09:00
T00659,C00777,O01977,Inquiry,GeneralQuestion,2026-05-07T07:17:00+09:00
T00660,C00780,O01980,Complaint,LateDelivery,2026-05-07T07:30:00+09:00
T00661,C00783,O01983,Payment,PaymentFailed,2026-05-07T07:43:00+09:00
T00662,C00786,O01986,Shipping,NoTrackingUpdate,2026-05-07T07:56:00+09:00
T00663,C00789,O01989,Return,SizeIssue,2026-05-07T08:09:00+09:00
T00664,C00792,O01992,Inquiry,NotAsDescribed,2026-05-07T08:22:00+09:00
T00665,C00795,O01995,Complaint,GeneralQuestion,2026-05-07T08:35:00+09:00
T00666,C00798,O01998,Payment,LateDelivery,2026-05-07T08:48:00+09:00
T00667,C00001,O00001,Shipping,PaymentFailed,2026-05-07T09:01:00+09:00
T00668,C00004,O00004,Return,NoTrackingUpdate,2026-05-07T09:14:00+09:00
T00669,C00007,O00007,Inquiry,SizeIssue,2026-05-07T09:27:00+09:00
T00670,C00010,O00010,Complaint,NotAsDescribed,2026-05-07T09:40:00+09:00
T00671,C00013,O00013,Payment,GeneralQuestion,2026-05-07T09:53:00+09:00
T00672,C00016,O00016,Shipping,LateDelivery,2026-05-07T10:06:00+09:00
T00673,C00019,O00019,Return,PaymentFailed,2026-05-07T10:19:00+09:00
T00674,C00022,O00022,Inquiry,NoTrackingUpdate,2026-05-07T10:32:00+09:00
T00675,C00025,O00025,Complaint,SizeIssue,2026-05-07T10:45:00+09:00
T00676,C00028,O00028,Payment,NotAsDescribed,2026-05-07T10:58:00+09:00
T00677,C00031,O00031,Shipping,GeneralQuestion,2026-05-07T11:11:00+09:00
T00678,C00034,O00034,Return,LateDelivery,2026-05-07T11:24:00+09:00
T00679,C00037,O00037,Inquiry,PaymentFailed,2026-05-07T11:37:00+09:00
T00680,C00040,O00040,Complaint,NoTrackingUpdate,2026-05-07T11:50:00+09:00
T00681,C00043,O00043,Payment,SizeIssue,2026-05-07T12:03:00+09:00
T00682,C00046,O00046,Shipping,NotAsDescribed,2026-05-07T12:16:00+09:00
T00683,C00049,O00049,Return,GeneralQuestion,2026-05-07T12:29:00+09:00
T00684,C00052,O00052,Inquiry,LateDelivery,2026-05-07T12:42:00+09:00
T00685,C00055,O00055,Complaint,PaymentFailed,2026-05-07T12:55:00+09:00
T00686,C00058,O00058,Payment,NoTrackingUpdate,2026-05-07T13:08:00+09:00
T00687,C00061,O00061,Shipping,SizeIssue,2026-05-07T13:21:00+09:00
T00688,C00064,O00064,Return,NotAsDescribed,2026-05-07T13:34:00+09:00
T00689,C00067,O00067,Inquiry,GeneralQuestion,2026-05-07T13:47:00+09:00
T00690,C00070,O00070,Complaint,LateDelivery,2026-05-07T14:00:00+09:00
T00691,C00073,O00073,Payment,PaymentFailed,2026-05-07T14:13:00+09:00
T00692,C00076,O00076,Shipping,NoTrackingUpdate,2026-05-07T14:26:00+09:00
T00693,C00079,O00079,Return,SizeIssue,2026-05-07T14:39:00+09:00
T00694,C00082,O00082,Inquiry,NotAsDescribed,2026-05-07T14:52:00+09:00
T00695,C00085,O00085,Complaint,GeneralQuestion,2026-05-07T15:05:00+09:00
T00696,C00088,O00088,Payment,LateDelivery,2026-05-07T15:18:00+09:00
T00697,C00091,O00091,Shipping,PaymentFailed,2026-05-07T15:31:00+09:00
T00698,C00094,O00094,Return,NoTrackingUpdate,2026-05-07T15:44:00+09:00
T00699,C00097,O00097,Inquiry,SizeIssue,2026-05-07T15:57:00+09:00
T00700,C00100,O00100,Complaint,NotAsDescribed,2026-05-07T16:10:00+09:00
T00701,C00103,O00103,Payment,GeneralQuestion,2026-05-07T16:23:00+09:00
T00702,C00106,O00106,Shipping,LateDelivery,2026-05-07T16:36:00+09:00
T00703,C00109,O00109,Return,PaymentFailed,2026-05-07T16:49:00+09:00
T00704,C00112,O00112,Inquiry,NoTrackingUpdate,2026-05-07T17:02:00+09:00
T00705,C00115,O00115,Complaint,SizeIssue,2026-05-07T17:15:00+09:00
T00706,C00118,O00118,Payment,NotAsDescribed,2026-05-07T17:28:00+09:00
T00707,C00121,O00121,Shipping,GeneralQuestion,2026-05-07T17:41:00+09:00
T00708,C00124,O00124,Return,LateDelivery,2026-05-07T17:54:00+09:00
T00709,C00127,O00127,Inquiry,PaymentFailed,2026-05-07T18:07:00+09:00
T00710,C00130,O00130,Complaint,NoTrackingUpdate,2026-05-07T18:20:00+09:00
T00711,C00133,O00133,Payment,SizeIssue,2026-05-07T18:33:00+09:00
T00712,C00136,O00136,Shipping,NotAsDescribed,2026-05-07T18:46:00+09:00
T00713,C00139,O00139,Return,GeneralQuestion,2026-05-07T18:59:00+09:00
T00714,C00142,O00142,Inquiry,LateDelivery,2026-05-07T19:12:00+09:00
T00715,C00145,O00145,Complaint,PaymentFailed,2026-05-07T19:25:00+09:00
T00716,C00148,O00148,Payment,NoTrackingUpdate,2026-05-07T19:38:00+09:00
T00717,C00151,O00151,Shipping,SizeIssue,2026-05-07T19:51:00+09:00
T00718,C00154,O00154,Return,NotAsDescribed,2026-05-07T20:04:00+09:00
T00719,C00157,O00157,Inquiry,GeneralQuestion,2026-05-07T20:17:00+09:00
T00720,C00160,O00160,Complaint,LateDelivery,2026-05-07T20:30:00+09:00
T00721,C00163,O00163,Payment,PaymentFailed,2026-05-07T20:43:00+09:00
T00722,C00166,O00166,Shipping,NoTrackingUpdate,2026-05-07T20:56:00+09:00
T00723,C00169,O00169,Return,SizeIssue,2026-05-07T21:09:00+09:00
T00724,C00172,O00172,Inquiry,NotAsDescribed,2026-05-07T21:22:00+09:00
T00725,C00175,O00175,Complaint,GeneralQuestion,2026-05-07T21:35:00+09:00
T00726,C00178,O00178,Payment,LateDelivery,2026-05-07T21:48:00+09:00
T00727,C00181,O00181,Shipping,PaymentFailed,2026-05-07T22:01:00+09:00
T00728,C00184,O00184,Return,NoTrackingUpdate,2026-05-07T22:14:00+09:00
T00729,C00187,O00187,Inquiry,SizeIssue,2026-05-07T22:27:00+09:00
T00730,C00190,O00190,Complaint,NotAsDescribed,2026-05-07T22:40:00+09:00
T00731,C00193,O00193,Payment,GeneralQuestion,2026-05-07T22:53:00+09:00
T00732,C00196,O00196,Shipping,LateDelivery,2026-05-07T23:06:00+09:00
T00733,C00199,O00199,Return,PaymentFailed,2026-05-07T23:19:00+09:00
T00734,C00202,O00202,Inquiry,NoTrackingUpdate,2026-05-07T23:32:00+09:00
T00735,C00205,O00205,Complaint,SizeIssue,2026-05-07T23:45:00+09:00
T00736,C00208,O00208,Payment,NotAsDescribed,2026-05-07T23:58:00+09:00
T00737,C00211,O00211,Shipping,GeneralQuestion,2026-05-08T00:11:00+09:00
T00738,C00214,O00214,Return,LateDelivery,2026-05-08T00:24:00+09:00
T00739,C00217,O00217,Inquiry,PaymentFailed,2026-05-08T00:37:00+09:00
T00740,C00220,O00220,Complaint,NoTrackingUpdate,2026-05-08T00:50:00+09:00
T00741,C00223,O00223,Payment,SizeIssue,2026-05-08T01:03:00+09:00
T00742,C00226,O00226,Shipping,NotAsDescribed,2026-05-08T01:16:00+09:00
T00743,C00229,O00229,Return,GeneralQuestion,2026-05-08T01:29:00+09:00
T00744,C00232,O00232,Inquiry,LateDelivery,2026-05-08T01:42:00+09:00
T00745,C00235,O00235,Complaint,PaymentFailed,2026-05-08T01:55:00+09:00
T00746,C00238,O00238,Payment,NoTrackingUpdate,2026-05-08T02:08:00+09:00
T00747,C00241,O00241,Shipping,SizeIssue,2026-05-08T02:21:00+09:00
T00748,C00244,O00244,Return,NotAsDescribed,2026-05-08T02:34:00+09:00
T00749,C00247,O00247,Inquiry,GeneralQuestion,2026-05-08T02:47:00+09:00
T00750,C00250,O00250,Complaint,LateDelivery,2026-05-08T03:00:00+09:00
T00751,C00253,O00253,Payment,PaymentFailed,2026-05-08T03:13:00+09:00
T00752,C00256,O00256,Shipping,NoTrackingUpdate,2026-05-08T03:26:00+09:00
T00753,C00259,O00259,Return,SizeIssue,2026-05-08T03:39:00+09:00
T00754,C00262,O00262,Inquiry,NotAsDescribed,2026-05-08T03:52:00+09:00
T00755,C00265,O00265,Complaint,GeneralQuestion,2026-05-08T04:05:00+09:00
T00756,C00268,O00268,Payment,LateDelivery,2026-05-08T04:18:00+09:00
T00757,C00271,O00271,Shipping,PaymentFailed,2026-05-08T04:31:00+09:00
T00758,C00274,O00274,Return,NoTrackingUpdate,2026-05-08T04:44:00+09:00
T00759,C00277,O00277,Inquiry,SizeIssue,2026-05-08T04:57:00+09:00
T00760,C00280,O00280,Complaint,NotAsDescribed,2026-05-08T05:10:00+09:00
T00761,C00283,O00283,Payment,GeneralQuestion,2026-05-08T05:23:00+09:00
T00762,C00286,O00286,Shipping,LateDelivery,2026-05-08T05:36:00+09:00
T00763,C00289,O00289,Return,PaymentFailed,2026-05-08T05:49:00+09:00
T00764,C00292,O00292,Inquiry,NoTrackingUpdate,2026-05-08T06:02:00+09:00
T00765,C00295,O00295,Complaint,SizeIssue,2026-05-08T06:15:00+09:00
T00766,C00298,O00298,Payment,NotAsDescribed,2026-05-08T06:28:00+09:00
T00767,C00301,O00301,Shipping,GeneralQuestion,2026-05-08T06:41:00+09:00
T00768,C00304,O00304,Return,LateDelivery,2026-05-08T06:54:00+09:00
T00769,C00307,O00307,Inquiry,PaymentFailed,2026-05-08T07:07:00+09:00
T00770,C00310,O00310,Complaint,NoTrackingUpdate,2026-05-08T07:20:00+09:00
T00771,C00313,O00313,Payment,SizeIssue,2026-05-08T07:33:00+09:00
T00772,C00316,O00316,Shipping,NotAsDescribed,2026-05-08T07:46:00+09:00
T00773,C00319,O00319,Return,GeneralQuestion,2026-05-08T07:59:00+09:00
T00774,C00322,O00322,Inquiry,LateDelivery,2026-05-08T08:12:00+09:00
T00775,C00325,O00325,Complaint,PaymentFailed,2026-05-08T08:25:00+09:00
T00776,C00328,O00328,Payment,NoTrackingUpdate,2026-05-08T08:38:00+09:00
T00777,C00331,O00331,Shipping,SizeIssue,2026-05-08T08:51:00+09:00
T00778,C00334,O00334,Return,NotAsDescribed,2026-05-08T09:04:00+09:00
T00779,C00337,O00337,Inquiry,GeneralQuestion,2026-05-08T09:17:00+09:00
T00780,C00340,O00340,Complaint,LateDelivery,2026-05-08T09:30:00+09:00
T00781,C00343,O00343,Payment,PaymentFailed,2026-05-08T09:43:00+09:00
T00782,C00346,O00346,Shipping,NoTrackingUpdate,2026-05-08T09:56:00+09:00
T00783,C00349,O00349,Return,SizeIssue,2026-05-08T10:09:00+09:00
T00784,C00352,O00352,Inquiry,NotAsDescribed,2026-05-08T10:22:00+09:00
T00785,C00355,O00355,Complaint,GeneralQuestion,2026-05-08T10:35:00+09:00
T00786,C00358,O00358,Payment,LateDelivery,2026-05-08T10:48:00+09:00
T00787,C00361,O00361,Shipping,PaymentFailed,2026-05-08T11:01:00+09:00
T00788,C00364,O00364,Return,NoTrackingUpdate,2026-05-08T11:14:00+09:00
T00789,C00367,O00367,Inquiry,SizeIssue,2026-05-08T11:27:00+09:00
T00790,C00370,O00370,Complaint,NotAsDescribed,2026-05-08T11:40:00+09:00
T00791,C00373,O00373,Payment,GeneralQuestion,2026-05-08T11:53:00+09:00
T00792,C00376,O00376,Shipping,LateDelivery,2026-05-08T12:06:00+09:00
T00793,C00379,O00379,Return,PaymentFailed,2026-05-08T12:19:00+09:00
T00794,C00382,O00382,Inquiry,NoTrackingUpdate,2026-05-08T12:32:00+09:00
T00795,C00385,O00385,Complaint,SizeIssue,2026-05-08T12:45:00+09:00
T00796,C00388,O00388,Payment,NotAsDescribed,2026-05-08T12:58:00+09:00
T00797,C00391,O00391,Shipping,GeneralQuestion,2026-05-08T13:11:00+09:00
T00798,C00394,O00394,Return,LateDelivery,2026-05-08T13:24:00+09:00
T00799,C00397,O00397,Inquiry,PaymentFailed,2026-05-08T13:37:00+09:00
T00800,C00400,O00400,Complaint,NoTrackingUpdate,2026-05-08T13:50:00+09:00
T00801,C00403,O00403,Payment,SizeIssue,2026-05-08T14:03:00+09:00
T00802,C00406,O00406,Shipping,NotAsDescribed,2026-05-08T14:16:00+09:00
T00803,C00409,O00409,Return,GeneralQuestion,2026-05-08T14:29:00+09:00
T00804,C00412,O00412,Inquiry,LateDelivery,2026-05-08T14:42:00+09:00
T00805,C00415,O00415,Complaint,PaymentFailed,2026-05-08T14:55:00+09:00
T00806,C00418,O00418,Payment,NoTrackingUpdate,2026-05-08T15:08:00+09:00
T00807,C00421,O00421,Shipping,SizeIssue,2026-05-08T15:21:00+09:00
T00808,C00424,O00424,Return,NotAsDescribed,2026-05-08T15:34:00+09:00
T00809,C00427,O00427,Inquiry,GeneralQuestion,2026-05-08T15:47:00+09:00
T00810,C00430,O00430,Complaint,LateDelivery,2026-05-08T16:00:00+09:00
T00811,C00433,O00433,Payment,PaymentFailed,2026-05-08T16:13:00+09:00
T00812,C00436,O00436,Shipping,NoTrackingUpdate,2026-05-08T16:26:00+09:00
T00813,C00439,O00439,Return,SizeIssue,2026-05-08T16:39:00+09:00
T00814,C00442,O00442,Inquiry,NotAsDescribed,2026-05-08T16:52:00+09:00
T00815,C00445,O00445,Complaint,GeneralQuestion,2026-05-08T17:05:00+09:00
T00816,C00448,O00448,Payment,LateDelivery,2026-05-08T17:18:00+09:00
T00817,C00451,O00451,Shipping,PaymentFailed,2026-05-08T17:31:00+09:00
T00818,C00454,O00454,Return,NoTrackingUpdate,2026-05-08T17:44:00+09:00
T00819,C00457,O00457,Inquiry,SizeIssue,2026-05-08T17:57:00+09:00
T00820,C00460,O00460,Complaint,NotAsDescribed,2026-05-08T18:10:00+09:00
T00821,C00463,O00463,Payment,GeneralQuestion,2026-05-08T18:23:00+09:00
T00822,C00466,O00466,Shipping,LateDelivery,2026-05-08T18:36:00+09:00
T00823,C00469,O00469,Return,PaymentFailed,2026-05-08T18:49:00+09:00
T00824,C00472,O00472,Inquiry,NoTrackingUpdate,2026-05-08T19:02:00+09:00
T00825,C00475,O00475,Complaint,SizeIssue,2026-05-08T19:15:00+09:00
T00826,C00478,O00478,Payment,NotAsDescribed,2026-05-08T19:28:00+09:00
T00827,C00481,O00481,Shipping,GeneralQuestion,2026-05-08T19:41:00+09:00
T00828,C00484,O00484,Return,LateDelivery,2026-05-08T19:54:00+09:00
T00829,C00487,O00487,Inquiry,PaymentFailed,2026-05-08T20:07:00+09:00
T00830,C00490,O00490,Complaint,NoTrackingUpdate,2026-05-08T20:20:00+09:00
T00831,C00493,O00493,Payment,SizeIssue,2026-05-08T20:33:00+09:00
T00832,C00496,O00496,Shipping,NotAsDescribed,2026-05-08T20:46:00+09:00
T00833,C00499,O00499,Return,GeneralQuestion,2026-05-08T20:59:00+09:00
T00834,C00502,O00502,Inquiry,LateDelivery,2026-05-08T21:12:00+09:00
T00835,C00505,O00505,Complaint,PaymentFailed,2026-05-08T21:25:00+09:00
T00836,C00508,O00508,Payment,NoTrackingUpdate,2026-05-08T21:38:00+09:00
T00837,C00511,O00511,Shipping,SizeIssue,2026-05-08T21:51:00+09:00
T00838,C00514,O00514,Return,NotAsDescribed,2026-05-08T22:04:00+09:00
T00839,C00517,O00517,Inquiry,GeneralQuestion,2026-05-08T22:17:00+09:00
T00840,C00520,O00520,Complaint,LateDelivery,2026-05-08T22:30:00+09:00
T00841,C00523,O00523,Payment,PaymentFailed,2026-05-08T22:43:00+09:00
T00842,C00526,O00526,Shipping,NoTrackingUpdate,2026-05-08T22:56:00+09:00
T00843,C00529,O00529,Return,SizeIssue,2026-05-08T23:09:00+09:00
T00844,C00532,O00532,Inquiry,NotAsDescribed,2026-05-08T23:22:00+09:00
T00845,C00535,O00535,Complaint,GeneralQuestion,2026-05-08T23:35:00+09:00
T00846,C00538,O00538,Payment,LateDelivery,2026-05-08T23:48:00+09:00
T00847,C00541,O00541,Shipping,PaymentFailed,2026-05-09T00:01:00+09:00
T00848,C00544,O00544,Return,NoTrackingUpdate,2026-05-09T00:14:00+09:00
T00849,C00547,O00547,Inquiry,SizeIssue,2026-05-09T00:27:00+09:00
T00850,C00550,O00550,Complaint,NotAsDescribed,2026-05-09T00:40:00+09:00
T00851,C00553,O00553,Payment,GeneralQuestion,2026-05-09T00:53:00+09:00
T00852,C00556,O00556,Shipping,LateDelivery,2026-05-09T01:06:00+09:00
T00853,C00559,O00559,Return,PaymentFailed,2026-05-09T01:19:00+09:00
T00854,C00562,O00562,Inquiry,NoTrackingUpdate,2026-05-09T01:32:00+09:00
T00855,C00565,O00565,Complaint,SizeIssue,2026-05-09T01:45:00+09:00
T00856,C00568,O00568,Payment,NotAsDescribed,2026-05-09T01:58:00+09:00
T00857,C00571,O00571,Shipping,GeneralQuestion,2026-05-09T02:11:00+09:00
T00858,C00574,O00574,Return,LateDelivery,2026-05-09T02:24:00+09:00
T00859,C00577,O00577,Inquiry,PaymentFailed,2026-05-09T02:37:00+09:00
T00860,C00580,O00580,Complaint,NoTrackingUpdate,2026-05-09T02:50:00+09:00
T00861,C00583,O00583,Payment,SizeIssue,2026-05-09T03:03:00+09:00
T00862,C00586,O00586,Shipping,NotAsDescribed,2026-05-09T03:16:00+09:00
T00863,C00589,O00589,Return,GeneralQuestion,2026-05-09T03:29:00+09:00
T00864,C00592,O00592,Inquiry,LateDelivery,2026-05-09T03:42:00+09:00
T00865,C00595,O00595,Complaint,PaymentFailed,2026-05-09T03:55:00+09:00
T00866,C00598,O00598,Payment,NoTrackingUpdate,2026-05-09T04:08:00+09:00
T00867,C00601,O00601,Shipping,SizeIssue,2026-05-09T04:21:00+09:00
T00868,C00604,O00604,Return,NotAsDescribed,2026-05-09T04:34:00+09:00
T00869,C00607,O00607,Inquiry,GeneralQuestion,2026-05-09T04:47:00+09:00
T00870,C00610,O00610,Complaint,LateDelivery,2026-05-09T05:00:00+09:00
T00871,C00613,O00613,Payment,PaymentFailed,2026-05-09T05:13:00+09:00
T00872,C00616,O00616,Shipping,NoTrackingUpdate,2026-05-09T05:26:00+09:00
T00873,C00619,O00619,Return,SizeIssue,2026-05-09T05:39:00+09:00
T00874,C00622,O00622,Inquiry,NotAsDescribed,2026-05-09T05:52:00+09:00
T00875,C00625,O00625,Complaint,GeneralQuestion,2026-05-09T06:05:00+09:00
T00876,C00628,O00628,Payment,LateDelivery,2026-05-09T06:18:00+09:00
T00877,C00631,O00631,Shipping,PaymentFailed,2026-05-09T06:31:00+09:00
T00878,C00634,O00634,Return,NoTrackingUpdate,2026-05-09T06:44:00+09:00
T00879,C00637,O00637,Inquiry,SizeIssue,2026-05-09T06:57:00+09:00
T00880,C00640,O00640,Complaint,NotAsDescribed,2026-05-09T07:10:00+09:00
T00881,C00643,O00643,Payment,GeneralQuestion,2026-05-09T07:23:00+09:00
T00882,C00646,O00646,Shipping,LateDelivery,2026-05-09T07:36:00+09:00
T00883,C00649,O00649,Return,PaymentFailed,2026-05-09T07:49:00+09:00
T00884,C00652,O00652,Inquiry,NoTrackingUpdate,2026-05-09T08:02:00+09:00
T00885,C00655,O00655,Complaint,SizeIssue,2026-05-09T08:15:00+09:00
T00886,C00658,O00658,Payment,NotAsDescribed,2026-05-09T08:28:00+09:00
T00887,C00661,O00661,Shipping,GeneralQuestion,2026-05-09T08:41:00+09:00
T00888,C00664,O00664,Return,LateDelivery,2026-05-09T08:54:00+09:00
T00889,C00667,O00667,Inquiry,PaymentFailed,2026-05-09T09:07:00+09:00
T00890,C00670,O00670,Complaint,NoTrackingUpdate,2026-05-09T09:20:00+09:00
T00891,C00673,O00673,Payment,SizeIssue,2026-05-09T09:33:00+09:00
T00892,C00676,O00676,Shipping,NotAsDescribed,2026-05-09T09:46:00+09:00
T00893,C00679,O00679,Return,GeneralQuestion,2026-05-09T09:59:00+09:00
T00894,C00682,O00682,Inquiry,LateDelivery,2026-05-09T10:12:00+09:00
T00895,C00685,O00685,Complaint,PaymentFailed,2026-05-09T10:25:00+09:00
T00896,C00688,O00688,Payment,NoTrackingUpdate,2026-05-09T10:38:00+09:00
T00897,C00691,O00691,Shipping,SizeIssue,2026-05-09T10:51:00+09:00
T00898,C00694,O00694,Return,NotAsDescribed,2026-05-09T11:04:00+09:00
T00899,C00697,O00697,Inquiry,GeneralQuestion,2026-05-09T11:17:00+09:00
T00900,C00700,O00700,Complaint,LateDelivery,2026-05-09T11:30:00+09:00
T00901,C00703,O00703,Payment,PaymentFailed,2026-05-09T11:43:00+09:00
T00902,C00706,O00706,Shipping,NoTrackingUpdate,2026-05-09T11:56:00+09:00
T00903,C00709,O00709,Return,SizeIssue,2026-05-09T12:09:00+09:00
T00904,C00712,O00712,Inquiry,NotAsDescribed,2026-05-09T12:22:00+09:00
T00905,C00715,O00715,Complaint,GeneralQuestion,2026-05-09T12:35:00+09:00
T00906,C00718,O00718,Payment,LateDelivery,2026-05-09T12:48:00+09:00
T00907,C00721,O00721,Shipping,PaymentFailed,2026-05-09T13:01:00+09:00
T00908,C00724,O00724,Return,NoTrackingUpdate,2026-05-09T13:14:00+09:00
T00909,C00727,O00727,Inquiry,SizeIssue,2026-05-09T13:27:00+09:00
T00910,C00730,O00730,Complaint,NotAsDescribed,2026-05-09T13:40:00+09:00
T00911,C00733,O00733,Payment,GeneralQuestion,2026-05-09T13:53:00+09:00
T00912,C00736,O00736,Shipping,LateDelivery,2026-05-09T14:06:00+09:00
T00913,C00739,O00739,Return,PaymentFailed,2026-05-09T14:19:00+09:00
T00914,C00742,O00742,Inquiry,NoTrackingUpdate,2026-05-09T14:32:00+09:00
T00915,C00745,O00745,Complaint,SizeIssue,2026-05-09T14:45:00+09:00
T00916,C00748,O00748,Payment,NotAsDescribed,2026-05-09T14:58:00+09:00
T00917,C00751,O00751,Shipping,GeneralQuestion,2026-05-09T15:11:00+09:00
T00918,C00754,O00754,Return,LateDelivery,2026-05-09T15:24:00+09:00
T00919,C00757,O00757,Inquiry,PaymentFailed,2026-05-09T15:37:00+09:00
T00920,C00760,O00760,Complaint,NoTrackingUpdate,2026-05-09T15:50:00+09:00
T00921,C00763,O00763,Payment,SizeIssue,2026-05-09T16:03:00+09:00
T00922,C00766,O00766,Shipping,NotAsDescribed,2026-05-09T16:16:00+09:00
T00923,C00769,O00769,Return,GeneralQuestion,2026-05-09T16:29:00+09:00
T00924,C00772,O00772,Inquiry,LateDelivery,2026-05-09T16:42:00+09:00
T00925,C00775,O00775,Complaint,PaymentFailed,2026-05-09T16:55:00+09:00
T00926,C00778,O00778,Payment,NoTrackingUpdate,2026-05-09T17:08:00+09:00
T00927,C00781,O00781,Shipping,SizeIssue,2026-05-09T17:21:00+09:00
T00928,C00784,O00784,Return,NotAsDescribed,2026-05-09T17:34:00+09:00
T00929,C00787,O00787,Inquiry,GeneralQuestion,2026-05-09T17:47:00+09:00
T00930,C00790,O00790,Complaint,LateDelivery,2026-05-09T18:00:00+09:00
T00931,C00793,O00793,Payment,PaymentFailed,2026-05-09T18:13:00+09:00
T00932,C00796,O00796,Shipping,NoTrackingUpdate,2026-05-09T18:26:00+09:00
T00933,C00799,O00799,Return,SizeIssue,2026-05-09T18:39:00+09:00
T00934,C00802,O00802,Inquiry,NotAsDescribed,2026-05-09T18:52:00+09:00
T00935,C00805,O00805,Complaint,GeneralQuestion,2026-05-09T19:05:00+09:00
T00936,C00808,O00808,Payment,LateDelivery,2026-05-09T19:18:00+09:00
T00937,C00811,O00811,Shipping,PaymentFailed,2026-05-09T19:31:00+09:00
T00938,C00814,O00814,Return,NoTrackingUpdate,2026-05-09T19:44:00+09:00
T00939,C00817,O00817,Inquiry,SizeIssue,2026-05-09T19:57:00+09:00
T00940,C00820,O00820,Complaint,NotAsDescribed,2026-05-09T20:10:00+09:00
T00941,C00823,O00823,Payment,GeneralQuestion,2026-05-09T20:23:00+09:00
T00942,C00826,O00826,Shipping,LateDelivery,2026-05-09T20:36:00+09:00
T00943,C00829,O00829,Return,PaymentFailed,2026-05-09T20:49:00+09:00
T00944,C00832,O00832,Inquiry,NoTrackingUpdate,2026-05-09T21:02:00+09:00
T00945,C00835,O00835,Complaint,SizeIssue,2026-05-09T21:15:00+09:00
T00946,C00838,O00838,Payment,NotAsDescribed,2026-05-09T21:28:00+09:00
T00947,C00841,O00841,Shipping,GeneralQuestion,2026-05-09T21:41:00+09:00
T00948,C00844,O00844,Return,LateDelivery,2026-05-09T21:54:00+09:00
T00949,C00847,O00847,Inquiry,PaymentFailed,2026-05-09T22:07:00+09:00
T00950,C00850,O00850,Complaint,NoTrackingUpdate,2026-05-09T22:20:00+09:00
T00951,C00853,O00853,Payment,SizeIssue,2026-05-09T22:33:00+09:00
T00952,C00856,O00856,Shipping,NotAsDescribed,2026-05-09T22:46:00+09:00
T00953,C00859,O00859,Return,GeneralQuestion,2026-05-09T22:59:00+09:00
T00954,C00862,O00862,Inquiry,LateDelivery,2026-05-09T23:12:00+09:00
T00955,C00865,O00865,Complaint,PaymentFailed,2026-05-09T23:25:00+09:00
T00956,C00868,O00868,Payment,NoTrackingUpdate,2026-05-09T23:38:00+09:00
T00957,C00871,O00871,Shipping,SizeIssue,2026-05-09T23:51:00+09:00
T00958,C00874,O00874,Return,NotAsDescribed,2026-05-10T00:04:00+09:00
T00959,C00877,O00877,Inquiry,GeneralQuestion,2026-05-10T00:17:00+09:00
T00960,C00880,O00880,Complaint,LateDelivery,2026-05-10T00:30:00+09:00
T00961,C00883,O00883,Payment,PaymentFailed,2026-05-10T00:43:00+09:00
T00962,C00886,O00886,Shipping,NoTrackingUpdate,2026-05-10T00:56:00+09:00
T00963,C00889,O00889,Return,SizeIssue,2026-05-10T01:09:00+09:00
T00964,C00892,O00892,Inquiry,NotAsDescribed,2026-05-10T01:22:00+09:00
T00965,C00895,O00895,Complaint,GeneralQuestion,2026-05-10T01:35:00+09:00
T00966,C00898,O00898,Payment,LateDelivery,2026-05-10T01:48:00+09:00
T00967,C00901,O00901,Shipping,PaymentFailed,2026-05-10T02:01:00+09:00
T00968,C00904,O00904,Return,NoTrackingUpdate,2026-05-10T02:14:00+09:00
T00969,C00907,O00907,Inquiry,SizeIssue,2026-05-10T02:27:00+09:00
T00970,C00910,O00910,Complaint,NotAsDescribed,2026-05-10T02:40:00+09:00
T00971,C00913,O00913,Payment,GeneralQuestion,2026-05-10T02:53:00+09:00
T00972,C00916,O00916,Shipping,LateDelivery,2026-05-10T03:06:00+09:00
T00973,C00919,O00919,Return,PaymentFailed,2026-05-10T03:19:00+09:00
T00974,C00922,O00922,Inquiry,NoTrackingUpdate,2026-05-10T03:32:00+09:00
T00975,C00925,O00925,Complaint,SizeIssue,2026-05-10T03:45:00+09:00
T00976,C00928,O00928,Payment,NotAsDescribed,2026-05-10T03:58:00+09:00
T00977,C00931,O00931,Shipping,GeneralQuestion,2026-05-10T04:11:00+09:00
T00978,C00934,O00934,Return,LateDelivery,2026-05-10T04:24:00+09:00
T00979,C00937,O00937,Inquiry,PaymentFailed,2026-05-10T04:37:00+09:00
T00980,C00940,O00940,Complaint,NoTrackingUpdate,2026-05-10T04:50:00+09:00
T00981,C00943,O00943,Payment,SizeIssue,2026-05-10T05:03:00+09:00
T00982,C00946,O00946,Shipping,NotAsDescribed,2026-05-10T05:16:00+09:00
T00983,C00949,O00949,Return,GeneralQuestion,2026-05-10T05:29:00+09:00
T00984,C00952,O00952,Inquiry,LateDelivery,2026-05-10T05:42:00+09:00
T00985,C00955,O00955,Complaint,PaymentFailed,2026-05-10T05:55:00+09:00
T00986,C00958,O00958,Payment,NoTrackingUpdate,2026-05-10T06:08:00+09:00
T00987,C00961,O00961,Shipping,SizeIssue,2026-05-10T06:21:00+09:00
T00988,C00964,O00964,Return,NotAsDescribed,2026-05-10T06:34:00+09:00
T00989,C00967,O00967,Inquiry,GeneralQuestion,2026-05-10T06:47:00+09:00
T00990,C00970,O00970,Complaint,LateDelivery,2026-05-10T07:00:00+09:00
T00991,C00973,O00973,Payment,PaymentFailed,2026-05-10T07:13:00+09:00
T00992,C00976,O00976,Shipping,NoTrackingUpdate,2026-05-10T07:26:00+09:00
T00993,C00979,O00979,Return,SizeIssue,2026-05-10T07:39:00+09:00
T00994,C00982,O00982,Inquiry,NotAsDescribed,2026-05-10T07:52:00+09:00
T00995,C00985,O00985,Complaint,GeneralQuestion,2026-05-10T08:05:00+09:00
T00996,C00988,O00988,Payment,LateDelivery,2026-05-10T08:18:00+09:00
T00997,C00991,O00991,Shipping,PaymentFailed,2026-05-10T08:31:00+09:00
T00998,C00994,O00994,Return,NoTrackingUpdate,2026-05-10T08:44:00+09:00
T00999,C00997,O00997,Inquiry,SizeIssue,2026-05-10T08:57:00+09:00
T01000,C01000,O01000,Complaint,NotAsDescribed,2026-05-10T09:10:00+09:00
T01001,C01003,O01003,Payment,GeneralQuestion,2026-05-10T09:23:00+09:00
T01002,C01006,O01006,Shipping,LateDelivery,2026-05-10T09:36:00+09:00
T01003,C01009,O01009,Return,PaymentFailed,2026-05-10T09:49:00+09:00
T01004,C01012,O01012,Inquiry,NoTrackingUpdate,2026-05-10T10:02:00+09:00
T01005,C01015,O01015,Complaint,SizeIssue,2026-05-10T10:15:00+09:00
T01006,C01018,O01018,Payment,NotAsDescribed,2026-05-10T10:28:00+09:00
T01007,C01021,O01021,Shipping,GeneralQuestion,2026-05-10T10:41:00+09:00
T01008,C01024,O01024,Return,LateDelivery,2026-05-10T10:54:00+09:00
T01009,C01027,O01027,Inquiry,PaymentFailed,2026-05-10T11:07:00+09:00
T01010,C01030,O01030,Complaint,NoTrackingUpdate,2026-05-10T11:20:00+09:00
T01011,C01033,O01033,Payment,SizeIssue,2026-05-10T11:33:00+09:00
T01012,C01036,O01036,Shipping,NotAsDescribed,2026-05-10T11:46:00+09:00
T01013,C01039,O01039,Return,GeneralQuestion,2026-05-10T11:59:00+09:00
T01014,C01042,O01042,Inquiry,LateDelivery,2026-05-10T12:12:00+09:00
T01015,C01045,O01045,Complaint,PaymentFailed,2026-05-10T12:25:00+09:00
T01016,C01048,O01048,Payment,NoTrackingUpdate,2026-05-10T12:38:00+09:00
T01017,C01051,O01051,Shipping,SizeIssue,2026-05-10T12:51:00+09:00
T01018,C01054,O01054,Return,NotAsDescribed,2026-05-10T13:04:00+09:00
T01019,C01057,O01057,Inquiry,GeneralQuestion,2026-05-10T13:17:00+09:00
T01020,C01060,O01060,Complaint,LateDelivery,2026-05-10T13:30:00+09:00
T01021,C01063,O01063,Payment,PaymentFailed,2026-05-10T13:43:00+09:00
T01022,C01066,O01066,Shipping,NoTrackingUpdate,2026-05-10T13:56:00+09:00
T01023,C01069,O01069,Return,SizeIssue,2026-05-10T14:09:00+09:00
T01024,C01072,O01072,Inquiry,NotAsDescribed,2026-05-10T14:22:00+09:00
T01025,C01075,O01075,Complaint,GeneralQuestion,2026-05-10T14:35:00+09:00
T01026,C01078,O01078,Payment,LateDelivery,2026-05-10T14:48:00+09:00
T01027,C01081,O01081,Shipping,PaymentFailed,2026-05-10T15:01:00+09:00
T01028,C01084,O01084,Return,NoTrackingUpdate,2026-05-10T15:14:00+09:00
T01029,C01087,O01087,Inquiry,SizeIssue,2026-05-10T15:27:00+09:00
T01030,C01090,O01090,Complaint,NotAsDescribed,2026-05-10T15:40:00+09:00
T01031,C01093,O01093,Payment,GeneralQuestion,2026-05-10T15:53:00+09:00
T01032,C01096,O01096,Shipping,LateDelivery,2026-05-10T16:06:00+09:00
T01033,C01099,O01099,Return,PaymentFailed,2026-05-10T16:19:00+09:00
T01034,C01102,O01102,Inquiry,NoTrackingUpdate,2026-05-10T16:32:00+09:00
T01035,C01105,O01105,Complaint,SizeIssue,2026-05-10T16:45:00+09:00
T01036,C01108,O01108,Payment,NotAsDescribed,2026-05-10T16:58:00+09:00
T01037,C01111,O01111,Shipping,GeneralQuestion,2026-05-10T17:11:00+09:00
T01038,C01114,O01114,Return,LateDelivery,2026-05-10T17:24:00+09:00
T01039,C01117,O01117,Inquiry,PaymentFailed,2026-05-10T17:37:00+09:00
T01040,C01120,O01120,Complaint,NoTrackingUpdate,2026-05-10T17:50:00+09:00
T01041,C01123,O01123,Payment,SizeIssue,2026-05-10T18:03:00+09:00
T01042,C01126,O01126,Shipping,NotAsDescribed,2026-05-10T18:16:00+09:00
T01043,C01129,O01129,Return,GeneralQuestion,2026-05-10T18:29:00+09:00
T01044,C01132,O01132,Inquiry,LateDelivery,2026-05-10T18:42:00+09:00
T01045,C01135,O01135,Complaint,PaymentFailed,2026-05-10T18:55:00+09:00
T01046,C01138,O01138,Payment,NoTrackingUpdate,2026-05-10T19:08:00+09:00
T01047,C01141,O01141,Shipping,SizeIssue,2026-05-10T19:21:00+09:00
T01048,C01144,O01144,Return,NotAsDescribed,2026-05-10T19:34:00+09:00
T01049,C01147,O01147,Inquiry,GeneralQuestion,2026-05-10T19:47:00+09:00
T01050,C01150,O01150,Complaint,LateDelivery,2026-05-10T20:00:00+09:00
T01051,C01153,O01153,Payment,PaymentFailed,2026-05-10T20:13:00+09:00
T01052,C01156,O01156,Shipping,NoTrackingUpdate,2026-05-10T20:26:00+09:00
T01053,C01159,O01159,Return,SizeIssue,2026-05-10T20:39:00+09:00
T01054,C01162,O01162,Inquiry,NotAsDescribed,2026-05-10T20:52:00+09:00
T01055,C01165,O01165,Complaint,GeneralQuestion,2026-05-10T21:05:00+09:00
T01056,C01168,O01168,Payment,LateDelivery,2026-05-10T21:18:00+09:00
T01057,C01171,O01171,Shipping,PaymentFailed,2026-05-10T21:31:00+09:00
T01058,C01174,O01174,Return,NoTrackingUpdate,2026-05-10T21:44:00+09:00
T01059,C01177,O01177,Inquiry,SizeIssue,2026-05-10T21:57:00+09:00
T01060,C01180,O01180,Complaint,NotAsDescribed,2026-05-10T22:10:00+09:00
T01061,C01183,O01183,Payment,GeneralQuestion,2026-05-10T22:23:00+09:00
T01062,C01186,O01186,Shipping,LateDelivery,2026-05-10T22:36:00+09:00
T01063,C01189,O01189,Return,PaymentFailed,2026-05-10T22:49:00+09:00
T01064,C01192,O01192,Inquiry,NoTrackingUpdate,2026-05-10T23:02:00+09:00
T01065,C01195,O01195,Complaint,SizeIssue,2026-05-10T23:15:00+09:00
T01066,C01198,O01198,Payment,NotAsDescribed,2026-05-10T23:28:00+09:00
T01067,C00001,O01201,Shipping,GeneralQuestion,2026-05-10T23:41:00+09:00
T01068,C00004,O01204,Return,LateDelivery,2026-05-10T23:54:00+09:00
T01069,C00007,O01207,Inquiry,PaymentFailed,2026-05-11T00:07:00+09:00
T01070,C00010,O01210,Complaint,NoTrackingUpdate,2026-05-11T00:20:00+09:00
T01071,C00013,O01213,Payment,SizeIssue,2026-05-11T00:33:00+09:00
T01072,C00016,O01216,Shipping,NotAsDescribed,2026-05-11T00:46:00+09:00
T01073,C00019,O01219,Return,GeneralQuestion,2026-05-11T00:59:00+09:00
T01074,C00022,O01222,Inquiry,LateDelivery,2026-05-11T01:12:00+09:00
T01075,C00025,O01225,Complaint,PaymentFailed,2026-05-11T01:25:00+09:00
T01076,C00028,O01228,Payment,NoTrackingUpdate,2026-05-11T01:38:00+09:00
T01077,C00031,O01231,Shipping,SizeIssue,2026-05-11T01:51:00+09:00
T01078,C00034,O01234,Return,NotAsDescribed,2026-05-11T02:04:00+09:00
T01079,C00037,O01237,Inquiry,GeneralQuestion,2026-05-11T02:17:00+09:00
T01080,C00040,O01240,Complaint,LateDelivery,2026-05-11T02:30:00+09:00
T01081,C00043,O01243,Payment,PaymentFailed,2026-05-11T02:43:00+09:00
T01082,C00046,O01246,Shipping,NoTrackingUpdate,2026-05-11T02:56:00+09:00
T01083,C00049,O01249,Return,SizeIssue,2026-05-11T03:09:00+09:00
T01084,C00052,O01252,Inquiry,NotAsDescribed,2026-05-11T03:22:00+09:00
T01085,C00055,O01255,Complaint,GeneralQuestion,2026-05-11T03:35:00+09:00
T01086,C00058,O01258,Payment,LateDelivery,2026-05-11T03:48:00+09:00
T01087,C00061,O01261,Shipping,PaymentFailed,2026-05-11T04:01:00+09:00
T01088,C00064,O01264,Return,NoTrackingUpdate,2026-05-11T04:14:00+09:00
T01089,C00067,O01267,Inquiry,SizeIssue,2026-05-11T04:27:00+09:00
T01090,C00070,O01270,Complaint,NotAsDescribed,2026-05-11T04:40:00+09:00
T01091,C00073,O01273,Payment,GeneralQuestion,2026-05-11T04:53:00+09:00
T01092,C00076,O01276,Shipping,LateDelivery,2026-05-11T05:06:00+09:00
T01093,C00079,O01279,Return,PaymentFailed,2026-05-11T05:19:00+09:00
T01094,C00082,O01282,Inquiry,NoTrackingUpdate,2026-05-11T05:32:00+09:00
T01095,C00085,O01285,Complaint,SizeIssue,2026-05-11T05:45:00+09:00
T01096,C00088,O01288,Payment,NotAsDescribed,2026-05-11T05:58:00+09:00
T01097,C00091,O01291,Shipping,GeneralQuestion,2026-05-11T06:11:00+09:00
T01098,C00094,O01294,Return,LateDelivery,2026-05-11T06:24:00+09:00
T01099,C00097,O01297,Inquiry,PaymentFailed,2026-05-11T06:37:00+09:00
T01100,C00100,O01300,Complaint,NoTrackingUpdate,2026-05-11T06:50:00+09:00
T01101,C00103,O01303,Payment,SizeIssue,2026-05-11T07:03:00+09:00
T01102,C00106,O01306,Shipping,NotAsDescribed,2026-05-11T07:16:00+09:00
T01103,C00109,O01309,Return,GeneralQuestion,2026-05-11T07:29:00+09:00
T01104,C00112,O01312,Inquiry,LateDelivery,2026-05-11T07:42:00+09:00
T01105,C00115,O01315,Complaint,PaymentFailed,2026-05-11T07:55:00+09:00
T01106,C00118,O01318,Payment,NoTrackingUpdate,2026-05-11T08:08:00+09:00
T01107,C00121,O01321,Shipping,SizeIssue,2026-05-11T08:21:00+09:00
T01108,C00124,O01324,Return,NotAsDescribed,2026-05-11T08:34:00+09:00
T01109,C00127,O01327,Inquiry,GeneralQuestion,2026-05-11T08:47:00+09:00
T01110,C00130,O01330,Complaint,LateDelivery,2026-05-11T09:00:00+09:00
T01111,C00133,O01333,Payment,PaymentFailed,2026-05-11T09:13:00+09:00
T01112,C00136,O01336,Shipping,NoTrackingUpdate,2026-05-11T09:26:00+09:00
T01113,C00139,O01339,Return,SizeIssue,2026-05-11T09:39:00+09:00
T01114,C00142,O01342,Inquiry,NotAsDescribed,2026-05-11T09:52:00+09:00
T01115,C00145,O01345,Complaint,GeneralQuestion,2026-05-11T10:05:00+09:00
T01116,C00148,O01348,Payment,LateDelivery,2026-05-11T10:18:00+09:00
T01117,C00151,O01351,Shipping,PaymentFailed,2026-05-11T10:31:00+09:00
T01118,C00154,O01354,Return,NoTrackingUpdate,2026-05-11T10:44:00+09:00
T01119,C00157,O01357,Inquiry,SizeIssue,2026-05-11T10:57:00+09:00
T01120,C00160,O01360,Complaint,NotAsDescribed,2026-05-11T11:10:00+09:00
T01121,C00163,O01363,Payment,GeneralQuestion,2026-05-11T11:23:00+09:00
T01122,C00166,O01366,Shipping,LateDelivery,2026-05-11T11:36:00+09:00
T01123,C00169,O01369,Return,PaymentFailed,2026-05-11T11:49:00+09:00
T01124,C00172,O01372,Inquiry,NoTrackingUpdate,2026-05-11T12:02:00+09:00
T01125,C00175,O01375,Complaint,SizeIssue,2026-05-11T12:15:00+09:00
T01126,C00178,O01378,Payment,NotAsDescribed,2026-05-11T12:28:00+09:00
T01127,C00181,O01381,Shipping,GeneralQuestion,2026-05-11T12:41:00+09:00
T01128,C00184,O01384,Return,LateDelivery,2026-05-11T12:54:00+09:00
T01129,C00187,O01387,Inquiry,PaymentFailed,2026-05-11T13:07:00+09:00
T01130,C00190,O01390,Complaint,NoTrackingUpdate,2026-05-11T13:20:00+09:00
T01131,C00193,O01393,Payment,SizeIssue,2026-05-11T13:33:00+09:00
T01132,C00196,O01396,Shipping,NotAsDescribed,2026-05-11T13:46:00+09:00
T01133,C00199,O01399,Return,GeneralQuestion,2026-05-11T13:59:00+09:00
T01134,C00202,O01402,Inquiry,LateDelivery,2026-05-11T14:12:00+09:00
T01135,C00205,O01405,Complaint,PaymentFailed,2026-05-11T14:25:00+09:00
T01136,C00208,O01408,Payment,NoTrackingUpdate,2026-05-11T14:38:00+09:00
T01137,C00211,O01411,Shipping,SizeIssue,2026-05-11T14:51:00+09:00
T01138,C00214,O01414,Return,NotAsDescribed,2026-05-11T15:04:00+09:00
T01139,C00217,O01417,Inquiry,GeneralQuestion,2026-05-11T15:17:00+09:00
T01140,C00220,O01420,Complaint,LateDelivery,2026-05-11T15:30:00+09:00
T01141,C00223,O01423,Payment,PaymentFailed,2026-05-11T15:43:00+09:00
T01142,C00226,O01426,Shipping,NoTrackingUpdate,2026-05-11T15:56:00+09:00
T01143,C00229,O01429,Return,SizeIssue,2026-05-11T16:09:00+09:00
T01144,C00232,O01432,Inquiry,NotAsDescribed,2026-05-11T16:22:00+09:00
T01145,C00235,O01435,Complaint,GeneralQuestion,2026-05-11T16:35:00+09:00
T01146,C00238,O01438,Payment,LateDelivery,2026-05-11T16:48:00+09:00
T01147,C00241,O01441,Shipping,PaymentFailed,2026-05-11T17:01:00+09:00
T01148,C00244,O01444,Return,NoTrackingUpdate,2026-05-11T17:14:00+09:00
T01149,C00247,O01447,Inquiry,SizeIssue,2026-05-11T17:27:00+09:00
T01150,C00250,O01450,Complaint,NotAsDescribed,2026-05-11T17:40:00+09:00
T01151,C00253,O01453,Payment,GeneralQuestion,2026-05-11T17:53:00+09:00
T01152,C00256,O01456,Shipping,LateDelivery,2026-05-11T18:06:00+09:00
T01153,C00259,O01459,Return,PaymentFailed,2026-05-11T18:19:00+09:00
T01154,C00262,O01462,Inquiry,NoTrackingUpdate,2026-05-11T18:32:00+09:00
T01155,C00265,O01465,Complaint,SizeIssue,2026-05-11T18:45:00+09:00
T01156,C00268,O01468,Payment,NotAsDescribed,2026-05-11T18:58:00+09:00
T01157,C00271,O01471,Shipping,GeneralQuestion,2026-05-11T19:11:00+09:00
T01158,C00274,O01474,Return,LateDelivery,2026-05-11T19:24:00+09:00
T01159,C00277,O01477,Inquiry,PaymentFailed,2026-05-11T19:37:00+09:00
T01160,C00280,O01480,Complaint,NoTrackingUpdate,2026-05-11T19:50:00+09:00
T01161,C00283,O01483,Payment,SizeIssue,2026-05-11T20:03:00+09:00
T01162,C00286,O01486,Shipping,NotAsDescribed,2026-05-11T20:16:00+09:00
T01163,C00289,O01489,Return,GeneralQuestion,2026-05-11T20:29:00+09:00
T01164,C00292,O01492,Inquiry,LateDelivery,2026-05-11T20:42:00+09:00
T01165,C00295,O01495,Complaint,PaymentFailed,2026-05-11T20:55:00+09:00
T01166,C00298,O01498,Payment,NoTrackingUpdate,2026-05-11T21:08:00+09:00
T01167,C00301,O01501,Shipping,SizeIssue,2026-05-11T21:21:00+09:00
T01168,C00304,O01504,Return,NotAsDescribed,2026-05-11T21:34:00+09:00
T01169,C00307,O01507,Inquiry,GeneralQuestion,2026-05-11T21:47:00+09:00
T01170,C00310,O01510,Complaint,LateDelivery,2026-05-11T22:00:00+09:00
T01171,C00313,O01513,Payment,PaymentFailed,2026-05-11T22:13:00+09:00
T01172,C00316,O01516,Shipping,NoTrackingUpdate,2026-05-11T22:26:00+09:00
T01173,C00319,O01519,Return,SizeIssue,2026-05-11T22:39:00+09:00
T01174,C00322,O01522,Inquiry,NotAsDescribed,2026-05-11T22:52:00+09:00
T01175,C00325,O01525,Complaint,GeneralQuestion,2026-05-11T23:05:00+09:00
T01176,C00328,O01528,Payment,LateDelivery,2026-05-11T23:18:00+09:00
T01177,C00331,O01531,Shipping,PaymentFailed,2026-05-11T23:31:00+09:00
T01178,C00334,O01534,Return,NoTrackingUpdate,2026-05-11T23:44:00+09:00
T01179,C00337,O01537,Inquiry,SizeIssue,2026-05-11T23:57:00+09:00
T01180,C00340,O01540,Complaint,NotAsDescribed,2026-05-12T00:10:00+09:00
T01181,C00343,O01543,Payment,GeneralQuestion,2026-05-12T00:23:00+09:00
T01182,C00346,O01546,Shipping,LateDelivery,2026-05-12T00:36:00+09:00
T01183,C00349,O01549,Return,PaymentFailed,2026-05-12T00:49:00+09:00
T01184,C00352,O01552,Inquiry,NoTrackingUpdate,2026-05-12T01:02:00+09:00
T01185,C00355,O01555,Complaint,SizeIssue,2026-05-12T01:15:00+09:00
T01186,C00358,O01558,Payment,NotAsDescribed,2026-05-12T01:28:00+09:00
T01187,C00361,O01561,Shipping,GeneralQuestion,2026-05-12T01:41:00+09:00
T01188,C00364,O01564,Return,LateDelivery,2026-05-12T01:54:00+09:00
T01189,C00367,O01567,Inquiry,PaymentFailed,2026-05-12T02:07:00+09:00
T01190,C00370,O01570,Complaint,NoTrackingUpdate,2026-05-12T02:20:00+09:00
T01191,C00373,O01573,Payment,SizeIssue,2026-05-12T02:33:00+09:00
T01192,C00376,O01576,Shipping,NotAsDescribed,2026-05-12T02:46:00+09:00
T01193,C00379,O01579,Return,GeneralQuestion,2026-05-12T02:59:00+09:00
T01194,C00382,O01582,Inquiry,LateDelivery,2026-05-12T03:12:00+09:00
T01195,C00385,O01585,Complaint,PaymentFailed,2026-05-12T03:25:00+09:00
T01196,C00388,O01588,Payment,NoTrackingUpdate,2026-05-12T03:38:00+09:00
T01197,C00391,O01591,Shipping,SizeIssue,2026-05-12T03:51:00+09:00
T01198,C00394,O01594,Return,NotAsDescribed,2026-05-12T04:04:00+09:00
T01199,C00397,O01597,Inquiry,GeneralQuestion,2026-05-12T04:17:00+09:00
T01200,C00400,O01600,Complaint,LateDelivery,2026-05-12T04:30:00+09:00
T90001,C99999,O00001,Inquiry,GeneralQuestion,2026-05-02T09:00:00+09:00
T09001,C00010,O09001,Shipping,NoTrackingUpdate,2026-05-20T09:15:00+09:00
T09002,C00003,O09002,Complaint,LateDelivery,2026-05-21T14:40:00+09:00
T09003,C00008,O09003,Shipping,NoTrackingUpdate,2026-05-19T16:05:00+09:00
