"id","source","title","businessDate","owner","location","target","keywords","acl","status","qualityFlags"
"SP01","SharePoint","SummerPush 캠페인 킥오프 기획서","2026-04-15","최민석","sharepoint/Campaigns/01_SummerPush_Campaign_Kickoff_Plan.docx","/Track2-Sample/Campaigns/01_SummerPush_Campaign_Kickoff_Plan.docx","SummerPush;Social;CA00001;전환율","Workshop-Participants","Final",""
"SP02","SharePoint","SummerPush 중간 성과 리포트","2026-05-20","한유진","sharepoint/Campaigns/02_SummerPush_Mid_Campaign_Performance_Report.docx","/Track2-Sample/Campaigns/02_SummerPush_Mid_Campaign_Performance_Report.docx","SummerPush;결제 실패;RetrySuccess;전환율","Workshop-Participants","Final",""
"SP03","SharePoint","BackToSchool 캠페인 사전 준비 체크리스트","2026-07-10","최민석","sharepoint/Campaigns/03_BackToSchool_Prelaunch_Checklist.docx","/Track2-Sample/Campaigns/03_BackToSchool_Prelaunch_Checklist.docx","BackToSchool;OnlineMall;CA00002;AeroPhone X","Workshop-Participants","Final",""
"SP04","SharePoint","VIPRetention Platinum 고객 이탈 방지 플레이북","2026-05-12","송하늘","sharepoint/Campaigns/04_VIPRetention_Platinum_Churn_Prevention_Playbook.docx","/Track2-Sample/Campaigns/04_VIPRetention_Platinum_Churn_Prevention_Playbook.docx","VIPRetention;Platinum;MobileApp;CA00003","Workshop-Participants","Final",""
"SP05","SharePoint","FlashWeek 프로모션 정산 검토","2026-05-18","서지민","sharepoint/Campaigns/05_FlashWeek_Promotion_Settlement_Review.docx","/Track2-Sample/Campaigns/05_FlashWeek_Promotion_Settlement_Review.docx","FlashWeek;Percent;마진;CA00004","Workshop-Participants","Final",""
"SP06","SharePoint","배송 지연 원인 분석 및 고객 영향","2026-05-23","윤가영","sharepoint/Operations/06_Delivery_Delay_Root_Cause_and_Customer_Impact.docx","/Track2-Sample/Operations/06_Delivery_Delay_Root_Cause_and_Customer_Impact.docx","배송 지연;VIPRetention;Platinum;반품률","Workshop-Participants","Draft","draft"
"SP07","SharePoint","UltraBook 15 재고 부족 대응 플레이북","2026-05-16","오지훈","sharepoint/Operations/07_UltraBook15_Stockout_Response_Playbook.docx","/Track2-Sample/Operations/07_UltraBook15_Stockout_Response_Playbook.docx","UltraBook 15;S09003;O09003;SH09003","Workshop-Participants","Final",""
"SP08","SharePoint","프로모션 유형별 마진 분석","2026-05-19","서지민","sharepoint/Analytics/08_Promotion_Type_Margin_Analysis.docx","/Track2-Sample/Analytics/08_Promotion_Type_Margin_Analysis.docx","Percent;Amount;Bundle;BOGO;FlashWeek","Workshop-Participants","Final",""
"SP09","SharePoint","채널 및 고객등급별 반품 분석","2026-05-26","한유진","sharepoint/Analytics/09_Return_Analysis_by_Channel_and_Customer_Tier.docx","/Track2-Sample/Analytics/09_Return_Analysis_by_Channel_and_Customer_Tier.docx","Platinum;MobileApp;OfflineStore;NotAsDescribed","Workshop-Participants","Final",""
"SP10","SharePoint","결제 실패 및 재시도 사후 분석","2026-05-21","정도윤","sharepoint/Operations/10_Payment_Failure_and_Retry_Postmortem.docx","/Track2-Sample/Operations/10_Payment_Failure_and_Retry_Postmortem.docx","결제 실패;RetrySuccess;PAY00019;AeroPhone X","Workshop-Participants","Final",""
"SP11","SharePoint","Track1 데이터 품질 개선 등록부","2026-05-27","임채원","sharepoint/DataQuality/11_Track1_Data_Quality_Improvement_Register.docx","/Track2-Sample/DataQuality/11_Track1_Data_Quality_Improvement_Register.docx","PAY90001;T90001;SH00001;O00007;O00600","Workshop-Data-Stewards","Restricted","restricted"
"SP12","SharePoint","Q3 리더십 운영 리스크 브리핑","2026-07-11","이현지","sharepoint/Leadership/12_Q3_Leadership_Operational_Risk_Briefing.docx","/Track2-Sample/Leadership/12_Q3_Leadership_Operational_Risk_Briefing.docx","BackToSchool;AeroPhone X;SmartWatch Pro;UltraBook 15","Workshop-Leaders","Final",""
"SP13","SharePoint","채널 및 고객등급별 반품 심층 분석","2026-06-02","한유진","sharepoint/Analytics/13_Deep_Dive_Return_Analysis_by_Channel_and_Tier.docx","/Track2-Sample/Analytics/13_Deep_Dive_Return_Analysis_by_Channel_and_Tier.docx","ChangedMind;Damaged;SizeIssue;Gold;Silver;Bronze","Workshop-Participants","Final",""
"SP14","SharePoint","비전자 카테고리 수요 및 재고 리뷰","2026-06-04","오지훈","sharepoint/Operations/14_Non_Electronics_Demand_and_Inventory_Review.docx","/Track2-Sample/Operations/14_Non_Electronics_Demand_and_Inventory_Review.docx","ComfyChair Home;DailyTee Cotton;BackToSchool;SummerPush","Workshop-Participants","Final",""
"SP15","SharePoint","DailyTee Cotton 상세 설명 개선 리포트","2026-06-06","최민석","sharepoint/Campaigns/15_DailyTeeCotton_Product_Description_Improvement_Report.docx","/Track2-Sample/Campaigns/15_DailyTeeCotton_Product_Description_Improvement_Report.docx","DailyTee Cotton;NotAsDescribed;SizeIssue;Silver","Workshop-Participants","Final",""
"OD01","OneDrive","Platinum 고객 DailyTee Cotton 반품 미팅 노트","2026-05-22","송하늘","onedrive/MeetingNotes/01_Platinum_Customer_DailyTeeCotton_Return_Meeting_Notes.docx","/Track2-Sample/MeetingNotes/01_Platinum_Customer_DailyTeeCotton_Return_Meeting_Notes.docx","Platinum;DailyTee Cotton;NotAsDescribed;VIPRetention","Workshop-Participants","Final",""
"OD02","OneDrive","결제 장애 워룸 회의록","2026-05-19","정도윤","onedrive/MeetingNotes/02_Payment_Incident_War_Room_Notes.docx","/Track2-Sample/MeetingNotes/02_Payment_Incident_War_Room_Notes.docx","AeroPhone X;RetrySuccess;SummerPush;PAY00019","Workshop-Participants","Final",""
"OD03","OneDrive","재고·물류·CS 합동 회의록","2026-05-17","오지훈","onedrive/MeetingNotes/03_Inventory_Logistics_CS_Joint_Meeting_Notes.docx","/Track2-Sample/MeetingNotes/03_Inventory_Logistics_CS_Joint_Meeting_Notes.docx","AeroPhone X;SmartWatch Pro;UltraBook 15;배송 지연","Workshop-Participants","Final",""
"OD04","OneDrive","캠페인 주간 성과 리뷰 노트","2026-05-21","한유진","onedrive/MeetingNotes/04_Weekly_Campaign_Performance_Review_Notes.docx","/Track2-Sample/MeetingNotes/04_Weekly_Campaign_Performance_Review_Notes.docx","SummerPush;FlashWeek;BackToSchool;전환율","Workshop-Participants","Draft","draft"
"OD05","OneDrive","반품 VOC 분류 워크숍 노트","2026-05-25","배수민","onedrive/MeetingNotes/05_Return_VOC_Classification_Workshop_Notes.docx","/Track2-Sample/MeetingNotes/05_Return_VOC_Classification_Workshop_Notes.docx","NotAsDescribed;LateDelivery;MobileApp;OfflineStore","Workshop-Participants","Final",""
"OD06","OneDrive","Track1 데이터 품질 개선 회의록","2026-05-27","임채원","onedrive/MeetingNotes/06_Data_Quality_Improvement_Meeting_Notes.docx","/Track2-Sample/MeetingNotes/06_Data_Quality_Improvement_Meeting_Notes.docx","PAY90001;T90001;SH00001;RetrySuccess","Workshop-Data-Stewards","Restricted","restricted"
"OD07","OneDrive","리더십 조식 브리핑 템플릿","2026-05-01","이현지","onedrive/Briefings/07_Leadership_Breakfast_Briefing_Template.docx","/Track2-Sample/Briefings/07_Leadership_Breakfast_Briefing_Template.docx","정형 지표;M365 근거;원본 링크;조치안","Workshop-Participants","Template",""
"OD08","OneDrive","BackToSchool Go/No-Go 회의록","2026-07-11","최민석","onedrive/MeetingNotes/08_BackToSchool_Go_No_Go_Meeting_Notes.docx","/Track2-Sample/MeetingNotes/08_BackToSchool_Go_No_Go_Meeting_Notes.docx","BackToSchool;OnlineMall;AeroPhone X;Go/No-Go","Workshop-Leaders","Final",""
"OD09","OneDrive","FlashWeek 마진 의사결정 노트","2026-05-19","서지민","onedrive/MeetingNotes/09_FlashWeek_Margin_Decision_Notes.docx","/Track2-Sample/MeetingNotes/09_FlashWeek_Margin_Decision_Notes.docx","FlashWeek;Percent;Bundle;마진","Workshop-Participants","Final",""
"OD10","OneDrive","Track3 근거 통합 브리핑 초안","2026-07-12","이현지","onedrive/Briefings/10_Track3_Grounded_Briefing_Draft.docx","/Track2-Sample/Briefings/10_Track3_Grounded_Briefing_Draft.docx","FabricIQ;WorkIQ;BackToSchool;원본 링크","Workshop-Participants","Draft","draft"
"OD11","OneDrive","고객등급별 리텐션 세그먼트 노트","2026-06-09","송하늘","onedrive/MeetingNotes/11_Retention_Segment_Notes_by_Customer_Tier.docx","/Track2-Sample/MeetingNotes/11_Retention_Segment_Notes_by_Customer_Tier.docx","Platinum;Gold;Silver;Bronze;VIPRetention","Workshop-Participants","Final",""
"OD12","OneDrive","비전자 카테고리 캠페인 보조 소재 노트","2026-06-11","최민석","onedrive/MeetingNotes/12_Non_Electronics_Campaign_Support_Materials_Notes.docx","/Track2-Sample/MeetingNotes/12_Non_Electronics_Campaign_Support_Materials_Notes.docx","ComfyChair Home;DailyTee Cotton;BackToSchool;번들","Workshop-Participants","Draft","draft"
"EM01","Outlook","[리더십] 5월 매출 급락 이슈 공유","2026-05-18T08:40:00+09:00","김서연","outlook/EM01_sales-drop_message.eml","Configured sample recipients","SummerPush;결제 실패;전환율","Message recipients","Original",""
"EM02","Outlook","RE: [리더십] 5월 매출 급락 이슈 공유","2026-05-18T11:05:00+09:00","정도윤","outlook/EM02_sales-drop_reply.eml","Configured sample recipients","SummerPush;RetrySuccess;PAY00019","Message recipients","Reply",""
"EM03","Outlook","결제 실패 급증 관련 결제팀 1차 회신","2026-05-19T09:20:00+09:00","정도윤","outlook/EM03_payment-incident_message.eml","Configured sample recipients","AeroPhone X;결제 실패;RetrySuccess","Message recipients","Original",""
"EM04","Outlook","VIPRetention 대상 Platinum 고객 이탈 경고","2026-05-15T10:10:00+09:00","송하늘","outlook/EM04_vip-churn_message.eml","Configured sample recipients","VIPRetention;Platinum;DailyTee Cotton","Message recipients","Original",""
"EM05","Outlook","[긴급] 핵심 상품 재고 부족 및 캠페인 노출 조정 요청","2026-05-16T09:15:00+09:00","오지훈","outlook/EM05_stockout_message.eml","Configured sample recipients","AeroPhone X;SmartWatch Pro;UltraBook 15","Message recipients","Original",""
"EM06","Outlook","RE: [긴급] 핵심 상품 재고 부족 및 캠페인 노출 조정 요청","2026-05-17T08:50:00+09:00","윤가영","outlook/EM06_stockout_reply.eml","Configured sample recipients","SH09001;SH09002;SH09003;배송 지연","Message recipients","Reply",""
"EM07","Outlook","반품 사유 월간 요약 - 채널 및 고객등급 검토","2026-05-25T16:30:00+09:00","배수민","outlook/EM07_returns_message.eml","Configured sample recipients","NotAsDescribed;LateDelivery;MobileApp;OfflineStore","Message recipients","Original",""
"EM08","Outlook","FlashWeek 프로모션 마진 검토 요청","2026-05-18T14:40:00+09:00","서지민","outlook/EM08_flashweek-margin_message.eml","Configured sample recipients","FlashWeek;Percent;PR00050","Message recipients","Original",""
"EM09","Outlook","[데이터 품질] Track1 차단 이슈 및 Track2 인용 주의","2026-05-27T09:00:00+09:00","임채원","outlook/EM09_data-quality_message.eml","Configured sample recipients","PAY90001;T90001;SH00001;O00007","Message recipients","Original",""
"EM10","Outlook","BackToSchool 캠페인 조건부 승인 요청","2026-07-10T15:20:00+09:00","최민석","outlook/EM10_backtoschool_message.eml","Configured sample recipients","BackToSchool;OnlineMall;Go/No-Go","Message recipients","Original",""
"EM11","Outlook","UltraBook 15 공급 일정 및 고객 공지 기준","2026-05-16T13:45:00+09:00","오지훈","outlook/EM11_ultrabook-vendor_message.eml","Configured sample recipients","UltraBook 15;S09003;O09003","Message recipients","Original",""
"EM12","Outlook","RE: BackToSchool 캠페인 조건부 승인 요청","2026-07-11T09:30:00+09:00","김서연","outlook/EM12_backtoschool_reply.eml","Configured sample recipients","BackToSchool;AeroPhone X;SmartWatch Pro;UltraBook 15","Message recipients","Reply",""
"EM13","Outlook","채널·고객등급별 반품 심층 분석 공유","2026-06-02T10:15:00+09:00","한유진","outlook/EM13_returns-review_message.eml","Configured sample recipients","ChangedMind;Damaged;SizeIssue;Gold;Silver;Bronze","Message recipients","Original",""
"EM14","Outlook","RE: 채널·고객등급별 반품 심층 분석 공유","2026-06-02T13:40:00+09:00","송하늘","outlook/EM14_returns-review_reply.eml","Configured sample recipients","Silver;Platinum;VIPRetention;NotAsDescribed","Message recipients","Reply",""
"EM15","Outlook","비전자 카테고리 보조 소재 및 재고 확인 요청","2026-06-05T09:10:00+09:00","최민석","outlook/EM15_nonelectronics-plan_message.eml","Configured sample recipients","ComfyChair Home;DailyTee Cotton;BackToSchool;번들","Message recipients","Original",""
"TM01","Teams","AeroPhone X 배송 지연 클레임","2026-05-20T09:05:00+09:00","배수민","teams/threads.json","cs-tier2","AeroPhone X;O09001;SH09001;T09001","Team channel: cs-tier2","3 messages",""
"TM02","Teams","SmartWatch Pro 재고 문의 폭증","2026-05-16T11:10:00+09:00","배수민","teams/threads.json","cs-tier2","SmartWatch Pro;O09002;SH09002;T09002","Team channel: cs-tier2","3 messages",""
"TM03","Teams","UltraBook 15 배송 추적 갱신","2026-05-17T08:35:00+09:00","윤가영","teams/threads.json","logistics","UltraBook 15;O09003;SH09003;T09003","Team channel: logistics","3 messages",""
"TM04","Teams","핵심 상품 품절 임박 공동 대응","2026-05-16T09:00:00+09:00","오지훈","teams/threads.json","inventory","AeroPhone X;SmartWatch Pro;UltraBook 15","Team channel: inventory","3 messages",""
"TM05","Teams","결제 실패와 RetrySuccess 지표 분리","2026-05-19T10:00:00+09:00","정도윤","teams/threads.json","payments","RetrySuccess;Failed;PAY00019","Team channel: payments","3 messages",""
"TM06","Teams","SummerPush 중간 성과 해석","2026-05-20T15:00:00+09:00","한유진","teams/threads.json","campaign-ops","SummerPush;전환율;결제 실패","Team channel: campaign-ops","3 messages",""
"TM07","Teams","BackToSchool Go/No-Go 준비","2026-07-10T13:00:00+09:00","최민석","teams/threads.json","campaign-ops","BackToSchool;OnlineMall;Go/No-Go","Team channel: campaign-ops","4 messages",""
"TM08","Teams","FlashWeek Percent 할인 마진 검토","2026-05-18T14:00:00+09:00","서지민","teams/threads.json","campaign-ops","FlashWeek;Percent;Bundle;PR00050","Team channel: campaign-ops","3 messages",""
"TM09","Teams","NotAsDescribed 반품 클러스터","2026-05-24T10:20:00+09:00","배수민","teams/threads.json","cs-tier2","NotAsDescribed;DailyTee Cotton;Platinum","Team channel: cs-tier2","3 messages",""
"TM10","Teams","Track1 FK/PK 차단 이슈","2026-05-27T09:10:00+09:00","임채원","teams/threads.json","data-quality","PAY90001;T90001;SH00001","Team channel: data-quality","3 messages",""
"TM11","Teams","금액 정합성 불일치 조사","2026-05-27T11:00:00+09:00","임채원","teams/threads.json","data-quality","O00007;O00600;gross_amount","Team channel: data-quality","3 messages",""
"TM12","Teams","비표준 상태 코드 정렬","2026-05-28T10:00:00+09:00","임채원","teams/threads.json","data-quality","Completed;Cancelled;RetrySuccess;InTransit","Team channel: data-quality","3 messages",""
"TM13","Teams","리더십 브리핑 근거 점검","2026-07-11T15:00:00+09:00","이현지","teams/threads.json","leadership-briefing","FabricIQ;WorkIQ;원본 링크","Team channel: leadership-briefing","3 messages",""
"TM14","Teams","BackToSchool 조건부 Go 후속","2026-07-11T09:40:00+09:00","김서연","teams/threads.json","leadership-briefing","BackToSchool;AeroPhone X;조건부 Go","Team channel: leadership-briefing","3 messages",""
"TM15","Teams","의도된 표기 불일치 점검","2026-05-20T16:00:00+09:00","배수민","teams/threads.json","cs-tier2","Aero Phone X;AeroPhone X;표기 정규화","Team channel: cs-tier2","3 messages","intentional-alias"
"TM16","Teams","고객등급별 반품 패턴 공유","2026-06-02T10:30:00+09:00","배수민","teams/threads.json","cs-tier2","Silver;Gold;Bronze;SizeIssue;NotAsDescribed","Team channel: cs-tier2","3 messages",""
"TM17","Teams","비전자 카테고리 재고 및 보조 소재","2026-06-05T09:30:00+09:00","최민석","teams/threads.json","inventory","ComfyChair Home;DailyTee Cotton;BackToSchool","Team channel: inventory","3 messages",""
"TM18","Teams","주문 취소율과 배송 지연 상관 점검","2026-05-24T14:00:00+09:00","한유진","teams/threads.json","campaign-ops","O00013;LateDelivery;취소;배송 지연","Team channel: campaign-ops","3 messages",""
